city_id,ucdb_id,minted_from
wsm-apia,1,ucdb-name
ton-nuku_alofa,2,ucdb-name
usa-ewa_beach,3,ucdb-name
pyf-papeete,4,ucdb-name
mex-rosarito,5,ucdb-name
can-victoria,6,ucdb-name
gtm-malacatan,7,ucdb-name
slv-ahuachapan,8,ucdb-name
hnd-santa_rosa,9,ucdb-name
nic-chinandega,10,ucdb-name
blz-belize_city,11,ucdb-name
cri-liberia,12,ucdb-name
pan-david,13,ucdb-name
per-talara,14,ucdb-name
ecu-salinas_santa_elena,15,ucdb-name
col-san_andres,16,ucdb-name
cub-pinar_del_rio,17,ucdb-name
jam-montego_bay,18,ucdb-name
bhs-nassau,19,ucdb-name
bra-cruzeiro_do_sul,20,ucdb-name
ven-urena,21,ucdb-name
hti-jeremie,22,ucdb-name
abw-oranjestad,23,ucdb-name
dom-santa_cruz_de_barahona,24,ucdb-name
chl-arica,25,ucdb-name
cuw-willemstad,26,ucdb-name
bol-cobija,27,ucdb-name
pri-ponce,28,ucdb-name
arg-san_juan,29,ucdb-name
tto-port_of_spain,30,ucdb-name
mtq-fort_de_france,31,ucdb-name
brb-bridgetown,32,ucdb-name
guy-georgetown,33,ucdb-name
sur-paramaribo,34,ucdb-name
pry-concepcion,35,ucdb-name
ury-salto,36,ucdb-name
guf-cayenne,37,ucdb-name
cpv-mindelo,38,ucdb-name
sen-dakar,39,k15-roster
gmb-serrekunda,40,ucdb-name
mrt-nouadhibou,41,ucdb-name
esp-los_cristianos,42,ucdb-name
gnb-bissau,43,ucdb-name
prt-funchal,44,ucdb-name
esh-dakhla,45,ucdb-name
gin-kamsar,46,ucdb-name
sle-freetown,47,ucdb-name
isl-reykjavik,48,k15-roster
mli-kayes,49,ucdb-name
lbr-monrovia,50,ucdb-name
civ-danane,52,ucdb-name
irl-galway,53,ucdb-name
gbr-derry_londonderry,54,ucdb-name
bfa-niangoloko,55,ucdb-name
fra-brest,56,ucdb-name
gha-dormaa_ahenkro,57,ucdb-name
dza-bechar,58,ucdb-name
jey-st_helier,59,ucdb-name
tgo-cinkasse,60,ucdb-name
ner-tera,61,ucdb-name
ben-tanguieta,62,ucdb-name
bel-ostend,63,ucdb-name
nga-idi_iroko,64,ucdb-name
nld-maasvlakte,65,ucdb-name
nor-bergen,66,ucdb-name
deu-aachen,67,ucdb-name
lux-luxembourg,68,k15-roster
che-geneva,69,k15-roster
ita-turin,70,k15-roster
stp-sao_tome,71,ucdb-name
dnk-aalborg,72,ucdb-name
aut-bregenz,73,ucdb-name
tun-al_kaf,74,ucdb-name
swe-goteborg,75,k15-roster
gnq-malabo,76,ucdb-name
gab-port_gentil,77,ucdb-name
cmr-limbe,78,ucdb-name
cze-pilsen,79,ucdb-name
pol-szczecin,80,ucdb-name
lby-al_zawiyah,81,ucdb-name
svn-ljubljana,82,k15-roster
hrv-rijeka,83,ucdb-name
ago-tombua,84,ucdb-name
cog-pointe_noire,85,ucdb-name
cod-moanda,86,ucdb-name
mlt-valletta,87,ucdb-name
hun-sopron,88,ucdb-name
svk-bratislava,89,k15-roster
nam-walvis_bay,90,ucdb-name
bih-banja_luka,91,ucdb-name
tcd-lere,92,ucdb-name
fin-turku,93,ucdb-name
rus-kaliningrad,94,ucdb-name
ltu-klaipeda,95,k15-roster
caf-bouar,96,ucdb-name
srb-subotica,97,ucdb-name
mne-niksic,98,ucdb-name
est-tallinn,99,k15-roster
zaf-tierkloof,100,ucdb-name
alb-shkoder,101,ucdb-name
lva-riga,102,k15-roster
xkx-peje,103,ucdb-name
rou-arad,104,ucdb-name
blr-hrodna,105,ucdb-name
ukr-uzhhorod,106,ucdb-name
mkd-gostivar,107,ucdb-name
grc-ioannina,108,ucdb-name
bgr-sofia,109,k15-roster
mda-balti,110,ucdb-name
sdn-el_geneina,111,ucdb-name
tur-edirne,112,ucdb-name
zmb-mongu,113,ucdb-name
bwa-kanye,114,ucdb-name
egy-marsa_matruh,115,ucdb-name
lso-maseru,116,ucdb-name
zwe-bulawayo,117,ucdb-name
ssd-wau,118,ucdb-name
cyp-pafos,119,ucdb-name
bdi-cibitoke,120,ucdb-name
rwa-rubavu,121,ucdb-name
swz-manzini,122,ucdb-name
cyp-nicosia,123,ucdb-name
tza-kigoma,124,ucdb-name
uga-bwera,125,ucdb-name
moz-matola_rio,126,ucdb-name
pse-khan_yunis,127,ucdb-name
isr-ashkelon,128,ucdb-name
syr-latakia,129,ucdb-name
lbn-tyre,130,ucdb-name
jor-aqaba,131,ucdb-name
mwi-kasungu,133,ucdb-name
sau-tabuk,134,ucdb-name
ken-busia,135,ucdb-name
geo-batumi,136,ucdb-name
eri-teseney,137,ucdb-name
irq-al_qa_im,138,ucdb-name
arm-gyumri,139,ucdb-name
irn-showt,140,ucdb-name
kaz-oral,141,ucdb-name
aze-nakhchivan,142,ucdb-name
rus-derbent,143,ucdb-name
som-dhobley,144,ucdb-name
mdg-toliara,145,ucdb-name
yem-harad,146,ucdb-name
dji-ali_sabieh,147,ucdb-name
com-moroni,148,ucdb-name
kwt-al_jahra,149,ucdb-name
myt-mamoudzou,150,ucdb-name
tkm-turkmenbashy,151,ucdb-name
bhr-manama,152,ucdb-name
qat-doha,153,ucdb-name
uzb-kungrad,154,ucdb-name
are-al_ruways_industrial_city,155,ucdb-name
omn-salalah,156,ucdb-name
reu-le_port,157,ucdb-name
afg-islam_qala,158,ucdb-name
mus-port_louis,159,ucdb-name
tjk-nijoni,160,ucdb-name
pak-gwadar,161,ucdb-name
kgz-kara_balta,162,ucdb-name
chn-kashgar,163,ucdb-name
ind-kralpora,164,ucdb-name
mdv-male,165,ucdb-name
npl-babathan,166,ucdb-name
lka-jaffna,167,ucdb-name
mng-erdenet,168,ucdb-name
bgd-thakurgaon,169,ucdb-name
btn-phuntsholing,170,ucdb-name
mmr-kyauktaw,171,ucdb-name
idn-banda_aceh,172,ucdb-name
tha-chiang_mai,173,ucdb-name
lao-luang_prabang,174,ucdb-name
vnm-ien_bien_phu,175,ucdb-name
mys-george_town,176,ucdb-name
khm-sampov_lun,177,ucdb-name
sgp-singapore,178,k15-roster
aus-mandurah,179,ucdb-name
prk-sinuiju,180,ucdb-name
kor-daegot,181,ucdb-name
twn-dazhuang,182,ucdb-name
brn-bandar_seri_begawan,183,ucdb-name
jpn-otaru,184,ucdb-name
phl-laoag,185,ucdb-name
tls-dili,186,ucdb-name
nzl-dunedin,187,ucdb-name
slb-honiara,189,ucdb-name
ncl-noumea,190,ucdb-name
vut-port_vila,191,ucdb-name
fji-lautoka,192,ucdb-name
usa-honolulu,193,ucdb-name
mex-fracc_villas_del_real_2da_seccion,194,ucdb-name
can-nanaimo,195,ucdb-name
gtm-coatepeque,196,ucdb-name
slv-sonsonate,197,ucdb-name
hnd-cofradia,198,ucdb-name
nic-leon,199,ucdb-name
cri-barranca,200,ucdb-name
per-paita,201,ucdb-name
ecu-manta,202,ucdb-name
pan-colon,203,ucdb-name
col-tumaco,204,ucdb-name
cub-artemisa,205,ucdb-name
jam-mandeville,206,ucdb-name
ven-san_antonio_del_tachira,207,ucdb-name
hti-les_cayes,208,ucdb-name
dom-san_juan_de_la_maguana,209,ucdb-name
chl-iquique,210,ucdb-name
bra-rio_branco,211,ucdb-name
bol-la_paz,212,ucdb-name
pri-bayamon_san_juan,213,ucdb-name
arg-mendoza,214,ucdb-name
tto-san_fernando,215,ucdb-name
guy-paradise,216,ucdb-name
pry-asuncion,217,ucdb-name
ury-paysandu,218,ucdb-name
cpv-joao_teves,219,ucdb-name
sen-m_bour,220,ucdb-name
gmb-brikama,221,ucdb-name
mrt-nouakchott,222,ucdb-name
esp-la_orotava,223,ucdb-name
gnb-bafata,224,ucdb-name
gin-boke,225,ucdb-name
esh-boujdour,226,ucdb-name
sle-mahera,227,ucdb-name
lbr-kakata,228,ucdb-name
mli-kita,229,ucdb-name
mar-guelmim,230,ucdb-name
prt-lisbon,231,k15-roster
civ-man,232,ucdb-name
irl-cork,233,ucdb-name
bfa-banfora,234,ucdb-name
gbr-belfast,235,ucdb-name
fra-lorient,236,ucdb-name
gha-kato,237,ucdb-name
dza-maghnia,238,ucdb-name
tgo-dapaong,239,ucdb-name
ben-natitingou,240,ucdb-name
ner-tillaberi,241,ucdb-name
bel-roeselare,242,ucdb-name
nga-meko,243,ucdb-name
nld-rotterdam,244,k15-roster
nor-lagunen,245,ucdb-name
deu-monchengladbach,246,ucdb-name
che-lausanne,247,ucdb-name
ita-savona,248,ucdb-name
dnk-aarhus,249,ucdb-name
tun-jendouba,250,ucdb-name
swe-boras,251,ucdb-name
aut-innsbruck,252,ucdb-name
cmr-buea,253,ucdb-name
gnq-bata,255,ucdb-name
cze-usti_nad_labem,256,ucdb-name
pol-stargard,257,ucdb-name
lby-tripoli,258,ucdb-name
ago-mocamedes,259,ucdb-name
svn-maribor,260,ucdb-name
hrv-zadar,261,ucdb-name
cod-tshela,262,ucdb-name
hun-szombathely,263,ucdb-name
cog-sibiti,264,ucdb-name
svk-trnava,265,ucdb-name
nam-swakopmund,266,ucdb-name
bih-zenica,267,ucdb-name
tcd-pala,268,ucdb-name
fin-oulu,269,ucdb-name
caf-carnot,270,ucdb-name
srb-novi_sad,271,k15-roster
mne-podgorica,272,k15-roster
alb-durres,273,ucdb-name
zaf-masiphumelele,274,ucdb-name
ltu-kaunas,275,ucdb-name
rou-timisoara,276,ucdb-name
xkx-gjakova,277,ucdb-name
rus-murmansk,278,ucdb-name
mkd-tetovo,279,ucdb-name
blr-brest,280,ucdb-name
ukr-mukachevo,281,ucdb-name
est-tartu,282,k15-roster
lva-daugavpils,283,ucdb-name
grc-patras,284,ucdb-name
bgr-plovdiv,285,ucdb-name
sdn-khorbranga,286,ucdb-name
tur-canakkale,287,ucdb-name
mda-rybnitsa,288,ucdb-name
bwa-molepolole,289,ucdb-name
zmb-mwinilunga,290,ucdb-name
egy-alexandria,291,ucdb-name
ssd-yambio,292,ucdb-name
zwe-mkoba,293,ucdb-name
cyp-limassol,294,ucdb-name
bdi-bujumbura,295,ucdb-name
rwa-musanze,296,ucdb-name
tza-kasulu,297,ucdb-name
uga-kasese,298,ucdb-name
moz-maputo,299,ucdb-name
pse-deir_el_balah,300,ucdb-name
isr-ashdod,301,ucdb-name
lbn-sidon,302,ucdb-name
syr-jablah,303,ucdb-name
jor-der_abi_saeed,304,ucdb-name
mwi-likuni,305,ucdb-name
sau-al_qurayyat,306,ucdb-name
eth-asosa,307,ucdb-name
ken-migori,308,ucdb-name
geo-kutaisi,309,ucdb-name
irq-al_baaj,310,ucdb-name
eri-barentu,311,ucdb-name
arm-yerevan,312,ucdb-name
aze-zagatala,314,ucdb-name
kaz-atyrau,315,ucdb-name
mdg-uc316,316,ucdb-id
yem-az_zuhrah,317,ucdb-name
dji-tadjoura,319,ucdb-name
com-fomboni,320,ucdb-name
kwt-saad_al_abdulla,321,ucdb-name
tkm-balkanabat,322,ucdb-name
qat-ras_laffan,323,ucdb-name
uzb-khujayli,324,ucdb-name
are-abu_dhabi,325,ucdb-name
omn-dahariz_park,326,ucdb-name
reu-le_tampon,327,ucdb-name
afg-ghurian,328,ucdb-name
tjk-uc329,329,ucdb-id
pak-turbat,330,ucdb-name
kgz-suzak,331,ucdb-name
chn-artush,332,ucdb-name
ind-dwarka,333,ucdb-name
npl-laksmipur,334,ucdb-name
lka-puttalam,335,ucdb-name
bgd-panchagarh,336,ucdb-name
mng-ulaanbaatar,337,ucdb-name
mmr-kalay,338,ucdb-name
idn-sigli,339,ucdb-name
tha-lamphun,340,ucdb-name
vnm-lao_cai,341,ucdb-name
lao-vientiane,342,ucdb-name
mys-alor_setar,343,ucdb-name
khm-khum_pech_chenda,344,ucdb-name
sgp-sembawang,345,ucdb-name
aus-rockingham,346,ucdb-name
prk-uc347,347,ucdb-id
kor-seoul,348,ucdb-name
twn-zhanghua_city,349,ucdb-name
brn-lambak,350,ucdb-name
jpn-sapporo,351,ucdb-name
phl-vigan,352,ucdb-name
nzl-christchurch,353,ucdb-name
png-tari,354,ucdb-name
fji-suva,355,ucdb-name
usa-mililani,356,ucdb-name
mex-ensenada,357,ucdb-name
can-vancouver,358,ucdb-name
gtm-san_pedro_sacatepequez_san_marcos,359,ucdb-name
slv-chalchuapa,360,ucdb-name
hnd-siguatepeque,361,ucdb-name
nic-managua,362,ucdb-name
cri-san_jose,363,ucdb-name
per-sullana,364,ucdb-name
ecu-portoviejo,365,ucdb-name
pan-la_chorrera,366,ucdb-name
cub-havana,367,ucdb-name
col-ipiales,368,ucdb-name
jam-may_pen,369,ucdb-name
ven-rubio,370,ucdb-name
hti-petit_goave,371,ucdb-name
dom-mao,372,ucdb-name
chl-antofagasta,373,ucdb-name
bol-riberalta,374,ucdb-name
bra-tefe,375,ucdb-name
pri-caguas,376,ucdb-name
arg-san_salvador_de_jujuy,377,ucdb-name
tto-chaguanas,378,ucdb-name
pry-pedro_juan_caballero,379,ucdb-name
ury-tacuarembo,380,ucdb-name
sen-thies,381,ucdb-name
esp-santa_cruz_de_tenerife,382,ucdb-name
gnb-gabu,383,ucdb-name
gmb-basse_santa_su,384,ucdb-name
gin-sangaredi,385,ucdb-name
mrt-kaedi,386,ucdb-name
sle-kambia,387,ucdb-name
lbr-harbel_city,389,ucdb-name
mar-tiznit,390,ucdb-name
mli-bamako,391,ucdb-name
prt-almada,392,ucdb-name
civ-guiglo,393,ucdb-name
irl-dublin,394,k15-roster
bfa-bobo_dioulasso,395,ucdb-name
gbr-bangor,396,ucdb-name
gha-wa,397,ucdb-name
fra-saint_brieuc,398,ucdb-name
dza-remchi,399,ucdb-name
tgo-mango,400,ucdb-name
ben-djougou,401,ucdb-name
ner-torodi,402,ucdb-name
bel-bruges,403,ucdb-name
nga-oja_odan,404,ucdb-name
nld-bergen_op_zoom,405,ucdb-name
nor-stavanger,406,ucdb-name
deu-krefeld,407,ucdb-name
che-neuchatel,408,ucdb-name
ita-novara,409,ucdb-name
dnk-odense,410,ucdb-name
tun-kasserine,411,ucdb-name
swe-helsingborg,412,ucdb-name
cmr-mamfe,413,ucdb-name
gab-libreville,414,ucdb-name
aut-salzburg,415,ucdb-name
cze-kladno,416,ucdb-name
pol-gorzow_wielkopolski,417,ucdb-name
ago-cacongo,418,ucdb-name
hrv-zagreb,419,k15-roster
lby-qabilat_alturki,420,ucdb-name
cod-nsioni,421,ucdb-name
hun-gyor,422,k15-roster
svk-nitra,423,ucdb-name
tcd-n_djamena,424,ucdb-name
fin-tampere,425,ucdb-name
bih-sarajevo,426,k15-roster
cog-brazzaville,427,ucdb-name
caf-nola,428,ucdb-name
nam-windhoek,429,ucdb-name
srb-zrenjanin,430,ucdb-name
zaf-cape_town,431,k15-roster
alb-vlora,432,ucdb-name
ltu-panevezys,433,ucdb-name
xkx-mitrovica,434,ucdb-name
rou-oradea,435,ucdb-name
mkd-skopje,436,k15-roster
ukr-drohobych,437,ucdb-name
blr-baranavichy,438,ucdb-name
grc-larissa,439,ucdb-name
rus-pskov,440,ucdb-name
bgr-ruse,441,ucdb-name
mda-chisinau,442,ucdb-name
tur-krklareli,443,ucdb-name
sdn-garsila,444,ucdb-name
bwa-lobatse,445,ucdb-name
zmb-livingstone,446,ucdb-name
egy-al_wadi,447,ucdb-name
zwe-gweru,448,ucdb-name
bdi-bubanza,449,ucdb-name
cyp-strovolos_nicosia,450,ucdb-name
ssd-rumbek,451,ucdb-name
rwa-muhanga,452,ucdb-name
uga-fort_portal,453,ucdb-name
tza-mumigunga,454,ucdb-name
moz-chokwe,455,ucdb-name
pse-gaza,456,ucdb-name
isr-tel_aviv,457,ucdb-name
lbn-beirut,458,ucdb-name
syr-baniyas,459,ucdb-name
jor-ajloun,460,ucdb-name
mwi-lilongwe,461,ucdb-name
eth-gambela,462,ucdb-name
ken-bungoma,463,ucdb-name
sau-yanbu,464,ucdb-name
irq-sinjar,465,ucdb-name
geo-tbilisi,467,ucdb-name
irn-qaraziadin,468,ucdb-name
aze-ganja,469,ucdb-name
mdg-andatabo,470,ucdb-name
kaz-aktau,471,ucdb-name
yem-hodeidah,472,ucdb-name
som-bardera,473,ucdb-name
dji-djibouti,474,ucdb-name
kwt-kuwait_city,475,ucdb-name
tkm-gyzylarbat,476,ucdb-name
qat-al_khor,477,ucdb-name
uzb-chimbay,478,ucdb-name
are-icad_i,479,ucdb-name
omn-al_buraimi,480,ucdb-name
reu-saint_denis,481,ucdb-name
afg-qarabag,482,ucdb-name
tjk-ghonchi,483,ucdb-name
pak-qila_khudabadan,484,ucdb-name
kgz-jalal_abad,485,ucdb-name
chn-yengisar,486,ucdb-name
ind-mithapur,487,ucdb-name
npl-banjariya,488,ucdb-name
lka-wennappuwa,489,ucdb-name
bgd-pirganj,490,ucdb-name
mmr-sittwe,491,ucdb-name
idn-meulaboh,492,ucdb-name
tha-chiang_rai,493,ucdb-name
vnm-son_la,494,ucdb-name
mys-bukit_mertajam,495,ucdb-name
khm-poipet,496,ucdb-name
lao-pakse,497,ucdb-name
aus-perth,498,ucdb-name
prk-ryongampho_rodongjagu,499,ucdb-name
kor-paju,500,ucdb-name
twn-hsinchu,501,ucdb-name
jpn-karatsu,502,ucdb-name
phl-san_fernando,503,ucdb-name
png-mendi,504,ucdb-name
nzl-wellington,505,ucdb-name
usa-kahului,506,ucdb-name
mex-tijuana,507,ucdb-name
can-white_rock,508,ucdb-name
gtm-retalhuleu,509,ucdb-name
slv-santa_ana,510,ucdb-name
hnd-san_pedro_sula,511,ucdb-name
nic-esteli,512,ucdb-name
cri-cartago,513,ucdb-name
per-piura,514,ucdb-name
ecu-huaquillas,515,ucdb-name
pan-arraijan,516,ucdb-name
cub-las_guasimas,517,ucdb-name
col-pasto,518,ucdb-name
jam-old_harbour,519,ucdb-name
ven-machiques,520,ucdb-name
hti-grand_goave,521,ucdb-name
dom-azua,522,ucdb-name
chl-calama,523,ucdb-name
bol-oruro,524,ucdb-name
bra-porto_velho,525,ucdb-name
arg-salta,526,ucdb-name
pry-coronel_oviedo,527,ucdb-name
ury-rivera,528,ucdb-name
sen-darou_khoudoss,529,ucdb-name
esp-cuarteria_el_uno,530,ucdb-name
gin-tanene,531,ucdb-name
sle-port_loko,532,ucdb-name
mrt-zouerat,533,ucdb-name
lbr-foya_city,535,ucdb-name
mar-essaouira,536,ucdb-name
mli-kati,537,ucdb-name
prt-amora,538,ucdb-name
civ-duekoue,539,ucdb-name
irl-blanchardstown,540,ucdb-name
bfa-hounde,541,ucdb-name
gbr-plymouth,542,ucdb-name
gha-sunyani,543,ucdb-name
fra-saint_nazaire,544,ucdb-name
dza-tlemcen,545,ucdb-name
tgo-kpalime,546,ucdb-name
ben-aplahoue,547,ucdb-name
ner-niamey,548,ucdb-name
bel-kortrijk,549,ucdb-name
nga-ajara,550,ucdb-name
nld-leiden,551,ucdb-name
deu-bocholt,552,ucdb-name
che-montreux,553,ucdb-name
nor-trondheim,554,ucdb-name
ita-alessandria,555,ucdb-name
tun-gafsa,556,ucdb-name
dnk-greve_strand,557,ucdb-name
swe-malmo,558,ucdb-name
cmr-tiko,559,ucdb-name
cze-prague,560,k15-roster
aut-wels,561,ucdb-name
pol-zielona_gora,562,ucdb-name
gab-oyem,563,ucdb-name
ago-cabinda,564,ucdb-name
cod-lukula,565,ucdb-name
lby-zliten,566,ucdb-name
hrv-split,567,k15-roster
svk-zilina,568,ucdb-name
hun-szekesfehervar,569,ucdb-name
tcd-fianga,570,ucdb-name
bih-tuzla,571,ucdb-name
fin-helsinki,572,k15-roster
srb-belgrado,573,k15-roster
alb-fier,574,ucdb-name
zaf-blouberg_rise,575,ucdb-name
xkx-prizren,576,ucdb-name
rou-satu_mare,577,ucdb-name
ltu-vilnius,578,k15-roster
mkd-drachevo,579,ucdb-name
cog-dongou,580,ucdb-name
ukr-novovolynsk,581,ucdb-name
caf-bangui,582,ucdb-name
nam-rundu,583,ucdb-name
blr-haleva,584,ucdb-name
grc-thessaloniki,585,k15-roster
rus-saint_petersburg,586,ucdb-name
bgr-stara_zagora,587,ucdb-name
tur-akcay,588,ucdb-name
sdn-saraf_umrah,589,ucdb-name
mda-bender,590,ucdb-name
bwa-gaborone,591,ucdb-name
zmb-solwezi,592,ucdb-name
egy-idku,593,ucdb-name
zwe-kwekwe,594,ucdb-name
bdi-rumonge,595,ucdb-name
cyp-larnaca,596,ucdb-name
rwa-kigali,597,ucdb-name
ssd-yei,598,ucdb-name
uga-mbarara,599,ucdb-name
tza-mpanda,600,ucdb-name
isr-haifa,601,ucdb-name
pse-tulkarm,602,ucdb-name
moz-chibuto,603,ucdb-name
lbn-nabatieh,604,ucdb-name
syr-tartus,605,ucdb-name
jor-irbid,606,ucdb-name
mwi-mzuzu,607,ucdb-name
eth-dambidollo,608,ucdb-name
ken-vihiga,609,ucdb-name
sau-sakaka,610,ucdb-name
irq-zakho,611,ucdb-name
eri-keren,612,ucdb-name
irn-salmas,613,ucdb-name
aze-sheki,614,ucdb-name
kaz-qzltobe,615,ucdb-name
som-saakow,617,ucdb-name
mdg-morondava,618,ucdb-name
qat-al_wakrah,619,ucdb-name
tkm-konye_urgench,620,ucdb-name
uzb-nukus,621,ucdb-name
are-khalifa_city,622,ucdb-name
reu-saint_andre,623,ucdb-name
omn-sohar,624,ucdb-name
tjk-shahrinav,626,ucdb-name
pak-panjgur,627,ucdb-name
kgz-osh,628,ucdb-name
chn-tacheng,629,ucdb-name
ind-mandvi,630,ucdb-name
npl-tikapur,631,ucdb-name
lka-colombo_sri_jayawardenepura_kotte,632,ucdb-name
bgd-bholarhat,633,ucdb-name
mmr-mrauk_u,634,ucdb-name
tha-lampang,635,ucdb-name
idn-bireuen,636,ucdb-name
mys-sungai_petani,637,ucdb-name
vnm-phu_yen,638,ucdb-name
khm-phsar_prom,639,ucdb-name
aus-butler,640,ucdb-name
prk-ryongchon,641,ucdb-name
kor-gimpo,642,ucdb-name
twn-toufen,643,ucdb-name
jpn-sasebo,644,ucdb-name
phl-dagupan_lingayen,645,ucdb-name
png-wabag,646,ucdb-name
nzl-lower_hutt,647,ucdb-name
usa-santa_maria,648,ucdb-name
mex-san_luis,649,ucdb-name
can-langley_city,650,ucdb-name
gtm-quetzaltenango,651,ucdb-name
slv-ciudad_arce,652,ucdb-name
hnd-villanueva,653,ucdb-name
nic-masaya,654,ucdb-name
cri-limon,655,ucdb-name
per-tumbes,656,ucdb-name
ecu-chone,657,ucdb-name
pan-panama_city,658,ucdb-name
cub-managua,659,ucdb-name
col-buenaventura,660,ucdb-name
jam-portmore,661,ucdb-name
ven-san_cristobal,662,ucdb-name
hti-anse_a_galets,663,ucdb-name
dom-esperanza,664,ucdb-name
chl-copiapo,665,ucdb-name
bol-cochabamba,666,ucdb-name
bra-coari,667,ucdb-name
arg-palpala,668,ucdb-name
pry-villarrica,669,ucdb-name
ury-las_piedras,670,ucdb-name
sen-tivaouane,671,ucdb-name
esp-las_palmas_de_gran_canaria,672,ucdb-name
gin-coyah,673,ucdb-name
sle-mile_91,674,ucdb-name
mrt-kiffa,675,ucdb-name
lbr-buchanan,676,ucdb-name
mar-aourir,677,ucdb-name
mli-senou,678,ucdb-name
prt-barreiro,679,ucdb-name
civ-buyo,680,ucdb-name
irl-swords,681,ucdb-name
bfa-dedougou,682,ucdb-name
gbr-glasgow,683,k15-roster
gha-wenchi,684,ucdb-name
fra-rennes,685,ucdb-name
dza-ain_temouchent,686,ucdb-name
tgo-blitta_gare,687,ucdb-name
ben-lokossa,688,ucdb-name
bel-ghent,689,k15-roster
nga-owode,690,ucdb-name
ner-dosso,691,ucdb-name
nld-roosendaal,692,ucdb-name
deu-essen,693,ucdb-name
che-freiburg_im_uechtland,694,ucdb-name
nor-drammen,695,ucdb-name
ita-gallarate,696,ucdb-name
tun-beja,697,ucdb-name
dnk-copenhagen,698,k15-roster
swe-lund,699,ucdb-name
cmr-kumba,700,ucdb-name
aut-linz,701,ucdb-name
cze-ceske_budejovice,702,ucdb-name
pol-koszalin,703,ucdb-name
ago-soyo,704,ucdb-name
cod-lemba_village,705,ucdb-name
gab-moanda,706,ucdb-name
lby-sabha,707,ucdb-name
hun-pecs,708,k15-roster
svk-banska_bystrica,709,ucdb-name
hrv-osijek,710,ucdb-name
tcd-mao,711,ucdb-name
bih-brcko,712,ucdb-name
fin-jyvaskyla,713,ucdb-name
alb-tirana,714,k15-roster
srb-borca,715,ucdb-name
zaf-atlantis,716,ucdb-name
xkx-pristina,717,ucdb-name
mkd-bitola,718,ucdb-name
cog-impfondo,719,ucdb-name
ukr-lviv,720,ucdb-name
rou-drobeta_turnu_severin,721,ucdb-name
caf-badokwa,722,ucdb-name
grc-volos,723,ucdb-name
blr-minsk,724,ucdb-name
rus-pushkin,725,ucdb-name
bgr-burgas,726,ucdb-name
tur-luleburgaz,727,ucdb-name
mda-tiraspol,729,ucdb-name
bwa-mahalapye,730,ucdb-name
zmb-choma,731,ucdb-name
egy-abu_huminus,732,ucdb-name
zwe-zvishavane,733,ucdb-name
bdi-kayanza,734,ucdb-name
rwa-kayonza,735,ucdb-name
uga-arua,736,ucdb-name
ssd-malakal,737,ucdb-name
isr-yavne,738,ucdb-name
tza-sumbawanga,739,ucdb-name
pse-taibe,740,ucdb-name
moz-xai_xai,741,ucdb-name
lbn-aamchit_byblos,742,ucdb-name
syr-idlib,743,ucdb-name
jor-al_salt,744,ucdb-name
mwi-salima,745,ucdb-name
ken-kisii,746,ucdb-name
eth-mendi,747,ucdb-name
irq-tal_afar,748,ucdb-name
sau-medina,749,k15-roster
eri-asmara,750,ucdb-name
irn-khoy,751,ucdb-name
aze-mingachevir,752,ucdb-name
yem-abs,753,ucdb-name
som-luuq,754,ucdb-name
kaz-aktobe,755,ucdb-name
mdg-ambovombe,756,ucdb-name
tkm-andalyp,757,ucdb-name
uzb-gurlan,758,ucdb-name
are-bani_yas,759,ucdb-name
omn-ibri,760,ucdb-name
afg-herat,761,ucdb-name
tjk-proletar,762,ucdb-name
pak-kharan,763,ucdb-name
kgz-bishkek,764,ucdb-name
ind-jaisalmer,765,ucdb-name
chn-uc766,766,ucdb-id
npl-nepalgunj,767,ucdb-name
lka-bandaragama,768,ucdb-name
bgd-chapainawabganj,769,ucdb-name
mmr-minbya,770,ucdb-name
idn-takengon,771,ucdb-name
tha-kamphaeng_phet,772,ucdb-name
mys-simpang_ampat,773,ucdb-name
vnm-yen_bai,774,ucdb-name
khm-pailin,775,ucdb-name
prk-sakju,776,ucdb-name
kor-dongducheon,777,ucdb-name
twn-miaoli,778,ucdb-name
jpn-asahikawa,779,ucdb-name
phl-agoo,780,ucdb-name
aus-hobart,781,ucdb-name
png-mount_hagen,782,ucdb-name
nzl-palmerston_north,783,ucdb-name
usa-santa_barbara,784,ucdb-name
mex-ciudad_constitucion,785,ucdb-name
can-maple_ridge,786,ucdb-name
gtm-mazatenango,787,ucdb-name
slv-lourdes,788,ucdb-name
hnd-la_lima,789,ucdb-name
nic-tipitapa,790,ucdb-name
per-zarumilla,791,ucdb-name
ecu-guayaquil,792,ucdb-name
cub-cotorro,793,ucdb-name
col-orito,794,ucdb-name
jam-kingston,795,ucdb-name
ven-villa_del_rosario,796,ucdb-name
hti-leogane,797,ucdb-name
dom-santiago_de_los_caballeros,798,ucdb-name
chl-coquimbo,799,ucdb-name
bol-trinidad,800,ucdb-name
bra-ariquemes,801,ucdb-name
arg-la_rioja,802,ucdb-name
pry-caaguazu,803,ucdb-name
ury-montevideo,804,ucdb-name
sen-bambey,805,ucdb-name
esp-telde,806,ucdb-name
gin-fria,807,ucdb-name
sle-makeni,808,ucdb-name
lbr-voinjama,809,ucdb-name
mar-agadir,810,ucdb-name
mli-ouelessebougou,811,ucdb-name
prt-setubal,812,ucdb-name
civ-san_pedro,813,ucdb-name
mrt-fassala,814,ucdb-name
bfa-gaoua,815,ucdb-name
gbr-swansea,816,ucdb-name
gha-tarkwa,817,ucdb-name
fra-nantes,818,k15-roster
dza-ain_turk,819,ucdb-name
tgo-lome,820,ucdb-name
ben-come,821,ucdb-name
bel-frameries,822,ucdb-name
nga-agbara,823,ucdb-name
ner-filingue,824,ucdb-name
nld-heemskerk,825,ucdb-name
deu-dusseldorf,826,k15-roster
che-biel_bienne,827,ucdb-name
nor-oslo,828,k15-roster
ita-varese,829,ucdb-name
tun-sidi_bouzid,830,ucdb-name
swe-jonkoping,831,ucdb-name
cmr-douala,832,ucdb-name
cze-liberec,833,ucdb-name
aut-klagenfurt,834,ucdb-name
pol-lubin,835,ucdb-name
ago-buco_zau,836,ucdb-name
cod-boma,837,ucdb-name
lby-misrata,838,ucdb-name
gab-franceville,839,ucdb-name
hun-erd,840,ucdb-name
tcd-bongor,841,ucdb-name
fin-lahti,842,ucdb-name
svk-presov,843,ucdb-name
srb-cacak,844,ucdb-name
zaf-malmesbury,845,ucdb-name
alb-elbasan,846,ucdb-name
xkx-ferizaj,847,ucdb-name
mkd-kumanovo,848,ucdb-name
ukr-stryi,849,ucdb-name
rou-baia_mare,850,ucdb-name
cog-betou,851,ucdb-name
rus-kolpino,852,ucdb-name
blr-achotnica,853,ucdb-name
grc-athens,854,k15-roster
caf-bambari,855,ucdb-name
bgr-varna,856,k15-roster
tur-tekirdag,858,ucdb-name
bwa-francistown,859,ucdb-name
zmb-mumbwa,860,ucdb-name
egy-izbat_bahnasi,861,ucdb-name
zwe-kadoma,862,ucdb-name
bdi-ngozi,863,ucdb-name
uga-koboko,864,ucdb-name
isr-netanya,865,ucdb-name
ssd-bor,866,ucdb-name
tza-ibamba,867,ucdb-name
pse-modi_in_illit,868,ucdb-name
moz-manica,869,ucdb-name
lbn-tripoli,870,ucdb-name
syr-arihah,871,ucdb-name
jor-husn,872,ucdb-name
mwi-blantyre,873,ucdb-name
ken-kakamega,874,ucdb-name
eth-meti_chafi_tilk_u_meti,875,ucdb-name
irq-duhok,876,ucdb-name
sau-ar_ar,877,ucdb-name
eri-ghinda,878,ucdb-name
irn-urmia,879,ucdb-name
som-kismayo,882,ucdb-name
kaz-zhanaozen,883,ucdb-name
tkm-dashoguz,885,ucdb-name
uzb-khiva,886,ucdb-name
are-al_falah,887,ucdb-name
omn-barka,888,ucdb-name
afg-guzarah,889,ucdb-name
tjk-khujand,890,ucdb-name
pak-chaman,891,ucdb-name
kgz-nookat,892,ucdb-name
ind-baramulla,893,ucdb-name
chn-yining_qulja,894,ucdb-name
npl-tulsipur,895,ucdb-name
lka-ambalangoda,896,ucdb-name
bgd-birganj,897,ucdb-name
mmr-kyaukpyu,898,ucdb-name
idn-lhokseumawe,899,ucdb-name
tha-phrae,900,ucdb-name
mys-parit_buntar,901,ucdb-name
vnm-lang_giao,902,ucdb-name
khm-battambang,903,ucdb-name
kor-uc905,905,ucdb-id
twn-taichung,906,ucdb-name
jpn-fukuoka,907,ucdb-name
phl-san_carlos,908,ucdb-name
aus-huntfield_heights,909,ucdb-name
png-ganigle,910,ucdb-name
nzl-napier,911,ucdb-name
usa-santa_cruz,912,ucdb-name
mex-tecate,913,ucdb-name
can-abbotsford,914,ucdb-name
gtm-totonicapan,915,ucdb-name
slv-san_salvador,916,ucdb-name
hnd-comayagua,917,ucdb-name
nic-granada,918,ucdb-name
ecu-puerto_hondo,919,ucdb-name
per-lambayeque,920,ucdb-name
cub-matanzas,921,ucdb-name
col-popayan,922,ucdb-name
ven-santa_barbara_del_zulia,923,ucdb-name
hti-jacmel,924,ucdb-name
dom-bani,925,ucdb-name
chl-la_serena,926,ucdb-name
bol-potosi,927,ucdb-name
arg-san_martin,928,ucdb-name
bra-ji_parana,929,ucdb-name
pry-encarnacion,930,ucdb-name
ury-ciudad_de_la_costa,931,ucdb-name
sen-saint_louis,932,ucdb-name
gin-kindia,933,ucdb-name
sle-magburaka,934,ucdb-name
lbr-gbarnga,935,ucdb-name
mar-ait_melloul,936,ucdb-name
mli-koulikoro,937,ucdb-name
prt-povoa_de_varzim,938,ucdb-name
esp-vigo,939,ucdb-name
civ-seguela,940,ucdb-name
gbr-east_kilbride,941,ucdb-name
bfa-ouahigouya,942,ucdb-name
gha-techiman,943,ucdb-name
fra-cherbourg_en_cotentin,944,ucdb-name
dza-oran,945,ucdb-name
tgo-atakpame,946,ucdb-name
ben-savalou,947,ucdb-name
nga-ilaro,948,ucdb-name
bel-temse,949,ucdb-name
nld-haarlem,950,ucdb-name
ner-gaya,951,ucdb-name
deu-trier,952,ucdb-name
che-bern,953,ucdb-name
ita-busto_arsizio,954,ucdb-name
nor-fredrikstad,955,ucdb-name
tun-manzil_bourguiba,956,ucdb-name
cmr-nkongsamba,957,ucdb-name
swe-orebro,958,ucdb-name
cze-pardubice,959,ucdb-name
pol-legnica,960,ucdb-name
aut-graz,961,k15-roster
ago-n_zeto,962,ucdb-name
cod-kinzao,963,ucdb-name
hun-budapest,964,k15-roster
lby-sirte,965,ucdb-name
tcd-dourbali,966,ucdb-name
svk-kosice,967,k15-roster
srb-pancevo,968,ucdb-name
zaf-somerset_west,969,ucdb-name
mkd-prilep,970,ucdb-name
ukr-chervonohrad,971,ucdb-name
rou-cluj_napoca,972,k15-roster
rus-uc973,973,ucdb-id
blr-zhodzina,974,ucdb-name
grc-chania,975,ucdb-name
caf-bria,976,ucdb-name
sdn-zalingei,977,ucdb-name
tur-bergama,978,ucdb-name
bwa-selebi_phikwe,979,ucdb-name
zmb-monze,980,ucdb-name
egy-hawsh_isa,981,ucdb-name
zwe-chegutu,982,ucdb-name
bdi-gitega,983,ucdb-name
uga-yumbe,984,ucdb-name
isr-hadera,985,ucdb-name
ssd-juba,986,ucdb-name
pse-idhna,987,ucdb-name
tza-chato,988,ucdb-name
lbn-zahle,989,ucdb-name
moz-catandica,990,ucdb-name
syr-afrin,991,ucdb-name
jor-amman,992,k15-roster
mwi-zomba,993,ucdb-name
ken-kisumu,994,ucdb-name
eth-nedjo,995,ucdb-name
irq-khanich,996,ucdb-name
sau-uc997,997,ucdb-id
irn-marand,999,ucdb-name
aze-barda,1000,ucdb-name
som-jamame,1002,ucdb-name
mdg-tolanaro,1003,ucdb-name
kaz-kostanay,1004,ucdb-name
tkm-yasmansalyk,1005,ucdb-name
uzb-urgench,1006,ucdb-name
are-dubai,1007,k15-roster
omn-seeb,1008,ucdb-name
afg-shindand,1009,ucdb-name
tjk-hisor,1010,ucdb-name
pak-pishin,1011,ucdb-name
kgz-ozgon,1012,ucdb-name
ind-poonch,1013,ucdb-name
chn-emin_dorbiljin,1014,ucdb-name
npl-jogikuti,1015,ucdb-name
lka-galle,1016,ucdb-name
bgd-domar,1017,ucdb-name
mmr-hpakant,1018,ucdb-name
tha-uttaradit,1019,ucdb-name
idn-gunungsitoli,1020,ucdb-name
mys-kulim,1021,ucdb-name
vnm-viet_tri,1022,ucdb-name
khm-anlong_veng,1023,ucdb-name
prk-tongrim,1024,ucdb-name
kor-hwado,1025,ucdb-name
twn-yuanlin_city,1026,ucdb-name
jpn-kitakyushu,1027,ucdb-name
phl-baguio,1028,ucdb-name
aus-adelaide,1029,ucdb-name
png-kundiawa,1030,ucdb-name
nzl-hamilton,1031,ucdb-name
usa-salinas,1032,ucdb-name
mex-cabo_san_lucas,1033,ucdb-name
can-kelowna,1034,ucdb-name
gtm-momostenango,1035,ucdb-name
slv-quezaltepeque,1036,ucdb-name
hnd-puerto_cortes,1037,ucdb-name
nic-jinotega,1038,ucdb-name
ecu-daule,1039,ucdb-name
per-chiclayo,1040,ucdb-name
cub-varadero,1041,ucdb-name
col-hacienda_rio_blanco,1042,ucdb-name
ven-el_vigia,1043,ucdb-name
hti-saint_marc,1044,ucdb-name
dom-puerto_plata,1045,ucdb-name
chl-ovalle,1046,ucdb-name
bol-sucre,1047,ucdb-name
arg-libertador_general_san_martin,1048,ucdb-name
bra-boa_vista,1049,ucdb-name
pry-ciudad_del_este,1050,ucdb-name
ury-maldonado,1051,ucdb-name
sen-fatick,1052,ucdb-name
gin-labe,1053,ucdb-name
sle-bo,1054,ucdb-name
lbr-ganta,1055,ucdb-name
mar-lqliaa,1056,ucdb-name
mli-bougouni,1057,ucdb-name
prt-porto,1058,k15-roster
esp-a_coruna,1059,ucdb-name
civ-soubre,1060,ucdb-name
gbr-blantyre,1061,ucdb-name
bfa-koudougou,1062,ucdb-name
gha-takoradi,1063,ucdb-name
fra-bayonne,1064,ucdb-name
dza-sidi_bel_abbes,1065,ucdb-name
tgo-sokode,1066,ucdb-name
ben-bohicon,1067,ucdb-name
nga-aiyetoro,1068,ucdb-name
bel-antwerp,1069,k15-roster
nld-hoofddorp,1070,ucdb-name
ner-dogondoutchi,1071,ucdb-name
deu-dormagen,1072,ucdb-name
che-basel,1073,k15-roster
ita-genoa,1074,k15-roster
tun-bizerte,1075,ucdb-name
nor-troms,1076,ucdb-name
cmr-kribi,1077,ucdb-name
swe-linkoping,1078,ucdb-name
cze-hradec_kralove,1079,ucdb-name
pol-supsk,1080,ucdb-name
aut-vienna,1081,k15-roster
ago-luanda,1082,ucdb-name
cod-matadi,1083,ucdb-name
hun-szolohegy,1084,ucdb-name
tcd-kelo,1085,ucdb-name
zaf-stellenbosch,1086,ucdb-name
srb-novi_pazar,1087,ucdb-name
lby-benghazi,1088,ucdb-name
ukr-kovel,1089,ucdb-name
rou-targu_jiu,1090,ucdb-name
blr-barysaw,1091,ucdb-name
rus-veliky_novgorod,1092,ucdb-name
grc-heraklion,1093,ucdb-name
tur-izmir,1094,ucdb-name
zmb-mazabuka,1096,ucdb-name
egy-rosetta,1097,ucdb-name
zwe-chinhoyi,1098,ucdb-name
bdi-kirundo,1099,ucdb-name
uga-hoima,1100,ucdb-name
isr-rehovot,1101,ucdb-name
pse-hebron,1102,ucdb-name
tza-bukoba,1103,ucdb-name
ssd-nimule,1104,ucdb-name
syr-al_zabadani,1105,ucdb-name
lbn-baalbek,1106,ucdb-name
moz-chimoio,1107,ucdb-name
jor-jerash,1108,ucdb-name
mwi-mangochi,1109,ucdb-name
ken-kitale,1110,ucdb-name
eth-tepi,1111,ucdb-name
sau-jeddah,1112,ucdb-name
irq-domeez,1113,ucdb-name
eri-dekemhare,1114,ucdb-name
irn-piranshahr,1115,ucdb-name
aze-aghjabadi,1116,ucdb-name
som-borama,1118,ucdb-name
mdg-ambatolahy_ii,1119,ucdb-name
kaz-petropavl,1120,ucdb-name
tkm-ashgabat,1121,ucdb-name
uzb-beruniy,1122,ucdb-name
are-hamriya_free_zone,1123,ucdb-name
omn-muscat,1124,ucdb-name
afg-bandabad,1125,ucdb-name
tjk-ghafurov,1126,ucdb-name
pak-quetta,1127,ucdb-name
kgz-ak_bulun,1128,ucdb-name
ind-bhuj,1129,ucdb-name
chn-yarkand,1130,ucdb-name
npl-farena,1131,ucdb-name
lka-anuradhapura,1132,ucdb-name
bgd-dinajpur,1133,ucdb-name
mmr-monywa,1134,ucdb-name
tha-phitsanulok,1135,ucdb-name
idn-langsa,1136,ucdb-name
mys-taiping,1137,ucdb-name
vnm-trung_ha,1138,ucdb-name
khm-siem_reap,1139,ucdb-name
prk-manpo,1140,ucdb-name
kor-bongdam,1141,ucdb-name
twn-taipei,1142,ucdb-name
jpn-omura,1143,ucdb-name
phl-bayambang,1144,ucdb-name
aus-elizabeth_north,1145,ucdb-name
png-goroka,1146,ucdb-name
nzl-auckland,1147,k15-roster
usa-oxnard,1148,ucdb-name
mex-la_paz,1149,ucdb-name
gtm-chiantla,1150,ucdb-name
slv-cojutepeque,1151,ucdb-name
can-lethbridge,1152,ucdb-name
hnd-el_progreso,1153,ucdb-name
nic-matagalpa,1154,ucdb-name
ecu-machala,1155,ucdb-name
per-trujillo,1156,ucdb-name
cub-cienfuegos,1157,ucdb-name
col-cali,1158,ucdb-name
ven-la_concepcion,1159,ucdb-name
hti-port_de_paix,1160,ucdb-name
dom-la_vega,1161,ucdb-name
chl-valparaiso,1162,ucdb-name
bol-tarija,1163,ucdb-name
arg-san_pedro_de_jujuy,1164,ucdb-name
bra-cacoal,1165,ucdb-name
pry-hernandarias,1166,ucdb-name
sen-ziguinchor,1167,ucdb-name
gin-mamou,1168,ucdb-name
sle-yogomaia,1169,ucdb-name
mar-ouled_teima,1170,ucdb-name
lbr-pleebo,1171,ucdb-name
prt-braga,1172,ucdb-name
mli-fana,1173,ucdb-name
esp-ferrol,1174,ucdb-name
civ-issia,1175,ucdb-name
gbr-wishaw,1176,ucdb-name
bfa-yako,1177,ucdb-name
gha-dunkwa_on_offin,1178,ucdb-name
fra-la_rochelle,1179,ucdb-name
dza-ain_sefra,1180,ucdb-name
tgo-notse,1181,ucdb-name
ben-whydah,1182,ucdb-name
nga-isale,1183,ucdb-name
bel-la_louviere,1184,ucdb-name
nld-dordrecht,1185,ucdb-name
deu-cologne,1186,k15-roster
ner-tahoua,1187,ucdb-name
che-thun,1188,ucdb-name
ita-vigevano,1189,ucdb-name
tun-el_hamma,1190,ucdb-name
cmr-dschang,1191,ucdb-name
swe-norrkoping,1192,ucdb-name
pol-pila,1193,ucdb-name
cze-brno,1194,ucdb-name
ago-benguela,1195,ucdb-name
cod-luozi,1196,ucdb-name
hun-kecskemet,1197,ucdb-name
tcd-moundou,1198,ucdb-name
srb-kraljevo,1199,ucdb-name
zaf-paarl,1200,ucdb-name
lby-ajdabiya,1201,ucdb-name
ukr-lutsk,1202,ucdb-name
rou-bistrita,1203,ucdb-name
rus-velikiye_luki,1204,ucdb-name
blr-babruysk,1205,ucdb-name
tur-menemen,1206,ucdb-name
sdn-rahad_al_bardi,1207,ucdb-name
zmb-chingola,1208,ucdb-name
egy-damanhur,1209,ucdb-name
zwe-masvingo,1210,ucdb-name
bdi-muyinga,1211,ucdb-name
uga-mubende,1212,ucdb-name
isr-nahariyya,1213,ucdb-name
pse-nablus,1214,ucdb-name
tza-ushirombo,1215,ucdb-name
syr-maarrat_al_nu_man,1216,ucdb-name
ssd-magwi,1217,ucdb-name
jor-madaba,1218,ucdb-name
moz-gondola,1219,ucdb-name
ken-eldoret,1220,ucdb-name
sau-al_reheli,1222,ucdb-name
eri-massawa,1224,ucdb-name
irn-naghadeh,1225,ucdb-name
aze-quba,1226,ucdb-name
som-jilib,1228,ucdb-name
mdg-mahajanga,1229,ucdb-name
kaz-ayteke_bi,1230,ucdb-name
uzb-xonqa,1231,ucdb-name
are-al_saja_a_industrial,1232,ucdb-name
tkm-mary,1233,ucdb-name
omn-al_amerat,1234,ucdb-name
afg-bala_murghab,1235,ucdb-name
tjk-dushanbe,1236,ucdb-name
pak-qalat,1237,ucdb-name
ind-sopore,1238,ucdb-name
chn-anarkol,1239,ucdb-name
npl-sitapur,1240,ucdb-name
lka-kurunegala,1241,ucdb-name
bgd-gomastapur,1242,ucdb-name
mmr-mohnyin,1243,ucdb-name
tha-kanchanaburi,1244,ucdb-name
idn-teluk_dalam,1245,ucdb-name
mys-sitiawan,1246,ucdb-name
vnm-tam_hong,1247,ucdb-name
khm-phumi_roessei,1248,ucdb-name
prk-taeryonggang,1249,ucdb-name
kor-chuncheon,1250,ucdb-name
twn-zhudong,1251,ucdb-name
jpn-nagasaki,1252,ucdb-name
phl-urdaneta,1253,ucdb-name
aus-geelong,1254,ucdb-name
png-madang,1255,ucdb-name
nzl-tauranga,1256,ucdb-name
usa-watsonville,1257,ucdb-name
mex-san_jose_del_cabo,1258,ucdb-name
gtm-san_pedro_soloma,1259,ucdb-name
slv-zacatecoluca,1260,ucdb-name
hnd-choluteca,1261,ucdb-name
can-calgary,1262,ucdb-name
nic-bilwi,1263,ucdb-name
ecu-vinces,1264,ucdb-name
per-jaen,1265,ucdb-name
col-jamundi,1266,ucdb-name
cub-trinidad,1267,ucdb-name
ven-maracaibo,1268,ucdb-name
hti-port_au_prince,1269,ucdb-name
dom-moca,1270,ucdb-name
chl-concon,1271,ucdb-name
bol-montero,1272,ucdb-name
arg-san_ramon_de_la_nueva_oran,1273,ucdb-name
bra-manacapuru,1274,ucdb-name
sen-bignona,1275,ucdb-name
sle-kenema,1276,ucdb-name
gin-faranah,1277,ucdb-name
mar-safi,1278,ucdb-name
civ-meagui,1279,ucdb-name
esp-ourense,1280,ucdb-name
mli-segou,1281,ucdb-name
gbr-coatbridge,1282,ucdb-name
bfa-leo,1283,ucdb-name
gha-kumasi,1284,ucdb-name
fra-bordeaux,1285,k15-roster
dza-hassi_bounif,1286,ucdb-name
tgo-kara,1287,ucdb-name
ben-tindji,1288,ucdb-name
nga-lagos,1289,k15-roster
bel-brussels,1290,k15-roster
nld-alphen_aan_den_rijn,1291,ucdb-name
ner-illela,1292,ucdb-name
deu-wuppertal,1293,ucdb-name
che-olten,1294,ucdb-name
ita-sassari,1295,ucdb-name
tun-oued_ellil,1296,ucdb-name
cmr-wum,1297,ucdb-name
swe-vasteras,1298,ucdb-name
pol-leszno,1299,ucdb-name
cze-olomouc,1300,ucdb-name
ago-lubango,1301,ucdb-name
cod-kimpese,1302,ucdb-name
hun-szeged,1303,k15-roster
tcd-lai,1304,ucdb-name
srb-kragujevac,1305,ucdb-name
zaf-worcester,1306,ucdb-name
lby-marj,1307,ucdb-name
ukr-ivano_frankivsk,1308,ucdb-name
rou-sibiu,1309,ucdb-name
blr-vitsebsk,1310,ucdb-name
rus-petrozavodsk,1311,ucdb-name
tur-corlu,1312,ucdb-name
sdn-kebkabiya,1313,ucdb-name
zmb-chililabombwe,1314,ucdb-name
egy-mutubis,1315,ucdb-name
zwe-norton,1316,ucdb-name
bdi-giteranyi,1317,ucdb-name
isr-daliyat_al_karmel,1318,ucdb-name
uga-masindi,1319,ucdb-name
pse-jenin,1320,ucdb-name
tza-katoro,1321,ucdb-name
syr-halfaya,1322,ucdb-name
jor-ar_ramtha,1323,ucdb-name
ssd-renk,1324,ucdb-name
moz-tete,1325,ucdb-name
ken-kericho,1326,ucdb-name
eth-metu,1327,ucdb-name
sau-hayy_as_salihiyah,1328,ucdb-name
irq-shaikh_muhammad,1329,ucdb-name
irn-ajab_shir,1330,ucdb-name
aze-imishli,1331,ucdb-name
eri-assab,1332,ucdb-name
yem-al_qutay,1333,ucdb-name
mdg-antsirabe,1335,ucdb-name
kaz-kokshetau,1336,ucdb-name
uzb-turtkul,1337,ucdb-name
are-ras_al_khaimah,1338,ucdb-name
tkm-turkmenabat,1339,ucdb-name
afg-qala_i_naw,1340,ucdb-name
tjk-khistevarz,1341,ucdb-name
pak-khuzdar,1342,ucdb-name
ind-bandipora,1343,ucdb-name
chn-kargilik,1344,ucdb-name
npl-pokhara,1345,ucdb-name
lka-ratnapura,1346,ucdb-name
bgd-nilphamari,1347,ucdb-name
mmr-nyaung_u,1348,ucdb-name
tha-ranong,1349,ucdb-name
idn-kuala_simpang,1350,ucdb-name
mys-ipoh,1351,ucdb-name
vnm-hoa_binh,1352,ucdb-name
prk-sonchon,1354,ucdb-name
kor-hyangnam,1355,ucdb-name
twn-nantou_city,1356,ucdb-name
jpn-saga,1357,ucdb-name
phl-puerto_princesa,1358,ucdb-name
aus-ballarat,1359,ucdb-name
png-port_moresby,1360,ucdb-name
usa-ventura,1361,ucdb-name
mex-mexicali,1362,ucdb-name
gtm-solola_tz_oloj_ya,1363,ucdb-name
slv-usulutan,1364,ucdb-name
hnd-tegucigalpa,1365,ucdb-name
can-red_deer,1366,ucdb-name
ecu-pasaje,1367,ucdb-name
per-cajamarca,1368,ucdb-name
col-quibdo,1369,ucdb-name
cub-santa_clara,1370,ucdb-name
ven-san_rafael_del_mojan,1371,ucdb-name
hti-gonaives,1372,ucdb-name
dom-bonao,1373,ucdb-name
chl-san_antonio,1374,ucdb-name
bol-santa_cruz_de_la_sierra,1375,ucdb-name
arg-concepcion,1376,ucdb-name
bra-manaus,1377,ucdb-name
sen-diourbel,1378,ucdb-name
sle-koidu_town,1379,ucdb-name
gin-gueckedou,1380,ucdb-name
mar-taroudant,1381,ucdb-name
civ-vavoua,1382,ucdb-name
esp-huelva,1383,ucdb-name
mli-niono_socoura,1384,ucdb-name
gbr-torquay,1385,ucdb-name
bfa-sapouy,1386,ucdb-name
gha-kintampo,1387,ucdb-name
fra-angers,1388,ucdb-name
dza-arzew,1389,ucdb-name
tgo-anie,1390,ucdb-name
ben-allada,1391,ucdb-name
nga-igangan,1392,ucdb-name
bel-charleroi,1393,k15-roster
nld-alkmaar,1394,ucdb-name
ner-birni_n_konni,1395,ucdb-name
deu-bonn,1396,ucdb-name
che-aarau,1397,ucdb-name
ita-como,1398,ucdb-name
tun-tunis,1399,ucdb-name
cmr-bamenda,1400,ucdb-name
swe-eskilstuna,1401,ucdb-name
pol-poznan,1402,ucdb-name
ago-baia,1403,ucdb-name
cze-ostrava,1404,ucdb-name
cod-lukala,1405,ucdb-name
hun-miskolc,1406,k15-roster
tcd-moussoro,1407,ucdb-name
srb-krusevac,1408,ucdb-name
rou-craiova,1409,ucdb-name
ukr-ternopil,1410,ucdb-name
lby-bayda,1411,ucdb-name
zaf-upington,1412,ucdb-name
blr-orsha,1413,ucdb-name
rus-smolensk,1414,ucdb-name
tur-cerkezkoy,1415,ucdb-name
sdn-kas,1416,ucdb-name
zmb-kafue,1417,ucdb-name
egy-al_mahmudiya,1418,ucdb-name
zwe-harare,1419,ucdb-name
isr-ramla,1420,ucdb-name
uga-masaka,1421,ucdb-name
pse-beitar_ilit,1422,ucdb-name
tza-urambo,1423,ucdb-name
syr-qudsayya,1424,ucdb-name
jor-at_tafila,1425,ucdb-name
moz-moatize,1427,ucdb-name
eth-mizan_teferi,1428,ucdb-name
ken-lodwar,1429,ucdb-name
irq-qaryat_jarf_al_milh,1430,ucdb-name
sau-bahrah,1431,ucdb-name
irn-tabriz,1432,ucdb-name
aze-khachmaz,1433,ucdb-name
som-diinsoor,1435,ucdb-name
mdg-ambano,1436,ucdb-name
uzb-hazorasp,1437,ucdb-name
are-al_aamerah,1438,ucdb-name
kaz-jezqazgan,1439,ucdb-name
afg-farah,1440,ucdb-name
tjk-qubodiyon,1441,ucdb-name
pak-sibi,1442,ucdb-name
ind-bhimber_gali,1443,ucdb-name
chn-aksu,1444,ucdb-name
npl-bharatpur,1445,ucdb-name
lka-kandy,1446,ucdb-name
bgd-saidpur,1447,ucdb-name
mmr-chauk,1448,ucdb-name
tha-choeng_thale,1449,ucdb-name
idn-pangkalan_brandan,1450,ucdb-name
mys-teluk_intan,1451,ucdb-name
vnm-vinh_yen,1452,ucdb-name
khm-trapeang_prasat,1453,ucdb-name
prk-uc1454,1454,ucdb-id
kor-jangdeung_ri,1455,ucdb-name
twn-xinying_district,1456,ucdb-name
jpn-iizuka,1457,ucdb-name
phl-subic,1458,ucdb-name
aus-point_cook,1459,ucdb-name
png-lae,1460,ucdb-name
usa-san_francisco,1461,ucdb-name
mex-san_luis_rio_colorado,1462,ucdb-name
gtm-santa_lucia_cotzumalguapa,1463,ucdb-name
slv-san_miguel,1464,ucdb-name
hnd-danli,1465,ucdb-name
can-grande_prairie,1466,ucdb-name
ecu-barrio_codesa,1467,ucdb-name
per-chimbote,1468,ucdb-name
col-santander_de_quilichao,1469,ucdb-name
cub-sancti_spiritus,1470,ucdb-name
ven-puerto_escondido,1471,ucdb-name
hti-gros_morne,1472,ucdb-name
dom-san_cristobal,1473,ucdb-name
chl-la_calera,1474,ucdb-name
bol-satelite_norte,1475,ucdb-name
arg-san_miguel_de_tucuman,1476,ucdb-name
bra-vilhena,1477,ucdb-name
sen-louga,1478,ucdb-name
sle-kailahun,1479,ucdb-name
gin-kissidougou,1480,ucdb-name
mar-youssoufia,1481,ucdb-name
civ-daloa,1482,ucdb-name
esp-badajoz,1483,ucdb-name
mli-kadiolo,1484,ucdb-name
gbr-bridgend,1485,ucdb-name
gha-nkoranza,1486,ucdb-name
bfa-ouagadougou,1487,ucdb-name
fra-pau,1488,ucdb-name
dza-adrar,1489,ucdb-name
tgo-tsevie,1490,ucdb-name
ben-dassa_zoume,1491,ucdb-name
nga-aiyete,1492,ucdb-name
bel-mechelen,1493,ucdb-name
nld-gouda,1494,ucdb-name
deu-marl,1495,ucdb-name
ner-tamaske_sabon_guida,1496,ucdb-name
che-wettingen,1497,ucdb-name
ita-milan,1498,k15-roster
tun-kairouan,1499,ucdb-name
cmr-edea,1500,ucdb-name
swe-uppsala,1501,ucdb-name
pol-swidnica,1502,ucdb-name
ago-panguila,1503,ucdb-name
cze-havirov,1504,ucdb-name
cod-kwilu_ngongo,1505,ucdb-name
tcd-bebedjia,1506,ucdb-name
hun-nyiregyhaza,1507,ucdb-name
srb-nis,1508,ucdb-name
rou-targu_mures,1509,ucdb-name
zaf-mossel_bay,1510,ucdb-name
ukr-rivne,1511,ucdb-name
lby-darnah,1512,ucdb-name
blr-mahiliou,1513,ucdb-name
rus-severodvinsk,1514,ucdb-name
tur-manisa,1515,ucdb-name
sdn-ed_al_fursan,1516,ucdb-name
zmb-lusaka,1517,ucdb-name
egy-delingat,1518,ucdb-name
zwe-ruwa,1519,ucdb-name
isr-tira,1520,ucdb-name
pse-ramallah,1521,ucdb-name
uga-mityana,1522,ucdb-name
tza-geita,1523,ucdb-name
syr-jdaydet_artooz,1524,ucdb-name
jor-al_karak,1525,ucdb-name
ssd-torit,1526,ucdb-name
moz-nhamatanda,1527,ucdb-name
eth-ghimbi,1528,ucdb-name
ken-nakuru,1529,ucdb-name
irq-mosul,1530,ucdb-name
sau-mecca,1531,ucdb-name
irn-sardasht,1532,ucdb-name
aze-shamakhi,1533,ucdb-name
mdg-amparihimahitsy,1536,ucdb-name
are-al_ain,1537,ucdb-name
kaz-kyzylorda,1538,ucdb-name
uzb-shofirkon,1539,ucdb-name
afg-obe,1540,ucdb-name
tjk-vahdat,1541,ucdb-name
pak-parachinar,1542,ucdb-name
ind-pattan,1543,ucdb-name
chn-karamay,1544,ucdb-name
npl-pokhariya,1545,ucdb-name
lka-gampola,1546,ucdb-name
bgd-jaldhaka,1547,ucdb-name
mmr-pakokku,1548,ucdb-name
tha-pa_tong,1549,ucdb-name
idn-sidiangkat,1550,ucdb-name
vnm-son_tay,1551,ucdb-name
mys-bandar_armada_putra,1552,ucdb-name
khm-sihanoukville,1553,ucdb-name
prk-kusong,1554,ucdb-name
kor-pyeongtaek,1555,ucdb-name
twn-gonghuakeng,1556,ucdb-name
jpn-tosu,1557,ucdb-name
phl-rosales,1558,ucdb-name
aus-langwarrin,1559,ucdb-name
usa-camarillo,1560,ucdb-name
mex-rocky_point,1561,ucdb-name
gtm-santa_cruz_del_quiche,1562,ucdb-name
hnd-la_ceiba,1563,ucdb-name
can-edmonton,1564,ucdb-name
ecu-esmeraldas,1565,ucdb-name
per-nuevo_chimbote,1566,ucdb-name
col-turbo,1567,ucdb-name
cub-ciego_de_avila,1568,ucdb-name
ven-cabimas,1569,ucdb-name
hti-cabaret,1570,ucdb-name
dom-san_francisco_de_macoris,1571,ucdb-name
chl-quillota,1572,ucdb-name
bol-yacuiba,1573,ucdb-name
arg-san_fernando_del_valle_de_catamarca,1574,ucdb-name
bra-itacoatiara,1575,ucdb-name
sen-kaolack,1576,ucdb-name
gin-kouroussa,1577,ucdb-name
mar-el_jadida,1578,ucdb-name
civ-boundiali,1579,ucdb-name
mli-sikasso,1580,ucdb-name
esp-cadiz,1581,ucdb-name
gbr-exeter,1582,ucdb-name
gha-obuasi,1583,ucdb-name
bfa-djibo,1584,ucdb-name
fra-caen,1585,ucdb-name
dza-mecheria,1586,ucdb-name
tgo-adetikope,1587,ucdb-name
ben-cotonou,1588,ucdb-name
nga-abeokuta,1589,ucdb-name
nld-amsterdam,1590,k15-roster
bel-leuven,1591,ucdb-name
deu-saarbruecken,1592,ucdb-name
ner-tchin_tabaraden,1593,ucdb-name
che-lucerne,1594,ucdb-name
ita-pavia,1595,ucdb-name
tun-gabes,1596,ucdb-name
cmr-mbouda,1597,ucdb-name
swe-sodertalje,1598,ucdb-name
pol-wroclaw,1599,k15-roster
ago-zango_v_centrality,1600,ucdb-name
cod-mbanza_ngungu,1601,ucdb-name
tcd-gore,1602,ucdb-name
hun-debrecen,1603,k15-roster
srb-leskovac,1604,ucdb-name
rou-ramnicu_valcea,1605,ucdb-name
zaf-oudtshoorn,1606,ucdb-name
ukr-chernivtsi,1607,ucdb-name
lby-tubruq,1608,ucdb-name
blr-homel,1609,ucdb-name
tur-kusadas,1610,ucdb-name
rus-arkhangelsk,1611,ucdb-name
sdn-kutum,1612,ucdb-name
zmb-chilanga,1613,ucdb-name
egy-dusuq,1614,ucdb-name
zwe-marondera,1615,ucdb-name
isr-rosh_haayin,1616,ucdb-name
pse-yatta,1617,ucdb-name
uga-gulu,1618,ucdb-name
syr-damascus,1619,ucdb-name
jor-mota,1620,ucdb-name
tza-tunduma,1621,ucdb-name
moz-maxixe,1623,ucdb-name
eth-shahadi,1624,ucdb-name
ken-naivasha,1625,ucdb-name
irq-haditha,1626,ucdb-name
sau-ash_sharai,1627,ucdb-name
irn-mahabad,1628,ucdb-name
aze-saatli,1629,ucdb-name
som-wajid,1631,ucdb-name
mdg-farafangana,1632,ucdb-name
are-al_dhahir,1633,ucdb-name
kaz-astana,1634,ucdb-name
uzb-bukhara,1635,ucdb-name
tjk-uc1637,1637,ucdb-id
pak-loralai,1638,ucdb-name
ind-khansahib,1639,ucdb-name
chn-aral,1640,ucdb-name
npl-hetauda,1641,ucdb-name
lka-matale,1642,ucdb-name
bgd-godagari,1643,ucdb-name
mmr-katha,1644,ucdb-name
tha-phuket,1645,ucdb-name
idn-medan,1646,ucdb-name
vnm-thai_nguyen,1647,ucdb-name
mys-kuala_lumpur,1648,ucdb-name
prk-kanggye,1650,ucdb-name
kor-asan_si,1651,ucdb-name
twn-chiayi,1652,ucdb-name
jpn-isahaya,1653,ucdb-name
phl-paniqui,1654,ucdb-name
aus-melton,1655,ucdb-name
usa-san_rafael,1656,ucdb-name
mex-guaymas,1657,ucdb-name
gtm-santa_cruz_barillas,1658,ucdb-name
hnd-juticalpa,1659,ucdb-name
can-sherwood_park,1660,ucdb-name
ecu-milagro,1661,ucdb-name
per-barranca,1662,ucdb-name
col-chigorodo,1663,ucdb-name
cub-camaguey,1664,ucdb-name
ven-merida,1665,ucdb-name
hti-dessalines,1666,ucdb-name
dom-santo_domingo,1667,ucdb-name
chl-concepcion,1668,ucdb-name
arg-tartagal,1669,ucdb-name
bra-parintins,1670,ucdb-name
sen-darou_mousty,1671,ucdb-name
gin-macenta,1672,ucdb-name
mar-sidi_bennour,1673,ucdb-name
civ-tengrela,1674,ucdb-name
mli-zegoua,1675,ucdb-name
esp-el_puerto_de_santa_maria,1676,ucdb-name
gbr-falkirk,1677,ucdb-name
gha-patase,1678,ucdb-name
bfa-kaya,1679,ucdb-name
dza-sig,1680,ucdb-name
fra-le_havre,1681,ucdb-name
tgo-akakope,1682,ucdb-name
ben-cove,1683,ucdb-name
nga-igbo_ora,1684,ucdb-name
nld-breda,1685,ucdb-name
bel-namur,1686,ucdb-name
deu-remscheid,1687,ucdb-name
ner-madaoua,1688,ucdb-name
che-zurich,1689,k15-roster
ita-lecco,1690,ucdb-name
tun-hammamet,1691,ucdb-name
cmr-bafoussam,1692,ucdb-name
swe-stockholm,1693,k15-roster
pol-gniezno,1694,ucdb-name
ago-lobito,1695,ucdb-name
cod-kisantu,1696,ucdb-name
tcd-doba,1697,ucdb-name
rou-slatina,1698,ucdb-name
zaf-george,1699,ucdb-name
ukr-kamianets_podilskyi,1700,ucdb-name
blr-uc1701,1701,ucdb-id
tur-soma,1702,ucdb-name
sdn-tulus,1703,ucdb-name
rus-tver,1704,ucdb-name
zmb-kalulushi,1705,ucdb-name
egy-sadat,1706,ucdb-name
zwe-mutare,1707,ucdb-name
isr-kafr_yasif,1708,ucdb-name
pse-jericho,1709,ucdb-name
syr-nawa,1710,ucdb-name
uga-kampala,1711,ucdb-name
tza-kahama,1712,ucdb-name
jor-al_mafraq,1713,ucdb-name
moz-dondo,1715,ucdb-name
eth-sigmo,1716,ucdb-name
ken-nairobi,1717,k15-roster
irq-the_underground_border,1718,ucdb-name
sau-at_ta_if,1719,ucdb-name
irn-bonab,1720,ucdb-name
aze-sabirabad,1721,ucdb-name
yem-suq_shamar,1722,ucdb-name
som-gebiley,1723,ucdb-name
mdg-ankazomborona,1724,ucdb-name
are-khor_fakkan,1725,ucdb-name
uzb-g_ijduvon,1726,ucdb-name
kaz-temirtau,1727,ucdb-name
afg-zaranj,1728,ucdb-name
tjk-abdurahmoni_jomi,1729,ucdb-name
pak-duki,1730,ucdb-name
ind-khambhaliya,1731,ucdb-name
chn-wusu,1732,ucdb-name
npl-birgunj,1733,ucdb-name
lka-tamaraivillu,1734,ucdb-name
bgd-parbatipur,1735,ucdb-name
mmr-mogaung,1736,ucdb-name
tha-nakhon_sawan,1737,ucdb-name
idn-stabat,1738,ucdb-name
vnm-phuc_yen,1739,ucdb-name
mys-rawang,1740,ucdb-name
khm-phnom_penh,1741,ucdb-name
prk-kwaksan,1742,ucdb-name
kor-cheonan_si,1743,ucdb-name
twn-tainan,1744,ucdb-name
jpn-chitose,1745,ucdb-name
phl-olongapo,1746,ucdb-name
aus-melbourne,1747,k15-roster
usa-thousand_oaks,1748,ucdb-name
mex-los_mochis,1749,ucdb-name
gtm-santa_maria_nebaj,1750,ucdb-name
hnd-catacamas,1751,ucdb-name
ecu-babahoyo,1752,ucdb-name
can-regina,1753,ucdb-name
per-huaraz,1754,ucdb-name
col-palmira,1755,ucdb-name
cub-manzanillo,1756,ucdb-name
ven-ciudad_ojeda,1757,ucdb-name
hti-petite_riviere_de_l_artibonite,1758,ucdb-name
dom-san_pedro_de_macoris,1759,ucdb-name
chl-san_pedro_de_la_paz,1760,ucdb-name
arg-san_rafael,1761,ucdb-name
bra-tangara_da_serra,1762,ucdb-name
sen-touba,1763,ucdb-name
gin-setiguiya,1764,ucdb-name
mar-azemmour,1765,ucdb-name
civ-zuenoula,1766,ucdb-name
esp-san_fernando,1767,ucdb-name
mli-koutiala,1768,ucdb-name
gbr-livingston,1769,ucdb-name
gha-bekwai,1770,ucdb-name
bfa-pouytenga,1771,ucdb-name
dza-mostaganem,1772,ucdb-name
fra-angouleme,1773,ucdb-name
tgo-tchamba,1774,ucdb-name
ben-ouesse,1775,ucdb-name
nga-ilero,1776,ucdb-name
nld-purmerend,1777,ucdb-name
bel-liege,1778,k15-roster
deu-dortmund,1779,ucdb-name
ner-bouza,1780,ucdb-name
che-winterthur,1781,ucdb-name
ita-bergamo,1782,ucdb-name
tun-sousse,1783,ucdb-name
cmr-ndop,1784,ucdb-name
swe-ekero,1785,ucdb-name
pol-wejherowo,1786,ucdb-name
ago-chibia,1787,ucdb-name
cod-kasangulu,1788,ucdb-name
tcd-bokoro,1789,ucdb-name
rou-pitesti,1790,ucdb-name
zaf-fraaisig,1791,ucdb-name
ukr-khmelnytskyi,1792,ucdb-name
tur-torbal,1793,ucdb-name
rus-uc1795,1795,ucdb-id
zmb-kitwe,1796,ucdb-name
egy-itay_el_barud,1797,ucdb-name
isr-beersheba,1798,ucdb-name
syr-aleppo,1799,ucdb-name
uga-luweero,1800,ucdb-name
tza-sengerema,1801,ucdb-name
jor-wadi_khaw,1802,ucdb-name
ssd-imehejek,1803,ucdb-name
moz-inhambane,1804,ucdb-name
ken-ngong,1806,ucdb-name
irq-gayara,1807,ucdb-name
sau-ha_il,1808,ucdb-name
irn-maragheh,1809,ucdb-name
aze-clilabad,1810,ucdb-name
som-baidoa,1812,ucdb-name
mdg-manakara,1813,ucdb-name
are-fujairah,1814,ucdb-name
uzb-kogon,1815,ucdb-name
kaz-karaganda,1816,ucdb-name
tjk-bokhtar,1818,ucdb-name
pak-muhammad_khel,1819,ucdb-name
ind-rajouri,1820,ucdb-name
chn-altay,1821,ucdb-name
npl-kathmandu,1822,ucdb-name
lka-trincomalee,1823,ucdb-name
bgd-phulbari,1824,ucdb-name
mmr-shwebo,1825,ucdb-name
tha-ratchaburi,1826,ucdb-name
idn-kabanjahe,1827,ucdb-name
vnm-phung,1828,ucdb-name
mys-bukit_sentosa,1829,ucdb-name
prk-jongju,1830,ucdb-name
kor-sokcho,1831,ucdb-name
twn-o_a_liau_kezihliao,1832,ucdb-name
jpn-kurume,1833,ucdb-name
phl-tarlac_city,1834,ucdb-name
aus-pakenham,1835,ucdb-name
usa-petaluma,1836,ucdb-name
mex-heroica_caborca,1837,ucdb-name
gtm-escuintla,1838,ucdb-name
hnd-tocoa,1839,ucdb-name
ecu-el_carmen,1840,ucdb-name
can-saskatoon,1841,ucdb-name
per-huacho,1842,ucdb-name
col-buga,1843,ucdb-name
cub-nuevitas,1844,ucdb-name
ven-socopo,1845,ucdb-name
hti-saint_michel_de_lattalaye,1846,ucdb-name
dom-la_romana,1847,ucdb-name
chl-coronel,1848,ucdb-name
arg-san_carlos_de_bariloche,1849,ucdb-name
bra-caceres,1850,ucdb-name
sen-sedhiou,1851,ucdb-name
gin-boukaria,1852,ucdb-name
mar-marrakesh,1853,k15-roster
civ-bonon,1854,ucdb-name
esp-jerez,1855,ucdb-name
mli-san,1856,ucdb-name
gbr-barry,1857,ucdb-name
gha-mampong,1858,ucdb-name
bfa-tenkodogo,1859,ucdb-name
dza-mohammadia,1860,ucdb-name
fra-le_mans,1861,ucdb-name
tgo-tabligbo,1862,ucdb-name
ben-save,1863,ucdb-name
nga-oke_iho,1864,ucdb-name
nld-hoorn,1865,ucdb-name
bel-verviers,1866,ucdb-name
deu-hagen,1867,ucdb-name
ner-abalak,1868,ucdb-name
che-lugano,1869,ucdb-name
ita-cagliari,1870,ucdb-name
tun-m_saken,1871,ucdb-name
cmr-foumbot,1872,ucdb-name
swe-handen,1873,ucdb-name
pol-bydgoszcz,1874,ucdb-name
ago-caxito,1875,ucdb-name
cod-kinshasa,1876,ucdb-name
tcd-koumra,1877,ucdb-name
rou-brasov,1878,k15-roster
ukr-zhytomyr,1879,ucdb-name
zaf-kwanobuhle,1880,ucdb-name
tur-bandrma,1881,ucdb-name
rus-cherepovets,1883,ucdb-name
zmb-mufulira,1884,ucdb-name
egy-shubra_khit,1885,ucdb-name
isr-shefaram,1886,ucdb-name
syr-tafas,1887,ucdb-name
tza-vwawa,1888,ucdb-name
jor-dhlail,1889,ucdb-name
uga-lira,1890,ucdb-name
ssd-ikotos,1891,ucdb-name
moz-beira,1892,ucdb-name
eth-chagni,1893,ucdb-name
ken-ndenderu,1894,ucdb-name
irq-qaryat_imam_ash_asharqi,1895,ucdb-name
sau-al_hawiyah,1896,ucdb-name
irn-miandoab,1897,ucdb-name
aze-sirvan,1898,ucdb-name
yem-bajil,1899,ucdb-name
som-hargeisa,1900,ucdb-name
mdg-ambohitrimanjaka,1901,ucdb-name
uzb-navoiy,1902,ucdb-name
kaz-uc1903,1903,ucdb-id
afg-qeysar,1904,ucdb-name
tjk-balkh,1905,ucdb-name
pak-ali_khel,1906,ucdb-name
ind-anjar,1907,ucdb-name
chn-kuytun,1908,ucdb-name
npl-simara,1909,ucdb-name
lka-badulla,1910,ucdb-name
bgd-gangachara,1911,ucdb-name
mmr-taungup,1912,ucdb-name
tha-suphan_buri,1913,ucdb-name
idn-berastagi,1914,ucdb-name
vnm-quoc_oai,1915,ucdb-name
mys-putrajaya,1916,ucdb-name
prk-taechon,1917,ucdb-name
kor-wonju,1918,ucdb-name
twn-kaohsiung,1919,ucdb-name
jpn-ube,1920,ucdb-name
phl-bamban,1921,ucdb-name
aus-north_canberra_canberra,1922,ucdb-name
usa-simi_valley,1923,ucdb-name
mex-hermosillo,1924,ucdb-name
gtm-chimaltenango,1925,ucdb-name
ecu-quininde,1926,ucdb-name
per-moyobamba,1927,ucdb-name
can-timberlea,1928,ucdb-name
col-apartado,1929,ucdb-name
cub-las_tunas,1930,ucdb-name
ven-valera,1931,ucdb-name
hti-limbe,1932,ucdb-name
dom-salvaleon_de_higuey,1933,ucdb-name
chl-penco,1934,ucdb-name
arg-santiago_del_estero,1935,ucdb-name
bra-itaituba,1936,ucdb-name
sen-richard_toll,1937,ucdb-name
gin-kankan,1938,ucdb-name
mar-ben_guerir,1939,ucdb-name
civ-gagnoa,1940,ucdb-name
esp-mairena_del_aljarafe,1941,ucdb-name
mli-mopti,1942,ucdb-name
gbr-cardiff,1943,ucdb-name
gha-ejura,1944,ucdb-name
bfa-koupela,1945,ucdb-name
dza-mascara,1946,ucdb-name
fra-poitiers,1947,ucdb-name
tgo-vogan,1948,ucdb-name
ben-porto_novo,1949,ucdb-name
nga-saki,1950,ucdb-name
nld-utrecht,1951,k15-roster
deu-neuwied,1952,ucdb-name
ner-guidan_roumdji,1953,ucdb-name
che-st_gallen,1954,ucdb-name
ita-piacenza,1955,ucdb-name
tun-medenine,1956,ucdb-name
cmr-kumbo,1957,ucdb-name
swe-umea,1958,ucdb-name
pol-rumia,1959,ucdb-name
ago-sumbe,1960,ucdb-name
cod-maluku,1961,ucdb-name
rou-suceava,1963,ucdb-name
ukr-berdychiv,1964,ucdb-name
zaf-kariega,1965,ucdb-name
tur-didim,1966,ucdb-name
rus-bryansk,1968,ucdb-name
zmb-kabwe,1969,ucdb-name
egy-sidi_salim,1970,ucdb-name
isr-modiin_maccabim_reut,1971,ucdb-name
syr-al_kiswah,1972,ucdb-name
tza-tabora,1973,ucdb-name
uga-lugazi,1974,ucdb-name
ssd-riwoto,1975,ucdb-name
moz-massinga,1976,ucdb-name
eth-bedele,1977,ucdb-name
ken-ongata_rongai,1978,ucdb-name
irq-sharqat,1979,ucdb-name
sau-rafha,1980,ucdb-name
irn-baneh,1981,ucdb-name
aze-masall,1982,ucdb-name
yem-al_mahabishah,1983,ucdb-name
som-hudur,1984,ucdb-name
mdg-antananarivo,1985,ucdb-name
kaz-ekibastuz,1986,ucdb-name
uzb-koson,1987,ucdb-name
afg-andkhoy,1988,ucdb-name
tjk-vakhsh,1989,ucdb-name
pak-hub,1990,ucdb-name
ind-srinagar,1991,ucdb-name
chn-dushanzi,1992,ucdb-name
npl-kalaiya,1993,ucdb-name
lka-valaichchenai,1994,ucdb-name
bgd-bodorganj,1995,ucdb-name
mmr-kyaukpadaung,1996,ucdb-name
tha-chumphon,1997,ucdb-name
idn-lubuk_pakam,1998,ucdb-name
vnm-hanoi,1999,ucdb-name
mys-kampung_rinching_hulu,2000,ucdb-name
prk-unsan,2001,ucdb-name
kor-gunsan_si,2002,ucdb-name
twn-pingtung_city,2003,ucdb-name
jpn-muroran,2004,ucdb-name
phl-angeles,2005,ucdb-name
aus-wollongong,2006,ucdb-name
usa-los_angeles,2007,k15-roster
mex-ciudad_obregon,2008,ucdb-name
gtm-antigua_guatemala,2009,ucdb-name
ecu-quevedo,2010,ucdb-name
per-huaral,2011,ucdb-name
col-tulua,2012,ucdb-name
can-winnipeg,2013,ucdb-name
cub-bayamo,2014,ucdb-name
ven-barinas,2015,ucdb-name
hti-mirebalais,2016,ucdb-name
chl-chiguayante,2017,ucdb-name
arg-san_luis,2018,ucdb-name
bra-corumba,2019,ucdb-name
sen-kaffrine,2020,ucdb-name
gin-banankoro,2021,ucdb-name
mar-dar_bouazza,2022,ucdb-name
civ-sinfra,2023,ucdb-name
esp-sevilla,2024,k15-roster
mli-sevare,2025,ucdb-name
gbr-dunfermline,2026,ucdb-name
gha-elmina,2027,ucdb-name
bfa-dori,2028,ucdb-name
dza-saida,2029,ucdb-name
fra-tours,2030,ucdb-name
ben-parakou,2031,ucdb-name
nga-magboro,2032,ucdb-name
nld-tilburg,2033,ucdb-name
deu-munster,2034,ucdb-name
ner-dakoro,2035,ucdb-name
ita-la_spezia,2036,ucdb-name
tun-tataouine,2037,ucdb-name
cmr-foumban,2038,ucdb-name
pol-gdynia,2039,ucdb-name
ago-chingo,2040,ucdb-name
cod-kasongo_lunda,2041,ucdb-name
tcd-bitkine,2042,ucdb-name
rou-targoviste,2043,ucdb-name
ukr-vinnytsia,2044,ucdb-name
zaf-gqeberha,2045,ucdb-name
tur-silivri,2046,ucdb-name
sdn-nyala,2047,ucdb-name
rus-uc2048,2048,ucdb-id
zmb-luanshya,2049,ucdb-name
egy-kom_hamada,2050,ucdb-name
isr-umm_al_fahm,2051,ucdb-name
syr-hama,2052,ucdb-name
tza-mwanza,2053,ucdb-name
uga-njeru,2054,ucdb-name
moz-zobue,2056,ucdb-name
eth-naqamte,2057,ucdb-name
ken-kiambu,2058,ucdb-name
irq-bardarash,2059,ucdb-name
irn-bukan,2060,ucdb-name
sau-bishah,2061,ucdb-name
aze-sumgayit,2062,ucdb-name
yem-al_hidab,2063,ucdb-name
som-barawa,2064,ucdb-name
mdg-hell_ville,2065,ucdb-name
kaz-turkestan,2066,ucdb-name
uzb-payshanba,2067,ucdb-name
afg-bai_ghesi,2068,ucdb-name
tjk-uc2069,2069,ucdb-id
pak-usta_muhammad,2070,ucdb-name
ind-sikka,2071,ucdb-name
chn-kuqa,2072,ucdb-name
npl-baidehi,2073,ucdb-name
lka-batticaloa,2074,ucdb-name
bgd-dalauabari,2075,ucdb-name
mmr-myingyan,2076,ucdb-name
tha-nakhon_pathom,2077,ucdb-name
idn-sibolga,2078,ucdb-name
vnm-ong_anh,2079,ucdb-name
mys-seremban,2080,ucdb-name
prk-unjon,2081,ucdb-name
kor-cheongju_si,2082,ucdb-name
twn-yilan_city,2083,ucdb-name
jpn-yame,2084,ucdb-name
phl-floridablanca,2085,ucdb-name
aus-mount_annan,2086,ucdb-name
usa-santa_rosa,2087,ucdb-name
mex-esperanza,2088,ucdb-name
gtm-guatemala_city,2089,ucdb-name
ecu-santo_domingo_de_los_tsachilas,2090,ucdb-name
col-pitalito,2092,ucdb-name
cub-puerto_padre,2093,ucdb-name
ven-bocono,2094,ucdb-name
hti-cap_haitien,2095,ucdb-name
can-windsor,2096,ucdb-name
chl-melipilla,2097,ucdb-name
arg-cutral_co,2098,ucdb-name
bra-lucas_do_rio_verde,2099,ucdb-name
sen-dahra_djoloff,2100,ucdb-name
gin-balato,2101,ucdb-name
mar-casablanca,2102,ucdb-name
civ-bouafle,2103,ucdb-name
esp-dos_hermanas,2104,ucdb-name
mli-koro,2105,ucdb-name
gbr-taunton,2106,ucdb-name
gha-cape_coast,2107,ucdb-name
bfa-fada_n_gourma,2108,ucdb-name
dza-relizane,2109,ucdb-name
fra-rouen,2110,ucdb-name
ben-ketou,2111,ucdb-name
nga-eruwa,2112,ucdb-name
nld-bussum,2113,ucdb-name
deu-unna,2114,ucdb-name
ner-maradi,2115,ucdb-name
ita-cremona,2116,ucdb-name
tun-sfax,2117,ucdb-name
cmr-ebolowa,2118,ucdb-name
pol-ostrow_wielkopolski,2119,ucdb-name
ago-cubal,2120,ucdb-name
cod-kenge,2121,ucdb-name
tcd-ati,2122,ucdb-name
rou-piatra_neamt,2123,ucdb-name
zaf-kimberley,2124,ucdb-name
ukr-kyiv,2125,ucdb-name
tur-balkesir,2126,ucdb-name
rus-uc2128,2128,ucdb-id
egy-nikla_al_inab,2129,ucdb-name
zmb-ndola,2130,ucdb-name
isr-beit_shemesh,2131,ucdb-name
syr-al_qusair,2132,ucdb-name
tza-nansio,2133,ucdb-name
uga-jinja,2134,ucdb-name
ssd-uc2135,2135,ucdb-id
moz-vilanculos,2136,ucdb-name
eth-gutin,2137,ucdb-name
ken-nyeri,2138,ucdb-name
irq-xebat,2139,ucdb-name
irn-ahar,2140,ucdb-name
sau-buraydah,2141,ucdb-name
aze-lankaran,2142,ucdb-name
som-buurhakaba,2144,ucdb-name
mdg-ambanja,2145,ucdb-name
uzb-po_lati,2146,ucdb-name
kaz-pavlodar,2147,ucdb-name
afg-dowlatabad,2148,ucdb-name
tjk-danghara,2149,ucdb-name
pak-shahdadkot,2150,ucdb-name
ind-porbandar,2151,ucdb-name
chn-karakash,2152,ucdb-name
npl-laukhi,2153,ucdb-name
lka-sammanturai,2154,ucdb-name
bgd-rajshahi,2155,ucdb-name
mmr-magway,2156,ucdb-name
tha-phetchaburi,2157,ucdb-name
idn-pandan,2158,ucdb-name
vnm-vien_an,2159,ucdb-name
mys-kota_bharu,2160,ucdb-name
prk-dong_an,2161,ucdb-name
kor-chungju_si,2162,ucdb-name
twn-luodong,2163,ucdb-name
jpn-yamaguchi,2164,ucdb-name
phl-orani,2165,ucdb-name
aus-campbelltown,2166,ucdb-name
usa-pleasanton,2167,ucdb-name
mex-navojoa,2168,ucdb-name
gtm-san_juan_sacatepequez,2169,ucdb-name
ecu-city_of_loja,2170,ucdb-name
per-lima,2171,k15-roster
col-cartago,2172,ucdb-name
cub-contramaestre,2173,ucdb-name
hti-hinche,2174,ucdb-name
ven-carora,2175,ucdb-name
can-sarnia,2176,ucdb-name
chl-san_felipe,2177,ucdb-name
arg-villa_carlos_paz,2178,ucdb-name
bra-sorriso,2179,ucdb-name
sen-kolda,2180,ucdb-name
gin-siguiri,2181,ucdb-name
mar-settat,2182,ucdb-name
civ-korhogo,2183,ucdb-name
esp-aviles,2184,ucdb-name
mli-timbuktu,2185,ucdb-name
gbr-edinburgh,2186,k15-roster
gha-assin_fosu,2187,ucdb-name
dza-el_abiodh_sidi_cheikh,2188,ucdb-name
fra-limoges,2189,ucdb-name
ben-ikpinle,2190,ucdb-name
nga-ikorodu,2191,ucdb-name
nld-hilversum,2192,ucdb-name
deu-ludenscheid,2193,ucdb-name
ner-arlit,2194,ucdb-name
ita-brescia,2195,ucdb-name
tun-jemmal,2196,ucdb-name
cmr-bafia,2197,ucdb-name
pol-gdansk,2198,k15-roster
ago-seles,2199,ucdb-name
cod-bandundu,2200,ucdb-name
tcd-sarh,2201,ucdb-name
rou-botosani,2202,ucdb-name
zaf-motherwell,2203,ucdb-name
ukr-bila_tserkva,2204,ucdb-name
tur-soke,2205,ucdb-name
rus-klin,2207,ucdb-name
egy-qaryat_salah_al_din,2208,ucdb-name
zmb-kapiri_mposhi,2209,ucdb-name
isr-nazareth,2210,ucdb-name
syr-homs,2211,ucdb-name
tza-mbalizi,2212,ucdb-name
uga-iganga,2213,ucdb-name
ssd-kapoeta,2214,ucdb-name
moz-caia,2215,ucdb-name
eth-agaro,2216,ucdb-name
ken-kitengela,2217,ucdb-name
irq-hit,2218,ucdb-name
irn-saqqez,2219,ucdb-name
sau-unaizah,2220,ucdb-name
aze-baku,2221,ucdb-name
mdg-antsiramandroso,2224,ucdb-name
uzb-kattakurgan,2225,ucdb-name
afg-koh_i_sayad,2226,ucdb-name
kaz-jetisay,2227,ucdb-name
tjk-isfara,2228,ucdb-name
pak-dera_murad_jamali,2229,ucdb-name
ind-gandhidham,2230,ucdb-name
chn-hotan,2231,ucdb-name
npl-inaruwa,2232,ucdb-name
lka-kalmunai,2233,ucdb-name
bgd-kakina,2234,ucdb-name
mmr-shwegu,2235,ucdb-name
tha-ban_phaeo,2236,ucdb-name
idn-perbaungan,2237,ucdb-name
vnm-ai_nghia,2238,ucdb-name
mys-malacca_city,2239,ucdb-name
prk-uc2240,2240,ucdb-id
kor-daejeon,2241,ucdb-name
twn-hualien,2242,ucdb-name
jpn-tomakomai,2243,ucdb-name
phl-bayombong,2244,ucdb-name
aus-penrith,2245,ucdb-name
usa-concord,2246,ucdb-name
mex-guasave,2247,ucdb-name
gtm-grufes_sector_de_mujere,2248,ucdb-name
ecu-cuenca,2249,ucdb-name
col-pereira,2251,ucdb-name
cub-holguin,2252,ucdb-name
ven-punto_fijo,2253,ucdb-name
hti-ouanaminthe,2254,ucdb-name
can-london,2255,ucdb-name
chl-los_andes,2256,ucdb-name
arg-villa_mercedes,2257,ucdb-name
bra-cuiaba,2258,ucdb-name
sen-koungheul,2259,ucdb-name
gin-tonborho,2260,ucdb-name
mar-bouskoura,2261,ucdb-name
civ-diegonefla,2262,ucdb-name
esp-oviedo_uvieu,2263,ucdb-name
gbr-liverpool,2264,ucdb-name
gha-konongo,2265,ucdb-name
mli-gao,2266,ucdb-name
dza-oued_rhiou,2267,ucdb-name
fra-toulouse,2268,k15-roster
ben-pobe,2269,ucdb-name
nga-iseyin,2270,ucdb-name
nld-houten,2271,ucdb-name
deu-iserlohn,2272,ucdb-name
ner-tchadoua,2273,ucdb-name
ita-massa,2274,ucdb-name
tun-monastir,2275,ucdb-name
cmr-yaounde,2276,ucdb-name
pol-inowrocaw,2277,ucdb-name
ago-m_banza_congo,2278,ucdb-name
cod-masi_manimba,2279,ucdb-name
tcd-mongo,2280,ucdb-name
rou-ploiesti,2281,ucdb-name
ukr-brovary,2282,ucdb-name
zaf-makhanda,2283,ucdb-name
tur-turgutlu,2284,ucdb-name
sdn-kalma_camp,2285,ucdb-name
rus-kaluga,2286,ucdb-name
egy-al_qoddaba,2287,ucdb-name
zmb-nchelenge,2288,ucdb-name
isr-jerusalem,2289,ucdb-name
syr-daraa,2290,ucdb-name
tza-nzega,2291,ucdb-name
uga-soroti,2293,ucdb-name
moz-morrumbala,2294,ucdb-name
ken-thika,2296,ucdb-name
irq-akre,2297,ucdb-name
irn-marivan,2298,ucdb-name
sau-abha,2299,ucdb-name
aze-astara,2300,ucdb-name
yem-bayt_al_faqih,2301,ucdb-name
som-qoryooley,2302,ucdb-name
mdg-toamasina,2303,ucdb-name
uzb-qarshi,2304,ucdb-name
kaz-shymkent,2306,ucdb-name
tjk-farkhor,2307,ucdb-name
ind-motikhavdi,2309,ucdb-name
chn-shihezi,2310,ucdb-name
npl-biratnagar,2311,ucdb-name
lka-akkaraipattu,2312,ucdb-name
bgd-birampur,2313,ucdb-name
mmr-myitkyina,2314,ucdb-name
tha-bangkok,2315,ucdb-name
idn-tarutung,2316,ucdb-name
vnm-bac_ninh,2317,ucdb-name
mys-muar,2318,ucdb-name
prk-chongnam,2319,ucdb-name
kor-iksan_si,2320,ucdb-name
twn-taitung,2321,ucdb-name
jpn-omuta,2322,ucdb-name
phl-manila,2323,ucdb-name
aus-sydney,2324,k15-roster
usa-vallejo,2325,ucdb-name
mex-guamuchil,2326,ucdb-name
gtm-coban,2327,ucdb-name
ecu-riobamba,2328,ucdb-name
col-garzon,2330,ucdb-name
cub-palma_soriano,2331,ucdb-name
ven-guanare,2332,ucdb-name
can-sault_ste_marie,2333,ucdb-name
chl-santiago,2334,k15-roster
arg-cordoba,2335,ucdb-name
bra-sinop,2336,ucdb-name
sen-velingara,2337,ucdb-name
gin-nzerekore,2338,ucdb-name
mar-berrechid,2339,ucdb-name
civ-oume,2340,ucdb-name
esp-algeciras,2341,ucdb-name
gbr-newport,2342,ucdb-name
gha-mankessim,2343,ucdb-name
dza-frenda,2344,ucdb-name
fra-chartres,2345,ucdb-name
mli-kidal,2346,ucdb-name
ben-kandi,2347,ucdb-name
nga-agbaku,2348,ucdb-name
nld-almere,2349,ucdb-name
deu-koblenz,2350,ucdb-name
ner-mayahi,2351,ucdb-name
ita-parma,2352,ucdb-name
tun-ksar_hellal,2353,ucdb-name
cmr-mbalmayo,2354,ucdb-name
pol-kalisz,2355,ucdb-name
ago-gabela,2356,ucdb-name
cod-bikoro,2357,ucdb-name
tcd-faya_largeau,2358,ucdb-name
rou-bucharest,2359,k15-roster
ukr-chernihiv,2360,ucdb-name
tur-akhisar,2361,ucdb-name
zaf-seweding,2362,ucdb-name
sdn-dabat_neira,2363,ucdb-name
rus-obninsk,2364,ucdb-name
egy-kafr_al_zaiyat,2365,ucdb-name
zmb-mansa,2366,ucdb-name
isr-tiberias,2367,ucdb-name
syr-al_rastan,2368,ucdb-name
tza-mbeya,2369,ucdb-name
uga-busia,2371,ucdb-name
moz-mopeia,2372,ucdb-name
eth-dangla,2373,ucdb-name
ken-machakos,2374,ucdb-name
irq-baiji,2375,ucdb-name
irn-parsabad,2376,ucdb-name
sau-khamis_mushayt,2377,ucdb-name
yem-qa_mal,2378,ucdb-name
som-buulo_mareer,2379,ucdb-name
mdg-antetezambaro,2380,ucdb-name
uzb-juma,2381,ucdb-name
afg-maymana,2382,ucdb-name
kaz-saragas,2383,ucdb-name
tjk-kulob,2384,ucdb-name
pak-zhob,2385,ucdb-name
ind-abhom,2386,ucdb-name
chn-changji_sanji,2387,ucdb-name
npl-birtamod,2388,ucdb-name
bgd-rangpur,2389,ucdb-name
mmr-waimaw,2390,ucdb-name
tha-lop_buri,2391,ucdb-name
idn-pematang_siantar,2392,ucdb-name
vnm-bac_giang,2393,ucdb-name
mys-segamat,2394,ucdb-name
prk-huichon,2395,ucdb-name
kor-gangneung,2396,ucdb-name
jpn-izumo,2397,ucdb-name
phl-balanga,2398,ucdb-name
aus-newcastle,2399,ucdb-name
usa-livermore,2400,ucdb-name
mex-culiacan,2401,ucdb-name
gtm-san_pedro_carcha,2402,ucdb-name
ecu-ambato,2403,ucdb-name
per-tarapoto,2404,ucdb-name
col-tierralta,2405,ucdb-name
cub-santiago_de_cuba,2406,ucdb-name
ven-el_tocuyo,2407,ucdb-name
can-kitchener,2408,ucdb-name
chl-talagante,2409,ucdb-name
arg-neuquen,2410,ucdb-name
bra-santarem,2411,ucdb-name
sen-medina_gounass,2412,ucdb-name
gin-lola,2413,ucdb-name
mar-deroua,2414,ucdb-name
civ-divo,2415,ucdb-name
esp-salamanca,2416,ucdb-name
gbr-weston_super_mare,2417,ucdb-name
gha-atebubu,2418,ucdb-name
dza-chettia,2419,ucdb-name
fra-boulogne_sur_mer,2420,ucdb-name
ben-nikki,2421,ucdb-name
nga-sagamu,2422,ucdb-name
nld-s_hertogenbosch,2423,ucdb-name
deu-hamm,2424,ucdb-name
ner-aguie,2425,ucdb-name
ita-livorno,2426,ucdb-name
tun-kelibia,2427,ucdb-name
cmr-banyo,2428,ucdb-name
pol-tczew,2429,ucdb-name
ago-quipungo,2430,ucdb-name
cod-mbandaka,2431,ucdb-name
tcd-kyabe,2432,ucdb-name
rou-bacau,2433,ucdb-name
ukr-uman,2434,ucdb-name
tur-bodrum,2435,ucdb-name
zaf-bloemfontein,2436,ucdb-name
sdn-gereida,2437,ucdb-name
rus-zelenograd,2438,ucdb-name
egy-sarawa,2439,ucdb-name
zmb-kasama,2440,ucdb-name
syr-haylan,2441,ucdb-name
tza-shinyanga,2442,ucdb-name
ssd-narus,2443,ucdb-name
uga-mbale_city,2444,ucdb-name
moz-lichinga,2445,ucdb-name
eth-jinka,2446,ucdb-name
ken-embu,2447,ucdb-name
irq-erbil,2448,ucdb-name
irn-meshginshahr,2449,ucdb-name
sau-jizan,2450,ucdb-name
som-berbera,2452,ucdb-name
mdg-antsiranana,2453,ucdb-name
uzb-samarqand,2454,ucdb-name
afg-emam_saheb,2455,ucdb-name
kaz-aqswkent,2456,ucdb-name
pak-karachi,2457,k15-roster
ind-mazgam,2458,ucdb-name
chn-keriya,2459,ucdb-name
bgd-durgapur,2460,ucdb-name
mmr-sagaing,2461,ucdb-name
tha-surat_thani,2462,ucdb-name
idn-tebing_tinggi,2463,ucdb-name
vnm-phu_xuyen,2464,ucdb-name
mys-kuala_terengganu,2465,ucdb-name
prk-sinanju,2466,ucdb-name
kor-jecheon_si,2467,ucdb-name
jpn-hofu,2468,ucdb-name
phl-mariveles,2469,ucdb-name
aus-toowoomba,2470,ucdb-name
usa-san_diego,2471,ucdb-name
mex-mazatlan,2472,ucdb-name
gtm-jalapa,2473,ucdb-name
ecu-latacunga,2474,ucdb-name
per-yurimaguas,2475,ucdb-name
col-florencia,2476,ucdb-name
ven-quibor,2478,ucdb-name
can-brantford,2479,ucdb-name
chl-penaflor,2480,ucdb-name
arg-cipolletti,2481,ucdb-name
bra-rondonopolis,2482,ucdb-name
sen-tambacounda,2483,ucdb-name
gin-sinko,2484,ucdb-name
mar-el_kelaa_des_sraghna,2485,ucdb-name
civ-yamoussoukro,2486,ucdb-name
esp-la_linea_de_la_concepcion,2487,ucdb-name
gbr-blackpool,2488,ucdb-name
gha-akim_oda,2489,ucdb-name
dza-chlef,2490,ucdb-name
fra-mantes_la_ville,2491,ucdb-name
ben-malanville,2492,ucdb-name
nga-kamba,2493,ucdb-name
nld-amersfoort,2494,ucdb-name
deu-osnabruck,2495,ucdb-name
ner-agadez,2496,ucdb-name
ita-pisa,2497,ucdb-name
tun-zarzis,2498,ucdb-name
cmr-sangmelima,2499,ucdb-name
pol-opole,2500,ucdb-name
ago-ganda,2501,ucdb-name
cod-bulungu,2502,ucdb-name
rou-buzau,2504,ucdb-name
tur-tire,2505,ucdb-name
ukr-pervomaisk,2506,ucdb-name
zaf-komani,2507,ucdb-name
sdn-buram,2508,ucdb-name
rus-zheleznogorsk,2509,ucdb-name
egy-borj_al_burullous,2510,ucdb-name
zmb-mpulungu,2511,ucdb-name
syr-adra,2512,ucdb-name
tza-kyela,2513,ucdb-name
uga-bukalasi,2514,ucdb-name
moz-marromeu,2515,ucdb-name
eth-addis_kidan,2516,ucdb-name
ken-meru,2517,ucdb-name
irq-ramadi,2518,ucdb-name
irn-uc2519,2519,ucdb-id
sau-sabya,2520,ucdb-name
yem-al_husaydhiah,2521,ucdb-name
som-shalaambood,2522,ucdb-name
uzb-guzor,2524,ucdb-name
kaz-sayram,2526,ucdb-name
pak-chitral,2527,ucdb-name
ind-pampore,2528,ucdb-name
chn-wujiaqu,2529,ucdb-name
bgd-joypurhat,2530,ucdb-name
mmr-madaya,2531,ucdb-name
tha-phra_nakhon_si_ayutthaya,2532,ucdb-name
idn-padang_sidempuan,2533,ucdb-name
vnm-que_vo,2534,ucdb-name
mys-batu_pahat,2535,ucdb-name
prk-uc2536,2536,ucdb-id
kor-jeonju,2537,ucdb-name
jpn-matsue,2538,ucdb-name
phl-san_jose,2539,ucdb-name
aus-thuringowa_central,2540,ucdb-name
usa-napa,2541,ucdb-name
mex-puerto_vallarta,2542,ucdb-name
gtm-jutiapa,2543,ucdb-name
ecu-quito,2544,ucdb-name
col-armenia,2545,ucdb-name
per-huanuco,2546,ucdb-name
cub-banes,2547,ucdb-name
ven-coro,2548,ucdb-name
can-cambridge,2549,ucdb-name
chl-colina,2550,ucdb-name
arg-general_roca,2551,ucdb-name
bra-primavera_do_leste,2552,ucdb-name
sen-kedougou,2553,ucdb-name
mar-benslimane,2554,ucdb-name
civ-ferkessedougou,2555,ucdb-name
esp-gijon,2556,ucdb-name
gbr-southport,2557,ucdb-name
gha-tamale,2558,ucdb-name
dza-tiaret,2559,ucdb-name
fra-calais,2560,ucdb-name
nga-iperu,2561,ucdb-name
nld-lelystad,2562,ucdb-name
deu-kaiserslautern,2563,ucdb-name
ita-lucca,2565,ucdb-name
cmr-tibati,2566,ucdb-name
pol-torun,2567,ucdb-name
ago-caluquembe,2568,ucdb-name
cod-libenge,2569,ucdb-name
tcd-umm_hajar,2570,ucdb-name
rou-iasi,2571,ucdb-name
tur-karacabey,2572,ucdb-name
ukr-odesa,2573,ucdb-name
zaf-botshabelo_k,2574,ucdb-name
sdn-al_fashir,2575,ucdb-name
rus-moscow,2576,k15-roster
egy-kafr_al_sheikh,2577,ucdb-name
zmb-mpika,2578,ucdb-name
syr-as_safirah,2579,ucdb-name
tza-musoma,2580,ucdb-name
uga-buligenyi,2581,ucdb-name
moz-milange,2582,ucdb-name
eth-durbete,2583,ucdb-name
ken-kk_market_centre,2584,ucdb-name
irq-tikrit,2585,ucdb-name
irn-tikab,2586,ucdb-name
sau-abu_arish,2587,ucdb-name
yem-zabid,2588,ucdb-name
som-merca,2589,ucdb-name
uzb-shahrisabz,2590,ucdb-name
afg-gawaki,2591,ucdb-name
kaz-taraz,2592,ucdb-name
pak-khairpur_nathan_shah,2593,ucdb-name
ind-jamnagar,2594,ucdb-name
chn-51_farm_of_12th_division,2595,ucdb-name
bgd-lalmonirhat,2596,ucdb-name
mmr-mandalay,2597,ucdb-name
tha-loei,2598,ucdb-name
idn-kisaran,2599,ucdb-name
vnm-phu_ly,2600,ucdb-name
mys-bukit_rangin,2601,ucdb-name
prk-anju,2602,ucdb-name
kor-mokpo_si,2603,ucdb-name
jpn-hakodate,2604,ucdb-name
phl-talavera,2605,ucdb-name
aus-ipswich,2606,ucdb-name
usa-antioch,2607,ucdb-name
mex-san_jose_del_valle,2608,ucdb-name
gtm-chiquimula,2609,ucdb-name
ecu-cumbaya,2610,ucdb-name
col-santa_rosa_de_cabal,2611,ucdb-name
per-cerro_de_pasco,2612,ucdb-name
cub-guantanamo,2613,ucdb-name
ven-barquisimeto,2614,ucdb-name
can-guelph,2615,ucdb-name
chl-talca,2616,ucdb-name
arg-rio_cuarto,2617,ucdb-name
bra-campo_grande,2618,ucdb-name
mar-ouarzazate,2619,ucdb-name
civ-ouangolodougou,2620,ucdb-name
esp-ceuta,2621,ucdb-name
gbr-ellesmere_port,2622,ucdb-name
gha-bolgatanga,2623,ucdb-name
dza-sougueur,2624,ucdb-name
fra-orleans,2625,ucdb-name
nga-ishara,2626,ucdb-name
nld-eindhoven,2627,ucdb-name
deu-oldenburg,2628,ucdb-name
ner-tessaoua,2629,ucdb-name
ita-reggio_nell_emilia,2630,ucdb-name
cmr-ngaoundal,2631,ucdb-name
pol-grudziadz,2632,ucdb-name
ago-cuimba,2633,ucdb-name
cod-kikwit,2634,ucdb-name
tcd-am_timan,2635,ucdb-name
rou-focsani,2636,ucdb-name
tur-istanbul,2637,k15-roster
ukr-kryzhanivka,2638,ucdb-name
zaf-botshabelo_n,2639,ucdb-name
sdn-mellit,2640,ucdb-name
rus-lobnya,2641,ucdb-name
egy-birma,2642,ucdb-name
zmb-mbala,2643,ucdb-name
syr-salamiyah,2644,ucdb-name
tza-bunda,2645,ucdb-name
moz-mandimba,2646,ucdb-name
eth-injibara,2647,ucdb-name
irq-soran,2648,ucdb-name
ken-mado_gashi,2649,ucdb-name
irn-mianeh,2650,ucdb-name
sau-samitah,2651,ucdb-name
yem-sa_dah,2652,ucdb-name
uzb-beshkapa,2654,ucdb-name
afg-sheberghan,2655,ucdb-name
kaz-balqas,2656,ucdb-name
pak-johi,2657,ucdb-name
ind-pulwama,2658,ucdb-name
chn-urumqi,2659,ucdb-name
bgd-naogaon,2660,ucdb-name
mmr-mogok,2661,ucdb-name
tha-saraburi,2662,ucdb-name
idn-panyabungan,2663,ucdb-name
vnm-ke_sat,2664,ucdb-name
mys-kuantan,2665,ucdb-name
prk-hyangsan,2666,ucdb-name
kor-gwangju,2667,ucdb-name
jpn-shunan,2668,ucdb-name
phl-tuguegarao,2669,ucdb-name
aus-cairns,2670,ucdb-name
usa-mission_viejo,2671,ucdb-name
mex-manzanillo,2672,ucdb-name
gtm-flores,2673,ucdb-name
ecu-otavalo,2674,ucdb-name
per-tingo_maria,2675,ucdb-name
col-medellin,2676,ucdb-name
cub-moa,2677,ucdb-name
ven-tamaca,2678,ucdb-name
can-hamilton,2679,ucdb-name
chl-curico,2680,ucdb-name
arg-villa_maria,2681,ucdb-name
bra-uruguaiana,2682,ucdb-name
mar-khouribga,2683,ucdb-name
civ-katiola,2684,ucdb-name
esp-leon,2685,ucdb-name
gbr-chester,2686,ucdb-name
gha-savelugu,2687,ucdb-name
fra-maurepas,2688,ucdb-name
dza-tissemsilt,2689,ucdb-name
nga-lakowe,2690,ucdb-name
nld-oss,2691,ucdb-name
deu-siegen,2692,ucdb-name
ner-matameye,2693,ucdb-name
ita-verona,2694,ucdb-name
cmr-garoua,2695,ucdb-name
pol-elblag,2696,ucdb-name
ago-xangongo,2697,ucdb-name
cod-kahemba,2698,ucdb-name
tcd-abeche,2699,ucdb-name
rou-galati,2700,ucdb-name
tur-aydin,2701,ucdb-name
ukr-smila,2702,ucdb-name
zaf-welkom,2703,ucdb-name
sdn-sheiria,2704,ucdb-name
rus-odintsovo,2705,ucdb-name
egy-terenuthis,2706,ucdb-name
zmb-katete,2707,ucdb-name
syr-al_bab,2708,ucdb-name
tza-bariadi,2709,ucdb-name
moz-nicoadala,2710,ucdb-name
eth-aykel,2711,ucdb-name
irq-al_khalidiyah,2712,ucdb-name
ken-bute_town,2713,ucdb-name
irn-eslamabad_e_gharb,2714,ucdb-name
sau-ad_dawadimi,2715,ucdb-name
som-wanlaweyn,2717,ucdb-name
uzb-urgut,2718,ucdb-name
afg-darzab,2719,ucdb-name
kaz-semey,2720,ucdb-name
pak-mehar_taluka,2721,ucdb-name
ind-bhachau,2722,ucdb-name
chn-fukang,2723,ucdb-name
bgd-baneshwar,2724,ucdb-name
mmr-bhamo,2725,ucdb-name
tha-trang,2726,ucdb-name
idn-pasaman,2727,ucdb-name
vnm-vinh_tru,2728,ucdb-name
mys-dungun,2729,ucdb-name
prk-mundok,2730,ucdb-name
kor-andong_si,2731,ucdb-name
jpn-kumamoto,2732,ucdb-name
phl-arayat,2733,ucdb-name
aus-brisbane,2734,ucdb-name
usa-poway,2735,ucdb-name
mex-el_alamito,2736,ucdb-name
gtm-el_estor,2737,ucdb-name
ecu-ibarra,2738,ucdb-name
col-caldas,2739,ucdb-name
per-chincha_alta,2740,ucdb-name
cub-baracoa,2741,ucdb-name
ven-cabudare,2742,ucdb-name
can-burlington,2743,ucdb-name
chl-san_fernando,2744,ucdb-name
arg-presidencia_roque_saenz_pena,2745,ucdb-name
bra-dourados,2746,ucdb-name
mar-rabat,2747,k15-roster
civ-bouake,2748,ucdb-name
esp-marbella,2749,ucdb-name
gbr-carlisle,2750,ucdb-name
gha-walewale,2751,ucdb-name
fra-cergy,2752,ucdb-name
dza-ain_defla,2753,ucdb-name
nga-ilishan,2754,ucdb-name
nld-veenendaal,2755,ucdb-name
deu-freiburg_im_breisgau,2756,ucdb-name
ner-tanout,2757,ucdb-name
ita-carpi,2758,ucdb-name
cmr-ngong,2759,ucdb-name
pol-wocawek,2760,ucdb-name
ago-matala,2761,ucdb-name
cod-makanza,2762,ucdb-name
tcd-biltine,2763,ucdb-name
rou-braila,2764,ucdb-name
tur-mustafakemalpasa,2765,ucdb-name
ukr-cherkasy,2766,ucdb-name
zaf-alabama,2767,ucdb-name
rus-uc2769,2769,ucdb-id
egy-masrif_shinu,2770,ucdb-name
zmb-chipata,2771,ucdb-name
syr-as_suwayda,2772,ucdb-name
tza-tarime,2773,ucdb-name
moz-quelimane,2774,ucdb-name
eth-seka,2775,ucdb-name
irq-samarra,2776,ucdb-name
ken-habswein,2777,ucdb-name
irn-ilam,2778,ucdb-name
sau-az_zulfi,2779,ucdb-name
som-beledweyne,2781,ucdb-name
uzb-jizzakh,2782,ucdb-name
afg-sayad,2783,ucdb-name
kaz-ust_kamenogorsk,2784,ucdb-name
pak-qambar,2785,ucdb-name
ind-ramnagri,2786,ucdb-name
chn-korla,2787,ucdb-name
bgd-chhaola,2788,ucdb-name
mmr-aunglan,2789,ucdb-name
tha-chon_buri,2790,ucdb-name
idn-gunung_tua,2791,ucdb-name
vnm-hung_yen,2792,ucdb-name
mys-chukai,2793,ucdb-name
kor-gumi_si,2795,ucdb-name
jpn-yonago,2796,ucdb-name
phl-cabanatuan,2797,ucdb-name
aus-gold_coast,2798,ucdb-name
usa-encinitas,2799,ucdb-name
mex-tecoman,2800,ucdb-name
gtm-poptun,2801,ucdb-name
ecu-cayambe,2802,ucdb-name
col-monteria,2803,ucdb-name
per-pisco,2804,ucdb-name
ven-acarigua,2805,ucdb-name
can-milton,2806,ucdb-name
chl-chillan,2807,ucdb-name
arg-san_francisco,2808,ucdb-name
bra-altamira,2809,ucdb-name
mar-sidi_yahya_zaer,2810,ucdb-name
civ-dimbokro,2811,ucdb-name
esp-cordoba,2812,ucdb-name
gbr-dundee,2813,ucdb-name
gha-nkawkaw,2814,ucdb-name
fra-poissy,2815,ucdb-name
dza-aflou,2816,ucdb-name
nga-igboho,2817,ucdb-name
nld-ede,2818,ucdb-name
deu-bremerhaven,2819,ucdb-name
ner-magaria,2820,ucdb-name
ita-modena,2821,ucdb-name
cmr-ngaoundere,2822,ucdb-name
pol-rybnik,2823,ucdb-name
ago-calulo,2824,ucdb-name
cod-bozene,2825,ucdb-name
tcd-goz_beida,2826,ucdb-name
rou-constanta,2827,ucdb-name
tur-arnavutkoy,2828,ucdb-name
ukr-shostka,2829,ucdb-name
zaf-uitkomsdal,2830,ucdb-name
sdn-muhajiriyah,2831,ucdb-name
rus-vologda,2832,ucdb-name
egy-al_shawashna,2833,ucdb-name
zmb-nakonde,2834,ucdb-name
syr-manbij,2835,ucdb-name
tza-makambako,2836,ucdb-name
moz-cuamba,2837,ucdb-name
eth-jimma,2838,ucdb-name
irq-kirkuk,2839,ucdb-name
ken-ukunda,2840,ucdb-name
irn-sareyn,2841,ucdb-name
sau-hafar_al_batin,2842,ucdb-name
som-afgooye,2844,ucdb-name
afg-sar_e_pol,2845,ucdb-name
uzb-sirdaryo,2846,ucdb-name
kaz-almaty,2847,ucdb-name
pak-nasirabad,2848,ucdb-name
ind-khrew,2849,ucdb-name
chn-qitai,2850,ucdb-name
bgd-bagha,2851,ucdb-name
mmr-kyaukse,2852,ucdb-name
tha-laem_chabang,2853,ucdb-name
idn-tanjung_balai,2854,ucdb-name
vnm-hai_duong,2855,ucdb-name
mys-kluang,2856,ucdb-name
prk-kaechon,2857,ucdb-name
kor-suncheon_si,2858,ucdb-name
jpn-kitami,2859,ucdb-name
phl-cabiao,2860,ucdb-name
aus-helensvale,2861,ucdb-name
usa-oceanside,2862,ucdb-name
mex-tepic,2863,ucdb-name
gtm-morales,2864,ucdb-name
ecu-puyo,2865,ucdb-name
col-manizales,2866,ucdb-name
per-ica,2867,ucdb-name
ven-duaca,2868,ucdb-name
can-toronto,2869,k15-roster
chl-rancagua,2870,ucdb-name
arg-santa_rosa,2871,ucdb-name
bra-foz_do_iguacu,2872,ucdb-name
mar-ain_el_aouda,2873,ucdb-name
civ-dabou,2874,ucdb-name
esp-talavera_de_la_reina,2875,ucdb-name
gbr-lancaster,2876,ucdb-name
gha-agona_swedru,2877,ucdb-name
fra-paris,2878,k15-roster
dza-khemis_miliana,2879,ucdb-name
nga-ibadan,2880,ucdb-name
nld-helmond,2881,ucdb-name
deu-gutersloh,2882,ucdb-name
ner-zinder,2883,ucdb-name
ita-trento,2884,ucdb-name
cmr-bertoua,2885,ucdb-name
pol-jastrzebie_zdroj,2886,ucdb-name
ago-n_dalatando,2887,ucdb-name
cod-bwamanda,2888,ucdb-name
tcd-adre,2889,ucdb-name
tur-odemis,2890,ucdb-name
ukr-konotop,2891,ucdb-name
zaf-sisulu_village,2892,ucdb-name
sdn-khazan_gedid,2893,ucdb-name
rus-oryol,2894,ucdb-name
egy-qotur,2895,ucdb-name
zmb-lundazi,2896,ucdb-name
syr-kobani,2897,ucdb-name
tza-singida,2898,ucdb-name
moz-muala,2899,ucdb-name
eth-tilili,2900,ucdb-name
irq-koya,2901,ucdb-name
ken-mombasa,2902,ucdb-name
irn-sanandaj,2903,ucdb-name
yem-al_jarrahi,2904,ucdb-name
sau-najran,2905,ucdb-name
som-burao,2906,ucdb-name
uzb-tashkent,2907,ucdb-name
afg-firozkoh,2908,ucdb-name
kaz-taldykorgan,2909,ucdb-name
pak-inayat_killi,2910,ucdb-name
ind-lanckhul,2911,ucdb-name
chn-gaochang,2912,ucdb-name
bgd-meherpur,2913,ucdb-name
mmr-meiktila,2914,ucdb-name
tha-nakhon_si_thammarat,2915,ucdb-name
idn-rantau_prapat,2916,ucdb-name
vnm-thanh_hoa,2917,ucdb-name
mys-kulai,2918,ucdb-name
kor-daegu,2920,ucdb-name
jpn-hiroshima,2921,ucdb-name
phl-gapan,2922,ucdb-name
aus-upper_coomera,2923,ucdb-name
usa-fairfield,2924,ucdb-name
mex-colima,2925,ucdb-name
gtm-puerto_barrios,2926,ucdb-name
ecu-tena,2927,ucdb-name
col-neiva,2928,ucdb-name
per-parcona,2929,ucdb-name
ven-san_carlos,2930,ucdb-name
can-st_catharines,2931,ucdb-name
chl-linares,2932,ucdb-name
arg-general_pico,2933,ucdb-name
bra-santana,2934,ucdb-name
mar-souk_sebt_oulad_nemma,2935,ucdb-name
civ-agboville,2936,ucdb-name
esp-fuengirola,2937,ucdb-name
gbr-shrewsbury,2938,ucdb-name
gha-asamankese,2939,ucdb-name
fra-dunkirk,2940,ucdb-name
dza-miliana,2941,ucdb-name
nga-kishi,2942,ucdb-name
nld-leeuwarden,2943,ucdb-name
deu-wiesbaden,2944,ucdb-name
ita-bolzano_bozen,2945,ucdb-name
ner-goure,2946,ucdb-name
cmr-mokolo,2947,ucdb-name
pol-gliwice,2948,ucdb-name
ago-caconda,2949,ucdb-name
cod-gungu,2950,ucdb-name
tcd-tine_djagaraba,2951,ucdb-name
tur-milas,2952,ucdb-name
ukr-kropyvnytskyi,2953,ucdb-name
zaf-east_london,2954,ucdb-name
sdn-khureit_al_kuma,2955,ucdb-name
rus-podolsk,2956,ucdb-name
egy-tala,2957,ucdb-name
syr-al_tabqah,2958,ucdb-name
tza-songea,2959,ucdb-name
moz-mocuba,2960,ucdb-name
eth-burie,2961,ucdb-name
irq-fallujah,2962,ucdb-name
ken-garissa,2963,ucdb-name
irn-ardabil,2964,ucdb-name
yem-hajja,2965,ucdb-name
sau-wadi_ad_dawasir,2966,ucdb-name
som-mogadishu,2967,k15-roster
uzb-boysun,2968,ucdb-name
pak-dera_allah_yar,2970,ucdb-name
kaz-esik,2971,ucdb-name
ind-tral,2972,ucdb-name
chn-hami,2973,ucdb-name
bgd-uc2974,2974,ucdb-id
mmr-taungdwingyi,2975,ucdb-name
tha-chachoengsao,2976,ucdb-name
idn-lubuk_sikaping,2977,ucdb-name
vnm-ninh_binh,2978,ucdb-name
mys-johor_bahru,2979,ucdb-name
prk-sukchon,2980,ucdb-name
kor-taein_dong,2981,ucdb-name
jpn-yatsushiro,2982,ucdb-name
phl-apalit,2983,ucdb-name
aus-north_lakes,2984,ucdb-name
usa-brentwood,2985,ucdb-name
mex-ciudad_guzman,2986,ucdb-name
ecu-tulcan,2987,ucdb-name
col-lorica,2988,ucdb-name
per-huancayo,2989,ucdb-name
ven-marin,2990,ucdb-name
can-niagara_falls,2991,ucdb-name
chl-los_angeles,2992,ucdb-name
arg-rafaela,2993,ucdb-name
bra-macapa,2994,ucdb-name
mar-fkih_ben_salah,2995,ucdb-name
civ-abidjan,2996,ucdb-name
esp-valladolid,2997,ucdb-name
gbr-hereford,2998,ucdb-name
gha-yeji,2999,ucdb-name
fra-amiens,3000,ucdb-name
dza-ksar_chellala,3001,ucdb-name
nga-oyo,3002,ucdb-name
nld-nijmegen,3003,ucdb-name
deu-ritterhude,3004,ucdb-name
ita-florence,3005,ucdb-name
ner-maine_soroa,3006,ucdb-name
cmr-guider,3007,ucdb-name
pol-katowice,3008,ucdb-name
ago-quibala,3009,ucdb-name
cod-idiofa,3010,ucdb-name
tcd-karyari,3011,ucdb-name
tur-salihli,3012,ucdb-name
ukr-mykolaiv,3013,ucdb-name
zaf-potchefstroom,3014,ucdb-name
sdn-ad_da_ein,3015,ucdb-name
rus-sergiyev_posad,3016,ucdb-name
egy-al_shuhada,3017,ucdb-name
syr-raqqa,3018,ucdb-name
tza-iringa,3019,ucdb-name
moz-gurue,3020,ucdb-name
irq-uc3022,3022,ucdb-id
ken-jumba_la_mtwana,3023,ucdb-name
irn-kamyaran,3024,ucdb-name
sau-riyadh,3026,ucdb-name
som-balcad,3027,ucdb-name
uzb-yangiyul,3028,ucdb-name
afg-lashkar_gah,3029,ucdb-name
pak-sita_road,3030,ucdb-name
kaz-zharkent,3031,ucdb-name
ind-barmer,3032,ucdb-name
chn-shigatse,3033,ucdb-name
bgd-dupchachia,3034,ucdb-name
mmr-wundwin,3035,ucdb-name
tha-pattaya,3036,ucdb-name
idn-pasir_pengaraian,3037,ucdb-name
vnm-but_son,3038,ucdb-name
prk-onsong,3039,ucdb-name
mys-kuching,3040,ucdb-name
kor-wolha_dong,3041,ucdb-name
jpn-iwakuni,3042,ucdb-name
phl-santiago,3043,ucdb-name
aus-cleveland,3044,ucdb-name
usa-escondido,3045,ucdb-name
mex-agua_prieta,3046,ucdb-name
ecu-puerto_francisco_de_orellana,3047,ucdb-name
col-rionegro,3048,ucdb-name
per-pucallpa,3049,ucdb-name
ven-tinaquillo,3050,ucdb-name
can-newmarket,3051,ucdb-name
chl-temuco,3052,ucdb-name
arg-venado_tuerto,3053,ucdb-name
bra-barra_do_garcas,3054,ucdb-name
mar-sidi_taibi,3055,ucdb-name
esp-torremolinos,3056,ucdb-name
civ-daoukro,3057,ucdb-name
gbr-bristol,3058,ucdb-name
gha-winneba,3059,ucdb-name
fra-creil,3060,ucdb-name
dza-el_affroun,3061,ucdb-name
nga-ijebu_ode,3062,ucdb-name
nld-maastricht,3063,ucdb-name
deu-delmenhorst,3064,ucdb-name
ita-bologna,3065,k15-roster
ner-diffa,3066,ucdb-name
cmr-figuil,3067,ucdb-name
pol-czestochowa,3068,ucdb-name
ago-waku_kungo,3069,ucdb-name
cod-budjala,3070,ucdb-name
tcd-um_dukhan,3071,ucdb-name
tur-mudanya,3072,ucdb-name
zaf-kroonstad,3073,ucdb-name
ukr-oleksandriia,3074,ucdb-name
sdn-abu_matarig,3075,ucdb-name
rus-ivanteyevka,3076,ucdb-name
egy-sanhur,3077,ucdb-name
syr-deir_ez_zor,3078,ucdb-name
tza-dodoma,3079,ucdb-name
moz-maganja,3080,ucdb-name
eth-merawi,3081,ucdb-name
irq-al_mushahidah,3082,ucdb-name
irn-kermanshah,3084,ucdb-name
sau-zahrat_laban,3086,ucdb-name
som-jowhar,3087,ucdb-name
uzb-sherobod,3088,ucdb-name
afg-tukzar,3089,ucdb-name
pak-dadu,3090,ucdb-name
ind-anantnag,3091,ucdb-name
chn-golmud,3092,ucdb-name
bgd-malikbeg,3093,ucdb-name
mmr-pyin_oo_lwin,3094,ucdb-name
tha-sattahip,3095,ucdb-name
idn-padang,3096,ucdb-name
vnm-lang_son,3097,ucdb-name
prk-phyongwon,3098,ucdb-name
mys-sibu,3099,ucdb-name
kor-jinju_si,3100,ucdb-name
jpn-beppu,3101,ucdb-name
phl-nasugbu,3102,ucdb-name
aus-redcliffe,3103,ucdb-name
usa-bakersfield,3104,ucdb-name
mex-guadalajara,3105,ucdb-name
ecu-nueva_loja,3106,ucdb-name
col-ibague,3107,ucdb-name
per-bajo_pichanaqui,3108,ucdb-name
ven-valencia,3109,ucdb-name
can-barrie,3110,ucdb-name
chl-valdivia,3111,ucdb-name
arg-santa_fe,3112,ucdb-name
bra-mineiros,3113,ucdb-name
mar-azilal,3114,ucdb-name
esp-malaga,3115,k15-roster
civ-adzope,3116,ucdb-name
gbr-runcorn,3117,ucdb-name
gha-salaga,3118,ucdb-name
fra-bourges,3119,ucdb-name
dza-kolea,3120,ucdb-name
nga-ago_iwoye,3121,ucdb-name
nld-arnhem,3122,ucdb-name
deu-bielefeld,3123,ucdb-name
ita-grosseto,3124,ucdb-name
ner-n_guigmi,3125,ucdb-name
cmr-mora,3126,ucdb-name
pol-pabianice,3127,ucdb-name
ago-uige,3128,ucdb-name
cod-gemena,3129,ucdb-name
tur-bursa,3130,ucdb-name
zaf-rustenburg,3131,ucdb-name
ukr-kremenchuk,3132,ucdb-name
rus-serpukhov,3134,ucdb-name
egy-kafr_al_tarayna,3135,ucdb-name
syr-al_hasakah,3136,ucdb-name
tza-ifakara,3137,ucdb-name
moz-pebane,3139,ucdb-name
irq-shorsh,3140,ucdb-name
sau-al_ared,3144,ucdb-name
som-bulo_burto,3145,ucdb-name
uzb-gulistan,3146,ucdb-name
afg-uc3147,3147,ucdb-id
pak-nurrar,3148,ucdb-name
ind-pokaran,3149,ucdb-name
chn-jiayuguan,3150,ucdb-name
bgd-shihali,3151,ucdb-name
mmr-pyay,3152,ucdb-name
tha-prachin_buri,3153,ucdb-name
idn-bukittinggi,3154,ucdb-name
vnm-nam_inh,3155,ucdb-name
prk-musan,3156,ucdb-name
mys-bintulu,3157,ucdb-name
kor-jeju_si,3158,ucdb-name
jpn-kure,3159,ucdb-name
phl-calaca,3160,ucdb-name
aus-caloundra,3161,ucdb-name
usa-tracy,3162,ucdb-name
mex-tesistan,3163,ucdb-name
col-montelibano,3164,ucdb-name
per-pena_negra,3165,ucdb-name
ven-puerto_ayacucho,3166,ucdb-name
can-pickering,3167,ucdb-name
chl-osorno,3168,ucdb-name
arg-santo_tome,3169,ucdb-name
bra-toledo,3170,ucdb-name
mar-kenitra,3171,ucdb-name
esp-palencia,3172,ucdb-name
civ-grand_bassam,3173,ucdb-name
gbr-preston,3174,ucdb-name
gha-accra,3175,k15-roster
fra-le_mee_sur_seine,3176,ucdb-name
dza-medea,3177,ucdb-name
nga-epe,3178,ucdb-name
nld-geleen,3179,ucdb-name
deu-bremen,3180,ucdb-name
ita-vicenza,3181,ucdb-name
cmr-fotokol,3182,ucdb-name
pol-lodz,3183,k15-roster
ago-ondjiva,3184,ucdb-name
cod-basankusu,3185,ucdb-name
tur-nazilli,3186,ucdb-name
zaf-khutsong,3187,ucdb-name
ukr-uc3188,3188,ucdb-id
sdn-umm_kaddada,3189,ucdb-name
rus-fryazino,3190,ucdb-name
egy-tanta,3191,ucdb-name
syr-ash_shaddaday,3192,ucdb-name
tza-arusha,3193,ucdb-name
eth-genet,3194,ucdb-name
moz-moma,3195,ucdb-name
irq-tuz_khormato,3196,ucdb-name
ken-wajir,3197,ucdb-name
irn-talesh,3198,ucdb-name
sau-as_sayh,3200,ucdb-name
som-jalalaqsi,3201,ucdb-name
uzb-tashlak,3202,ucdb-name
afg-girishk,3203,ucdb-name
pak-badah,3204,ucdb-name
ind-devsar,3205,ucdb-name
chn-nagqu,3206,ucdb-name
bgd-natore,3207,ucdb-name
mmr-pathein,3208,ucdb-name
tha-phatthalung,3209,ucdb-name
idn-ujung_batu,3210,ucdb-name
vnm-diem_pho,3211,ucdb-name
prk-onchon,3212,ucdb-name
mys-miri,3214,ucdb-name
jpn-oita,3215,ucdb-name
phl-tagaytay,3216,ucdb-name
aus-sunshine_coast,3217,ucdb-name
usa-vacaville,3218,ucdb-name
mex-lazaro_cardenas,3219,ucdb-name
col-sahagun,3220,ucdb-name
per-iquitos,3221,ucdb-name
ven-puerto_cabello,3222,ucdb-name
can-oshawa,3223,ucdb-name
chl-puerto_montt,3224,ucdb-name
arg-reconquista,3225,ucdb-name
bra-sant_ana_do_livramento,3226,ucdb-name
mar-oued_zem,3227,ucdb-name
civ-abengourou,3228,ucdb-name
esp-collado_villalba,3229,ucdb-name
gbr-wigan,3230,ucdb-name
gha-suhum,3231,ucdb-name
fra-lens,3232,ucdb-name
dza-ksar_el_boukhari,3233,ucdb-name
nga-bunza,3234,ucdb-name
nld-apeldoorn,3235,ucdb-name
deu-russelsheim_am_main,3236,ucdb-name
ita-ferrara,3237,ucdb-name
cmr-maroua,3238,ucdb-name
pol-tychy,3239,ucdb-name
ago-caala,3240,ucdb-name
cod-dibaya_lubwe,3241,ucdb-name
tur-alasehir,3242,ucdb-name
zaf-paardekraal_ext_2,3243,ucdb-name
ukr-kherson,3244,ucdb-name
rus-zhukovsky,3246,ucdb-name
egy-al_gharaq,3247,ucdb-name
syr-al_mayadin,3248,ucdb-name
eth-sawla_felege_neway,3249,ucdb-name
tza-tunduru,3250,ucdb-name
moz-montepuez,3251,ucdb-name
irq-sab_al_bor,3252,ucdb-name
ken-malindi,3253,ucdb-name
irn-zanjan,3254,ucdb-name
yem-shi_b_al_ghayl,3255,ucdb-name
sau-al_khafji,3256,ucdb-name
som-guriel,3257,ucdb-name
uzb-chibintepa,3258,ucdb-name
afg-mazar_i_sharif,3259,ucdb-name
pak-pashat,3260,ucdb-name
ind-upleta,3261,ucdb-name
chn-lhasa,3262,ucdb-name
bgd-naldanga,3263,ucdb-name
mmr-nawnghkio,3264,ucdb-name
tha-map_ta_phut,3265,ucdb-name
idn-batusangkar,3266,ucdb-name
vnm-cau_giat,3267,ucdb-name
prk-hyesan,3268,ucdb-name
kor-pohang_si,3269,ucdb-name
mys-pangkalan,3270,ucdb-name
jpn-obihiro,3271,ucdb-name
phl-lemery,3272,ucdb-name
usa-riverside,3273,ucdb-name
mex-durango,3274,ucdb-name
col-cartagena,3275,ucdb-name
per-huanta,3276,ucdb-name
ven-biruaca,3277,ucdb-name
can-peterborough,3278,ucdb-name
chl-coyhaique,3279,ucdb-name
arg-resistencia,3280,ucdb-name
bra-umuarama,3281,ucdb-name
mar-beni_mellal,3282,ucdb-name
esp-ciudad_real,3283,ucdb-name
civ-aboisso,3284,ucdb-name
gbr-warrington,3285,ucdb-name
gha-new_tafo_akim,3286,ucdb-name
fra-montevrain,3287,ucdb-name
dza-blida,3288,ucdb-name
nga-ijebu_igbo,3289,ucdb-name
nld-zwolle,3290,ucdb-name
deu-karlsruhe,3291,ucdb-name
ita-bassano_del_grappa,3292,ucdb-name
cmr-meiganga,3293,ucdb-name
pol-sosnowiec,3294,ucdb-name
ago-santa_clara,3295,ucdb-name
cod-bili,3296,ucdb-name
tur-gemlik,3297,ucdb-name
zaf-mohlakeng,3298,ucdb-name
ukr-kryvyi_rih,3299,ucdb-name
sdn-adiela,3300,ucdb-name
rus-alexandrov,3301,ucdb-name
egy-sers_al_layyan,3302,ucdb-name
syr-qamishli,3303,ucdb-name
eth-bako,3304,ucdb-name
tza-moshi,3305,ucdb-name
moz-nampula,3306,ucdb-name
irq-baghdad,3307,ucdb-name
ken-masalani,3308,ucdb-name
irn-kuhdasht,3309,ucdb-name
sau-sharurah,3311,ucdb-name
som-adado,3312,ucdb-name
uzb-chirchiq,3313,ucdb-name
afg-khwaja_iskandar,3314,ucdb-name
pak-bannu,3315,ucdb-name
ind-mangrol,3316,ucdb-name
chn-jiuquan,3317,ucdb-name
bgd-polashbari,3318,ucdb-name
mmr-myan_aung,3319,ucdb-name
tha-udon_thani,3320,ucdb-name
idn-payakumbuh,3321,ucdb-name
vnm-ninh_binh-2,3322,ucdb-name
prk-tokchon,3323,ucdb-name
kor-changwon,3324,ucdb-name
mys-kampong_pulau_melayu,3325,ucdb-name
jpn-tottori,3326,ucdb-name
usa-manteca,3328,ucdb-name
mex-apatzingan,3329,ucdb-name
col-sincelejo,3330,ucdb-name
per-ayacucho,3331,ucdb-name
ven-las_mercedes,3332,ucdb-name
can-kingston,3333,ucdb-name
arg-parana,3334,ucdb-name
chl-punta_arenas,3335,ucdb-name
bra-breves,3336,ucdb-name
mar-bejaad,3337,ucdb-name
esp-madrid,3338,k15-roster
civ-agnibilekrou,3339,ucdb-name
gbr-manchester,3340,ucdb-name
gha-nsawam,3341,ucdb-name
fra-arras,3342,ucdb-name
dza-zeralda,3343,ucdb-name
nga-dakingari,3344,ucdb-name
nld-heerlen,3345,ucdb-name
deu-mannheim,3346,ucdb-name
ita-padua,3347,k15-roster
cmr-kaele,3348,ucdb-name
pol-pock,3349,ucdb-name
ago-huambo,3350,ucdb-name
cod-brabanta,3351,ucdb-name
tur-marmaris,3352,ucdb-name
zaf-vanderbijlpark,3353,ucdb-name
ukr-sumy,3354,ucdb-name
sdn-ailliet,3355,ucdb-name
rus-ramenskoye,3356,ucdb-name
egy-tabluha,3357,ucdb-name
syr-abu_kamal,3358,ucdb-name
eth-shambu,3359,ucdb-name
tza-morogoro,3360,ucdb-name
moz-chiure_sede,3361,ucdb-name
irq-qaladiza,3362,ucdb-name
ken-takaba,3363,ucdb-name
irn-asadabad,3364,ucdb-name
yem-mawza,3365,ucdb-name
sau-uc3366,3366,ucdb-id
uzb-angor,3368,ucdb-name
afg-mirzay,3369,ucdb-name
pak-jacobabad,3370,ucdb-name
ind-jammu,3371,ucdb-name
bgd-kurigram,3372,ucdb-name
chn-zhangye,3373,ucdb-name
mmr-kyaukme,3374,ucdb-name
tha-nakhon_ratchasima,3375,ucdb-name
idn-solok,3376,ucdb-name
vnm-dien_chau,3377,ucdb-name
prk-sunchon,3378,ucdb-name
kor-gyeongju_si,3379,ucdb-name
mys-kota_kinabalu,3380,ucdb-name
jpn-kagoshima,3381,ucdb-name
phl-binangonan,3382,ucdb-name
usa-stockton,3383,ucdb-name
mex-sahuayo_de_morelos,3384,ucdb-name
col-espinal,3385,ucdb-name
per-cusco,3386,ucdb-name
ven-maracay,3387,ucdb-name
can-kanata,3388,ucdb-name
arg-corrientes,3389,ucdb-name
bra-cascavel,3390,ucdb-name
mar-tiflet,3391,ucdb-name
esp-jaen,3392,ucdb-name
civ-bondoukou,3393,ucdb-name
gbr-telford,3394,ucdb-name
gha-koforidua,3395,ucdb-name
fra-meaux,3396,ucdb-name
dza-algiers,3397,ucdb-name
nga-igbeti,3398,ucdb-name
nld-deventer,3399,ucdb-name
deu-frankfurt_am_main,3400,k15-roster
ita-arezzo,3401,ucdb-name
cmr-batouri,3402,ucdb-name
pol-bechatow,3403,ucdb-name
ago-bailundo,3404,ucdb-name
cod-karawa,3405,ucdb-name
tur-mugla,3406,ucdb-name
zaf-modderspruit,3407,ucdb-name
ukr-poltava,3408,ucdb-name
rus-noginsk,3409,ucdb-name
sdn-ghubaysh,3410,ucdb-name
egy-tubhar,3411,ucdb-name
syr-al_mu_abbadah,3412,ucdb-name
eth-kola_diba,3413,ucdb-name
tza-masasi,3414,ucdb-name
moz-namialo,3415,ucdb-name
irq-at_taji,3416,ucdb-name
ken-lulis,3417,ucdb-name
irn-nurabad,3418,ucdb-name
sau-al_jubayl,3420,ucdb-name
som-erigavo,3421,ucdb-name
uzb-termez,3422,ucdb-name
pak-khar_bajaur,3424,ucdb-name
ind-r_s_pura,3425,ucdb-name
bgd-sundarganj,3426,ucdb-name
chn-yushu,3427,ucdb-name
mmr-paungde,3428,ucdb-name
tha-hat_yai,3429,ucdb-name
idn-bagan_siapi_api,3430,ucdb-name
vnm-sam_son,3431,ucdb-name
prk-buheung_dong,3432,ucdb-name
kor-hallim_myeon,3433,ucdb-name
mys-keningau,3434,ucdb-name
jpn-aira,3435,ucdb-name
phl-batangas_city,3436,ucdb-name
usa-modesto,3437,ucdb-name
mex-ocotlan,3438,ucdb-name
col-caucasia,3439,ucdb-name
per-arequipa,3440,ucdb-name
ven-calabozo,3441,ucdb-name
can-honey_gables,3442,ucdb-name
arg-funes,3443,ucdb-name
bra-jatai,3444,ucdb-name
mar-kasba_tadla,3445,ucdb-name
esp-granada,3446,ucdb-name
gbr-blackburn,3447,ucdb-name
gha-bawku,3448,ucdb-name
fra-lille,3449,k15-roster
dza-laghouat,3450,ucdb-name
nga-birnin_kebbi,3451,ucdb-name
nld-groningen,3452,ucdb-name
deu-paderborn,3453,ucdb-name
ita-mestre,3454,ucdb-name
pol-bielsko_biaa,3455,ucdb-name
cmr-kousseri,3456,ucdb-name
ago-mussende,3457,ucdb-name
cod-binga,3458,ucdb-name
tur-yalova,3459,ucdb-name
zaf-sasolburg,3460,ucdb-name
ukr-kamianske,3461,ucdb-name
rus-uc3462,3462,ucdb-id
sdn-muglad,3463,ucdb-name
egy-shibin_al_kom,3464,ucdb-name
eth-gonder,3465,ucdb-name
tza-picha_ya_ndege,3466,ucdb-name
moz-monapo,3467,ucdb-name
irq-karbala,3468,ucdb-name
ken-banissa,3469,ucdb-name
irn-bandar_e_anzali,3470,ucdb-name
sau-al_ahsa,3472,ucdb-name
uzb-jarqurgon,3474,ucdb-name
pak-landi_kotal,3476,ucdb-name
ind-keshod,3477,ucdb-name
bgd-bhawaniganj,3478,ucdb-name
chn-jinchang,3479,ucdb-name
mmr-labutta,3480,ucdb-name
tha-klaeng,3481,ucdb-name
idn-bangkinang,3482,ucdb-name
vnm-phu_lien,3483,ucdb-name
prk-uc3484,3484,ucdb-id
kor-jinhae_gu,3485,ucdb-name
mys-sandakan,3486,ucdb-name
jpn-fukuyama,3487,ucdb-name
phl-baras,3488,ucdb-name
usa-palmdale,3489,ucdb-name
mex-los_reyes_de_salgado,3490,ucdb-name
col-girardot,3491,ucdb-name
per-ilo,3492,ucdb-name
ven-palo_negro,3493,ucdb-name
can-ottawa,3494,ucdb-name
arg-san_lorenzo,3495,ucdb-name
bra-santo_angelo,3496,ucdb-name
mar-sidi_yahya_du_gharb,3497,ucdb-name
esp-santander,3498,ucdb-name
gbr-crewe,3499,ucdb-name
gha-gushiegu,3500,ucdb-name
fra-douai,3501,ucdb-name
dza-berrouaghia,3502,ucdb-name
nga-taba,3503,ucdb-name
nld-almelo,3504,ucdb-name
deu-gieen,3505,ucdb-name
ita-forli,3506,ucdb-name
pol-piotrkow_trybunalski,3507,ucdb-name
cmr-pouss,3508,ucdb-name
ago-malanje,3509,ucdb-name
cod-ilebo,3510,ucdb-name
tur-inegol,3511,ucdb-name
zaf-johannesburg,3512,ucdb-name
rus-kursk,3513,ucdb-name
ukr-yevpatoriya,3514,ucdb-name
sdn-babanusah,3515,ucdb-name
egy-6th_of_october,3516,ucdb-name
eth-bahir_dar,3517,ucdb-name
tza-bagamoyo,3518,ucdb-name
irq-jafar_muhammad_ali,3519,ucdb-name
moz-miezi,3520,ucdb-name
ken-dagahaley_refugee_camp,3521,ucdb-name
irn-hamedan,3522,ucdb-name
yem-khamir,3523,ucdb-name
sau-safwa,3524,ucdb-name
som-las_anod,3525,ucdb-name
uzb-denov,3526,ucdb-name
pak-larkana,3528,ucdb-name
ind-garwel,3529,ucdb-name
bgd-begunbaria,3530,ucdb-name
chn-huangyuan,3531,ucdb-name
mmr-namhkam,3532,ucdb-name
tha-songkhla,3533,ucdb-name
idn-duri,3534,ucdb-name
vnm-phat_diem,3535,ucdb-name
prk-pyongsong,3536,ucdb-name
kor-tongyeong_si,3537,ucdb-name
mys-tawau,3538,ucdb-name
jpn-onomichi,3539,ucdb-name
phl-lipa,3540,ucdb-name
usa-turlock,3541,ucdb-name
mex-cuauhtemoc,3542,ucdb-name
col-corozal,3543,ucdb-name
per-moquegua,3544,ucdb-name
ven-villa_de_cura,3545,ucdb-name
can-gatineau,3546,ucdb-name
arg-rosario,3547,ucdb-name
bra-cianorte,3548,ucdb-name
mar-larache,3549,ucdb-name
esp-valdemoro,3550,ucdb-name
gbr-bath,3551,ucdb-name
gha-donkorkrom,3552,ucdb-name
fra-perpignan,3553,ucdb-name
dza-ain_oussara,3554,ucdb-name
nga-iwo,3555,ucdb-name
nld-hengelo,3556,ucdb-name
deu-minden,3557,ucdb-name
ita-treviso,3558,ucdb-name
pol-olsztyn,3559,ucdb-name
cmr-yokadouma,3560,ucdb-name
ago-andulo,3561,ucdb-name
cod-tshikapa,3562,ucdb-name
tur-kocaeli,3563,ucdb-name
zaf-evaton,3564,ucdb-name
rus-elektrostal,3565,ucdb-name
ukr-nikopol,3566,ucdb-name
sdn-en_nahud,3567,ucdb-name
egy-shunufa,3568,ucdb-name
eth-asendabo,3569,ucdb-name
tza-dar_es_salaam,3570,ucdb-name
irq-qaryat_at_taliah,3571,ucdb-name
moz-mocimboa_da_praia,3572,ucdb-name
ken-dadaab,3573,ucdb-name
yem-amran,3574,ucdb-name
sau-dammam,3576,ucdb-name
som-ceel_dheer,3577,ucdb-name
uzb-uzun,3578,ucdb-name
afg-deh_rawud,3579,ucdb-name
pak-ratodero,3580,ucdb-name
ind-dhoraji,3581,ucdb-name
bgd-lalpur,3582,ucdb-name
chn-minqin,3583,ucdb-name
mmr-myaung_mya,3584,ucdb-name
tha-khon_kaen,3585,ucdb-name
idn-pekanbaru,3586,ucdb-name
vnm-co_le,3587,ucdb-name
prk-uc3588,3588,ucdb-id
kor-gimhae,3589,ucdb-name
mys-lahad_datu,3590,ucdb-name
jpn-kirishima,3591,ucdb-name
phl-tanay,3592,ucdb-name
usa-temecula,3593,ucdb-name
mex-tepatitlan,3594,ucdb-name
col-turbaco,3595,ucdb-name
per-juliaca,3596,ucdb-name
ven-san_mateo,3597,ucdb-name
can-orleans,3598,ucdb-name
arg-goya,3599,ucdb-name
bra-paranavai,3600,ucdb-name
mar-khemisset,3601,ucdb-name
esp-burgos,3602,ucdb-name
gbr-oswaldtwistle,3603,ucdb-name
gha-yendi,3604,ucdb-name
fra-clermont_ferrand,3605,ucdb-name
dza-hassi_el_garra,3606,ucdb-name
nga-ikire,3607,ucdb-name
nld-enschede,3608,ucdb-name
deu-darmstadt,3609,ucdb-name
ita-venice,3610,ucdb-name
pol-tomaszow_mazowiecki,3611,ucdb-name
cmr-yagoua,3612,ucdb-name
ago-cuito,3613,ucdb-name
cod-tshibinda,3614,ucdb-name
tur-golcuk,3615,ucdb-name
zaf-lenasia,3616,ucdb-name
rus-tula,3617,ucdb-name
ukr-dnipro,3618,ucdb-name
egy-fidimin,3619,ucdb-name
sdn-al_mazrub,3620,ucdb-name
eth-sheraro,3621,ucdb-name
tza-tanga,3622,ucdb-name
irq-al_khalis,3623,ucdb-name
moz-pemba,3624,ucdb-name
ken-ifo_refugee_camp,3625,ucdb-name
irn-rasht,3627,ucdb-name
sau-ra_s_tannurah,3628,ucdb-name
som-galkayo,3629,ucdb-name
uzb-sho_rchi,3630,ucdb-name
pak-samarbagh,3632,ucdb-name
ind-phalodi,3633,ucdb-name
bgd-kuchiamora,3634,ucdb-name
chn-datong,3635,ucdb-name
mmr-nattalin,3636,ucdb-name
tha-tha_chang,3637,ucdb-name
idn-sungai_penuh,3638,ucdb-name
vnm-ninh_cuong,3639,ucdb-name
prk-uc3640,3640,ucdb-id
kor-yangsan,3641,ucdb-name
jpn-matsuyama,3642,ucdb-name
mys-semporna,3643,ucdb-name
phl-san_pablo,3644,ucdb-name
usa-hanford,3645,ucdb-name
mex-zihuatanejo,3646,ucdb-name
col-arjona,3647,ucdb-name
per-puno,3648,ucdb-name
ven-san_juan_de_los_morros,3649,ucdb-name
can-vaudreuil_dorion,3650,ucdb-name
arg-formosa,3651,ucdb-name
bra-ijui,3652,ucdb-name
mar-souk_el_arbaa,3653,ucdb-name
esp-rivas_vaciamadrid,3654,ucdb-name
gbr-gloucester,3655,ucdb-name
gha-odumase,3656,ucdb-name
fra-valenciennes,3657,ucdb-name
dza-hassi_bahbah,3658,ucdb-name
nga-bagudo,3659,ucdb-name
deu-heidelberg,3660,ucdb-name
ita-ravenna,3661,ucdb-name
pol-krakow,3662,k15-roster
cmr-touboro,3663,ucdb-name
ago-camacupa,3664,ucdb-name
cod-kamonia,3665,ucdb-name
tur-denizli,3666,ucdb-name
zaf-mthatha,3667,ucdb-name
rus-yaroslavl,3668,ucdb-name
ukr-sevastopol,3669,ucdb-name
egy-samadon,3670,ucdb-name
sdn-abu_zabad,3671,ucdb-name
eth-adet,3672,ucdb-name
tza-zanzibar_city,3673,ucdb-name
irq-allayi,3674,ucdb-name
moz-nacala,3675,ucdb-name
ken-hagadera_refugee_camp,3676,ucdb-name
irn-nahavand,3678,ucdb-name
sau-dammam_2nd_industrial_city,3679,ucdb-name
uzb-almalyk,3681,ucdb-name
afg-orlamish,3682,ucdb-name
pak-wali_khel,3683,ucdb-name
ind-morbi,3684,ucdb-name
bgd-gobindaganj,3685,ucdb-name
chn-wuwei,3686,ucdb-name
mmr-pyinmana_nay_pyi_taw,3687,ucdb-name
tha-maha_sarakham,3688,ucdb-name
idn-dumai,3689,ucdb-name
vnm-minh_tan,3690,ucdb-name
prk-hoeryong,3691,ucdb-name
kor-geoje_si,3692,ucdb-name
jpn-aomori,3693,ucdb-name
phl-rosario,3694,ucdb-name
usa-lancaster,3695,ucdb-name
mex-jacona_de_plancarte,3696,ucdb-name
col-la_dorada,3697,ucdb-name
per-puerto_maldonado,3698,ucdb-name
ven-la_victoria,3699,ucdb-name
can-montreal,3700,ucdb-name
arg-junin,3701,ucdb-name
bra-parauapebas,3702,ucdb-name
mar-zagora,3703,ucdb-name
esp-torrejon_de_ardoz,3704,ucdb-name
gbr-kidderminster,3705,ucdb-name
gha-bimbilla,3706,ucdb-name
fra-beziers,3707,ucdb-name
dza-sidi_moussa,3708,ucdb-name
nga-ogbomosho,3709,ucdb-name
deu-flensburg,3710,ucdb-name
ita-pordenone,3711,ucdb-name
pol-warsaw,3712,k15-roster
ago-menongue,3713,ucdb-name
cod-businga,3714,ucdb-name
tur-tavsanl,3715,ucdb-name
zaf-brits,3716,ucdb-name
rus-orekhovo_zouievo,3717,ucdb-name
ukr-novomoskovsk,3718,ucdb-name
egy-minyat_al_hayt,3719,ucdb-name
sdn-dilling,3720,ucdb-name
eth-demebecha,3721,ucdb-name
irq-mahmoudiyah,3722,ucdb-name
tza-mtwara,3723,ucdb-name
yem-adan_barakah,3725,ucdb-name
irn-abhar,3726,ucdb-name
sau-al_aziziyah,3727,ucdb-name
uzb-angren,3729,ucdb-name
afg-tarinkot,3730,ucdb-name
pak-sehwan,3731,ucdb-name
ind-junagadh,3732,ucdb-name
bgd-chilmari,3733,ucdb-name
chn-shangguancun,3734,ucdb-name
mmr-kyaung_kone,3735,ucdb-name
tha-pattani,3736,ucdb-name
idn-perawang,3737,ucdb-name
vnm-ong_hung,3738,ucdb-name
prk-p_yongyang,3739,ucdb-name
kor-sincheon_dong,3740,ucdb-name
jpn-tsuyama,3741,ucdb-name
phl-santa_cruz,3742,ucdb-name
usa-merced,3743,ucdb-name
mex-nuevo_casas_grandes,3744,ucdb-name
col-fusagasuga,3745,ucdb-name
per-tacna,3746,ucdb-name
ven-san_antonio_de_los_altos_los_teques,3747,ucdb-name
can-saint_jerome,3748,ucdb-name
arg-pergamino,3749,ucdb-name
bra-redencao,3750,ucdb-name
mar-mechra_bel_ksiri,3751,ucdb-name
esp-arganda_del_rey,3752,ucdb-name
gbr-burnley,3753,ucdb-name
gha-dambai,3754,ucdb-name
dza-larbaa,3755,ucdb-name
fra-reims,3756,ucdb-name
nga-ejigbo,3757,ucdb-name
deu-pforzheim,3758,ucdb-name
ita-perugia,3759,ucdb-name
pol-legionowo,3760,ucdb-name
ago-cafunfo,3761,ucdb-name
cod-boende,3762,ucdb-name
tur-usak,3763,ucdb-name
zaf-mboloko,3764,ucdb-name
rus-voskresensk,3765,ucdb-name
ukr-zaporizhzhia,3766,ucdb-name
egy-uc3767,3767,ucdb-id
sdn-kaduqli,3768,ucdb-name
eth-uc3769,3769,ucdb-id
irq-baqubah,3770,ucdb-name
som-garoowe,3774,ucdb-name
uzb-chust,3776,ucdb-name
pak-dir,3777,ucdb-name
ind-udhampur,3778,ucdb-name
bgd-pashim_chhaparhati,3779,ucdb-name
chn-xining,3780,ucdb-name
mmr-muse,3781,ucdb-name
tha-kalasin,3782,ucdb-name
idn-pangkalan_kerinci,3783,ucdb-name
vnm-thai_binh,3784,ucdb-name
prk-kwail,3785,ucdb-name
kor-cheongan_dong,3786,ucdb-name
jpn-imabari,3787,ucdb-name
phl-siniloan,3788,ucdb-name
usa-davis,3789,ucdb-name
mex-hidalgo_del_parral,3790,ucdb-name
col-facatativa,3791,ucdb-name
ven-catia_la_mar_la_guaira,3792,ucdb-name
can-terrebonne,3793,ucdb-name
arg-comodoro_rivadavia,3794,ucdb-name
bra-francisco_beltrao,3795,ucdb-name
mar-sidi_slimane,3796,ucdb-name
esp-alcala_de_henares,3797,ucdb-name
gbr-worcester,3798,ucdb-name
gha-kpando,3799,ucdb-name
dza-meftah,3800,ucdb-name
fra-montpellier,3801,k15-roster
nga-jega,3802,ucdb-name
deu-hanau,3803,ucdb-name
ita-rimini,3804,ucdb-name
pol-kielce,3805,ucdb-name
ago-luena,3806,ucdb-name
cod-mutombo_lamata,3807,ucdb-name
tur-bilecik,3808,ucdb-name
zaf-soshanguve,3809,ucdb-name
rus-kolomna,3810,ucdb-name
ukr-kharkiv,3811,ucdb-name
egy-ashmoun,3812,ucdb-name
sdn-dongola,3813,ucdb-name
eth-wereta,3814,ucdb-name
irq-bani_saad,3815,ucdb-name
ken-el_wak,3816,ucdb-name
irn-khorramabad,3818,ucdb-name
som-bosaso,3819,ucdb-name
afg-pasab,3820,ucdb-name
uzb-qoqand,3821,ucdb-name
pak-naudero,3822,ucdb-name
ind-rajkot,3823,ucdb-name
bgd-gaibandha,3824,ucdb-name
chn-huzhu,3825,ucdb-name
mmr-lewe,3826,ucdb-name
tha-yala,3827,ucdb-name
idn-muara_bungo,3828,ucdb-name
vnm-vinh,3829,ucdb-name
prk-uc3830,3830,ucdb-id
kor-ulsan,3831,ucdb-name
jpn-hirosaki,3832,ucdb-name
phl-tiaong,3833,ucdb-name
usa-lodi,3834,ucdb-name
mex-zamora,3835,ucdb-name
col-magangue,3836,ucdb-name
ven-caracas,3837,ucdb-name
can-saint_jean_sur_richelieu,3838,ucdb-name
arg-san_nicolas_de_los_arroyos,3839,ucdb-name
bra-tucurui,3840,ucdb-name
mar-ksar_el_kebir,3841,ucdb-name
esp-guadalajara,3842,ucdb-name
gbr-stoke_on_trent,3843,ucdb-name
gha-ho,3844,ucdb-name
dza-boumerdes,3845,ucdb-name
fra-troyes,3846,ucdb-name
nga-gbongan,3847,ucdb-name
deu-aschaffenburg,3848,ucdb-name
ita-lido_di_ostia,3849,ucdb-name
pol-woomin,3850,ucdb-name
ago-camanongue,3851,ucdb-name
cod-gbadolite,3852,ucdb-name
tur-fethiye,3853,ucdb-name
zaf-bethlehem,3854,ucdb-name
rus-yegoryevsk,3855,ucdb-name
ukr-simferopol,3856,ucdb-name
egy-mit_afia,3857,ucdb-name
sdn-al_ubayyid,3858,ucdb-name
irq-al_hillah,3860,ucdb-name
ken-lafey,3861,ucdb-name
irn-famenin,3863,ucdb-name
som-qardho,3864,ucdb-name
uzb-yaypan,3866,ucdb-name
pak-moro,3867,ucdb-name
ind-veraval,3868,ucdb-name
bgd-bogura,3869,ucdb-name
chn-ping_an,3870,ucdb-name
mmr-hsipaw,3871,ucdb-name
tha-buri_ram,3872,ucdb-name
idn-arga_makmur,3873,ucdb-name
vnm-hai_phong,3874,ucdb-name
prk-pukchang,3875,ucdb-name
kor-uc3876,3876,ucdb-id
jpn-nobeoka,3877,ucdb-name
phl-pagsanjan,3878,ucdb-name
usa-rancho_las_perris,3879,ucdb-name
mex-uruapan,3880,ucdb-name
col-bogota,3881,k15-roster
ven-cua,3882,ucdb-name
can-repentigny,3883,ucdb-name
arg-puerto_madryn,3884,ucdb-name
bra-tres_lagoas,3885,ucdb-name
mar-tangier,3886,ucdb-name
esp-roquetas_de_mar,3887,ucdb-name
gbr-birmingham,3888,k15-roster
gha-hohoe,3889,ucdb-name
dza-djelfa,3890,ucdb-name
fra-saint_etienne,3891,ucdb-name
nga-ode_omu,3892,ucdb-name
deu-sindelfingen,3893,ucdb-name
ita-acilia,3894,ucdb-name
pol-radom,3895,ucdb-name
ago-saurimo,3896,ucdb-name
tur-karapnar,3898,ucdb-name
zaf-diepsloot,3899,ucdb-name
rus-novomoskovsk,3900,ucdb-name
ukr-yalta,3901,ucdb-name
egy-al_hiatem,3902,ucdb-name
sdn-jabra_al_sheikh,3903,ucdb-name
eth-gidole,3904,ucdb-name
irq-sulaymaniyah,3905,ucdb-name
ken-mandera,3906,ucdb-name
irn-malayer,3908,ucdb-name
afg-kandahar,3909,ucdb-name
uzb-tergachi,3910,ucdb-name
pak-tank,3911,ucdb-name
ind-jetpur,3912,ucdb-name
bgd-bheramara,3913,ucdb-name
chn-haidong,3914,ucdb-name
mmr-einme,3915,ucdb-name
tha-roi_et,3916,ucdb-name
idn-bengkalis,3917,ucdb-name
vnm-yen_inh,3918,ucdb-name
prk-uc3919,3919,ucdb-id
kor-busan,3920,ucdb-name
jpn-okayama,3921,ucdb-name
phl-nagcarlan,3922,ucdb-name
usa-madera,3923,ucdb-name
mex-arandas,3924,ucdb-name
col-sabanalarga,3925,ucdb-name
ven-charallave,3926,ucdb-name
can-sherbrooke,3927,ucdb-name
arg-trelew,3928,ucdb-name
bra-campo_mourao,3929,ucdb-name
mar-sidi_kacem,3930,ucdb-name
esp-melilla,3931,ucdb-name
gbr-cheltenham,3932,ucdb-name
gha-nkwanta,3933,ucdb-name
dza-khemis_el_khechna,3934,ucdb-name
fra-nimes,3935,ucdb-name
nga-ede,3936,ucdb-name
deu-gerlingen,3937,ucdb-name
ita-rome,3938,k15-roster
pol-nowy_sacz,3939,ucdb-name
ago-lumeje,3940,ucdb-name
tur-bozuyuk,3942,ucdb-name
zaf-tschwane,3943,k15-roster
rus-belgorod,3944,ucdb-name
ukr-pavlohrad,3945,ucdb-name
egy-atsa,3946,ucdb-name
sdn-al_rahad,3947,ucdb-name
eth-adis_zemen,3948,ucdb-name
irq-abu_gharaq,3949,ucdb-name
irn-borujerd,3951,ucdb-name
afg-samangan,3952,ucdb-name
uzb-ibrat,3953,ucdb-name
pak-hangu,3954,ucdb-name
ind-shapar_veraval,3955,ucdb-name
bgd-chuadanga,3956,ucdb-name
chn-manzhouli,3957,ucdb-name
mmr-hinthada,3958,ucdb-name
tha-sakon_nakhon,3959,ucdb-name
idn-bengkulu,3960,ucdb-name
vnm-uong_bi,3961,ucdb-name
prk-nampo,3962,ucdb-name
kor-ayang,3963,ucdb-name
jpn-miyakonojo,3964,ucdb-name
phl-calapan,3965,ucdb-name
usa-moreno_valley,3966,ucdb-name
mex-la_piedad_de_cabadas,3967,ucdb-name
col-barranquilla,3968,ucdb-name
ven-ocumare_del_tuy,3969,ucdb-name
can-trois_rivieres,3970,ucdb-name
arg-caleta_olivia,3971,ucdb-name
bra-rio_verde,3972,ucdb-name
mar-khenifra,3973,ucdb-name
esp-bilbao,3974,k15-roster
gbr-stafford,3975,ucdb-name
gha-akatsi,3976,ucdb-name
dza-messaad,3977,ucdb-name
fra-lyon,3978,k15-roster
nga-ipetumodu,3979,ucdb-name
deu-tubingen,3980,ucdb-name
ita-terni,3981,ucdb-name
pol-tarnow,3982,ucdb-name
ago-lucapa,3983,ucdb-name
cod-kakumba,3984,ucdb-name
tur-kutahya,3985,ucdb-name
zaf-centurion,3986,ucdb-name
rus-kostroma,3987,ucdb-name
ukr-melitopol,3988,ucdb-name
egy-sinnuris,3989,ucdb-name
sdn-umm_ruwaba,3990,ucdb-name
eth-debark,3991,ucdb-name
irq-al_kifl,3992,ucdb-name
yem-sana_a,3993,ucdb-name
irn-lahijan,3994,ucdb-name
afg-nao_deh,3995,ucdb-name
uzb-xo_jand,3996,ucdb-name
pak-lal_qilla,3997,ucdb-name
ind-wankaner,3998,ucdb-name
bgd-uc3999,3999,ucdb-id
chn-minhe,4000,ucdb-name
mmr-gyobingauk,4001,ucdb-name
tha-nakhon_phanom,4002,ucdb-name
idn-bangko,4003,ucdb-name
vnm-nui_oi,4004,ucdb-name
prk-taean,4005,ucdb-name
jpn-niihama,4006,ucdb-name
phl-sariaya,4007,ucdb-name
usa-fresno,4008,ucdb-name
mex-zacapu,4009,ucdb-name
col-pinillos,4010,ucdb-name
ven-santa_teresa_del_tuy,4011,ucdb-name
can-quebec,4012,ucdb-name
arg-bahia_blanca,4013,ucdb-name
bra-santa_maria,4014,ucdb-name
mar-meknes,4015,ucdb-name
esp-vitoria_gasteiz,4016,ucdb-name
gbr-bournemouth,4017,ucdb-name
gha-tegbi,4018,ucdb-name
dza-lakhdaria,4019,ucdb-name
fra-avignon,4020,ucdb-name
nga-oshogbo,4021,ucdb-name
deu-stuttgart,4022,ucdb-name
ita-udine,4023,ucdb-name
pol-omza,4024,ucdb-name
ago-dundo,4025,ucdb-name
cod-dekese,4026,ucdb-name
tur-sakarya,4027,ucdb-name
zaf-brakpan,4028,ucdb-name
rus-livny,4029,ucdb-name
ukr-lozova,4030,ucdb-name
egy-faiyum,4031,ucdb-name
sdn-abu_jibeha,4032,ucdb-name
eth-konso,4033,ucdb-name
irq-al_najaf,4034,ucdb-name
irn-andimeshk,4036,ucdb-name
afg-imam_sahib,4037,ucdb-name
uzb-turakurgan,4038,ucdb-name
pak-naushahro_feroze,4039,ucdb-name
ind-fazilka,4040,ucdb-name
bgd-sonatala,4041,ucdb-name
chn-honggu,4042,ucdb-name
mmr-wakema,4043,ucdb-name
tha-mukdahan,4044,ucdb-name
idn-air_molek_i,4045,ucdb-name
vnm-tien_hai,4046,ucdb-name
prk-unryul,4047,ucdb-name
jpn-miyazaki,4048,ucdb-name
phl-san_jose-2,4049,ucdb-name
usa-woodland,4050,ucdb-name
mex-san_juan_de_los_lagos,4051,ucdb-name
col-chia,4052,ucdb-name
ven-guarenas,4053,ucdb-name
arg-punta_alta,4054,ucdb-name
can-halifax,4055,ucdb-name
bra-maringa,4056,ucdb-name
mar-m_rirt,4057,ucdb-name
esp-almeria,4058,ucdb-name
gbr-aberdeen,4059,ucdb-name
gha-aflao,4060,ucdb-name
dza-bordj_menaiel,4061,ucdb-name
fra-dijon,4062,ucdb-name
nga-argungu,4063,ucdb-name
deu-hanover,4064,ucdb-name
ita-pesaro,4065,ucdb-name
pol-elk,4066,ucdb-name
ago-bundas,4067,ucdb-name
cod-lwebo,4068,ucdb-name
tur-karadere,4069,ucdb-name
zaf-masetjhaba_view,4070,ucdb-name
rus-ivanovo,4071,ucdb-name
egy-tutun,4072,ucdb-name
ukr-feodosia,4073,ucdb-name
sdn-al_abbasiyya,4074,ucdb-name
eth-debre_markos,4075,ucdb-name
irq-kalar,4076,ucdb-name
irn-shush,4078,ucdb-name
afg-kunduz,4079,ucdb-name
uzb-shahand,4080,ucdb-name
pak-timergara,4081,ucdb-name
ind-gondal,4082,ucdb-name
bgd-saghatta,4083,ucdb-name
chn-zhalainuo_er,4084,ucdb-name
idn-curup,4086,ucdb-name
vnm-ha_tinh,4087,ucdb-name
tha-ubon_ratchathani,4088,ucdb-name
prk-songnim,4089,ucdb-name
jpn-kushiro,4090,ucdb-name
phl-tayabas,4091,ucdb-name
usa-sacramento,4092,ucdb-name
mex-patzcuaro,4093,ucdb-name
col-zipaquira,4094,ucdb-name
ven-valle_de_la_pascua,4095,ucdb-name
arg-chivilcoy,4096,ucdb-name
bra-pato_branco,4097,ucdb-name
can-st_john_s,4098,ucdb-name
mar-ouazzane,4099,ucdb-name
esp-logrono,4100,ucdb-name
gbr-cannock,4101,ucdb-name
dza-ghardaia,4102,ucdb-name
fra-valence,4103,ucdb-name
nga-koko,4104,ucdb-name
deu-kassel,4105,ucdb-name
ita-anzio,4106,ucdb-name
pol-mielec,4107,ucdb-name
ago-nzagi,4108,ucdb-name
cod-lisala,4109,ucdb-name
tur-akyaz,4110,ucdb-name
zaf-chief_albert_luthuli_park,4111,ucdb-name
rus-vladimir,4112,ucdb-name
egy-shimm_al_basal_al_bahari,4113,ucdb-name
ukr-pokrovsk,4114,ucdb-name
sdn-tandalti,4115,ucdb-name
eth-uc4116,4116,ucdb-id
irq-as_suwayrah,4117,ucdb-name
yem-ta_izz,4118,ucdb-name
irn-takestan,4119,ucdb-name
afg-bamian,4120,ucdb-name
uzb-bagdad,4121,ucdb-name
pak-kandiaro,4122,ucdb-name
ind-sri_ganganagar,4123,ucdb-name
bgd-alamdanga,4124,ucdb-name
chn-hanggin_rear_banner,4125,ucdb-name
mmr-lawksawk,4126,ucdb-name
idn-rengat,4127,ucdb-name
tha-saen_suk,4128,ucdb-name
vnm-ha_long,4129,ucdb-name
jpn-marugame,4131,ucdb-name
phl-lucena,4132,ucdb-name
usa-visalia,4133,ucdb-name
mex-chihuahua,4134,ucdb-name
col-tiquisio,4135,ucdb-name
ven-zaraza,4136,ucdb-name
arg-viedma,4137,ucdb-name
bra-bage,4138,ucdb-name
mar-tetouan,4139,ucdb-name
esp-donostia_san_sebastian,4140,ucdb-name
gbr-redditch,4141,ucdb-name
dza-sidi_aissa,4142,ucdb-name
fra-marignane,4143,ucdb-name
nga-new_bussa,4144,ucdb-name
deu-heilbronn,4145,ucdb-name
ita-albano_laziale,4146,ucdb-name
pol-siedlce,4147,ucdb-name
ago-luau,4149,ucdb-name
tur-eskisehir,4150,ucdb-name
zaf-phuthaditjhaba,4151,ucdb-name
rus-ryazan,4152,ucdb-name
egy-bani_wallams,4153,ucdb-name
ukr-sloviansk,4154,ucdb-name
sdn-khartoum,4155,ucdb-name
eth-arba_minch,4156,ucdb-name
irq-al_hirah,4157,ucdb-name
irn-dezful,4159,ucdb-name
uzb-navkent,4161,ucdb-name
pak-katen_bala,4162,ucdb-name
ind-sanchore,4163,ucdb-name
bgd-gabtali,4164,ucdb-name
chn-bayannur,4165,ucdb-name
mmr-aungpan,4166,ucdb-name
idn-sarolangun,4167,ucdb-name
vnm-cam_pha,4168,ucdb-name
prk-jangyon,4169,ucdb-name
jpn-shikokuchuo,4170,ucdb-name
phl-gumaca,4171,ucdb-name
usa-hemet,4172,ucdb-name
mex-penjamo,4173,ucdb-name
col-acacias,4174,ucdb-name
ven-barcelona,4175,ucdb-name
arg-concordia,4176,ucdb-name
bra-presidente_prudente,4177,ucdb-name
mar-fnideq,4178,ucdb-name
esp-albacete,4179,ucdb-name
gbr-keighley,4180,ucdb-name
dza-bouira,4181,ucdb-name
fra-marseille,4182,k15-roster
nga-ilorin,4183,ucdb-name
deu-hamburg,4184,k15-roster
ita-tivoli,4185,ucdb-name
pol-suwaki,4186,ucdb-name
cod-mweka,4187,ucdb-name
ago-cazombo,4188,ucdb-name
tur-hendek,4189,ucdb-name
zaf-ekangala,4190,ucdb-name
rus-yelets,4191,ucdb-name
egy-tall_al_bahnasa,4192,ucdb-name
ukr-kramatorsk,4193,ucdb-name
sdn-ghaliya,4194,ucdb-name
eth-gimbichu,4195,ucdb-name
irq-al_midhatiya,4196,ucdb-name
yem-al_masaliyah,4197,ucdb-name
irn-hoveyzeh,4198,ucdb-name
uzb-namangan,4199,ucdb-name
afg-baghlan,4200,ucdb-name
pak-shabqadar,4201,ucdb-name
ind-jalalabad,4202,ucdb-name
bgd-gurudaspur,4203,ucdb-name
chn-dengkou,4204,ucdb-name
mmr-za_lun,4205,ucdb-name
idn-selatpanjang,4206,ucdb-name
vnm-mong_cai,4207,ucdb-name
prk-kangdong,4208,ucdb-name
jpn-akita,4209,ucdb-name
phl-jolo,4210,ucdb-name
usa-porterville,4211,ucdb-name
mex-aguascalientes,4212,ucdb-name
col-sesquile,4213,ucdb-name
ven-anaco,4214,ucdb-name
arg-zarate,4215,ucdb-name
bra-jacunda,4216,ucdb-name
mar-m_diq,4217,ucdb-name
esp-pamplona,4218,ucdb-name
gbr-elland,4219,ucdb-name
dza-tizi_ouzou,4220,ucdb-name
fra-aix_en_provence,4221,ucdb-name
nga-owode_ede,4222,ucdb-name
deu-reutlingen,4223,ucdb-name
ita-latina,4224,ucdb-name
pol-stalowa_wola,4225,ucdb-name
cod-kakenge,4226,ucdb-name
tur-kanlpnar,4227,ucdb-name
zaf-kwamhlanga,4228,ucdb-name
rus-stary_oskol,4229,ucdb-name
egy-el_mahalla_el_kubra,4230,ucdb-name
ukr-druzhkivka,4231,ucdb-name
sdn-al_qutaynah,4232,ucdb-name
eth-mota,4233,ucdb-name
irq-al_mishkhab,4234,ucdb-name
yem-al_misrakh,4235,ucdb-name
uzb-rishtan,4237,ucdb-name
afg-puli_khumri,4238,ucdb-name
pak-serai_naurang,4239,ucdb-name
ind-balotra,4240,ucdb-name
bgd-sherpur,4241,ucdb-name
chn-alxa_left_banner,4242,ucdb-name
mmr-kutkai,4243,ucdb-name
idn-manna,4244,ucdb-name
vnm-son_hai,4245,ucdb-name
prk-anak,4246,ucdb-name
jpn-takamatsu,4247,ucdb-name
phl-san_jose-3,4248,ucdb-name
usa-natoma_station,4249,ucdb-name
mex-fresnillo,4250,ucdb-name
col-chiquinquira,4251,ucdb-name
ven-el_tigre,4252,ucdb-name
arg-olavarria,4253,ucdb-name
bra-chapeco,4254,ucdb-name
mar-azrou,4255,ucdb-name
gbr-swindon,4256,ucdb-name
esp-murcia,4257,k15-roster
dza-bou_saada,4258,ucdb-name
nga-ife,4259,ucdb-name
fra-grenoble,4260,ucdb-name
deu-neumunster,4261,ucdb-name
ita-trapani,4262,ucdb-name
pol-rzeszow,4263,ucdb-name
cod-dilolo,4264,ucdb-name
tur-afyonkarahisar,4265,ucdb-name
zaf-embalenhle,4266,ucdb-name
egy-al_santa,4267,ucdb-name
rus-kovrov,4268,ucdb-name
ukr-berdiansk,4269,ucdb-name
sdn-ed_dueim,4270,ucdb-name
eth-chencha,4271,ucdb-name
irq-ash_shamiya,4272,ucdb-name
irn-qazvin,4274,ucdb-name
uzb-chortoq,4275,ucdb-name
afg-uc4276,4276,ucdb-id
pak-peshawar,4277,ucdb-name
ind-doda,4278,ucdb-name
bgd-sariakandi,4279,ucdb-name
chn-xincheng,4280,ucdb-name
mmr-mawlamyinegyunn,4281,ucdb-name
idn-lubuklinggau,4282,ucdb-name
vnm-ong_hoi,4283,ucdb-name
prk-samchon,4284,ucdb-name
jpn-himeji,4285,ucdb-name
phl-daet,4286,ucdb-name
usa-yuba_city,4287,ucdb-name
mex-san_francisco_del_rincon,4288,ucdb-name
col-barrancabermeja,4289,ucdb-name
ven-san_jose_de_guanipa,4290,ucdb-name
arg-gualeguaychu,4291,ucdb-name
bra-maraba,4292,ucdb-name
mar-martil,4293,ucdb-name
gbr-huddersfield,4294,ucdb-name
esp-cartagena,4295,ucdb-name
dza-ain_el_melh,4296,ucdb-name
nga-gwandu,4297,ucdb-name
fra-besancon,4298,ucdb-name
deu-constance,4299,ucdb-name
ita-trieste,4300,k15-roster
pol-biaystok,4301,ucdb-name
cod-bena_leka,4302,ucdb-name
tur-burdur,4303,ucdb-name
zaf-sakhile,4304,ucdb-name
egy-banha,4305,ucdb-name
rus-lipetsk,4306,ucdb-name
ukr-kerch,4307,ucdb-name
sdn-jebel_aulia,4308,ucdb-name
eth-hadero,4309,ucdb-name
irq-al_qasim,4310,ucdb-name
yem-ar_rubu,4311,ucdb-name
irn-dorud,4312,ucdb-name
uzb-oltiariq,4313,ucdb-name
pak-shikarpur,4315,ucdb-name
ind-amritsar,4316,ucdb-name
bgd-kushtia,4317,ucdb-name
chn-wuhai,4318,ucdb-name
mmr-lashio,4319,ucdb-name
idn-pagar_alam,4320,ucdb-name
vnm-chau_oc,4321,ucdb-name
prk-kyonghung,4322,ucdb-name
jpn-kanazawa,4323,ucdb-name
phl-kalibo,4324,ucdb-name
usa-palm_springs,4325,ucdb-name
mex-zacatecas,4326,ucdb-name
col-villavicencio,4327,ucdb-name
ven-cumana,4328,ucdb-name
arg-campana,4329,ucdb-name
bra-tailandia,4330,ucdb-name
mar-chefchaouen,4331,ucdb-name
gbr-leeds,4332,k15-roster
esp-zaragoza,4333,ucdb-name
dza-m_sila,4334,ucdb-name
nga-tambawal,4335,ucdb-name
fra-metz,4336,ucdb-name
deu-kiel,4337,ucdb-name
ita-ancona,4338,ucdb-name
pol-lublin,4339,ucdb-name
cod-demba,4340,ucdb-name
tur-duzce,4341,ucdb-name
zaf-vosman,4342,ucdb-name
egy-kafr_sarawa,4343,ucdb-name
rus-uc4344,4344,ucdb-id
ukr-bakhmut,4345,ucdb-name
sdn-axial_city,4346,ucdb-name
irq-ghammas,4348,ucdb-name
irn-alvand,4350,ucdb-name
uzb-yazyavan,4351,ucdb-name
afg-chaman,4352,ucdb-name
pak-inam_kalay,4353,ucdb-name
ind-thangadh,4354,ucdb-name
bgd-mollar_char,4355,ucdb-name
chn-lanzhou,4356,ucdb-name
mmr-pantanaw,4357,ucdb-name
idn-tembilahan,4358,ucdb-name
vnm-tan_chau,4359,ucdb-name
prk-sinhung,4360,ucdb-name
jpn-kochi,4361,ucdb-name
phl-naga,4362,ucdb-name
usa-rocklin,4363,ucdb-name
mex-morelia,4364,ucdb-name
col-cienaga,4365,ucdb-name
ven-porlamar,4366,ucdb-name
arg-concepcion_del_uruguay,4367,ucdb-name
bra-abaetetuba,4368,ucdb-name
mar-ain_taoujdate,4369,ucdb-name
gbr-fazeley,4370,ucdb-name
esp-elda,4371,ucdb-name
dza-guerrara,4372,ucdb-name
nga-inisa,4373,ucdb-name
fra-chambery,4374,ucdb-name
deu-fulda,4375,ucdb-name
ita-palermo,4376,k15-roster
pol-przemysl,4377,ucdb-name
cod-luiza,4378,ucdb-name
tur-karadeniz_eregli,4379,ucdb-name
zaf-emalahleni,4380,ucdb-name
egy-biyahmu,4381,ucdb-name
rus-voronezh,4382,ucdb-name
ukr-donetsk,4383,ucdb-name
sdn-hillat_ash_shekh_mustafa_al_fadni,4384,ucdb-name
eth-gouder,4385,ucdb-name
irq-al_aziziyah,4386,ucdb-name
yem-ibb,4387,ucdb-name
uzb-fergana,4389,ucdb-name
afg-chayab,4390,ucdb-name
pak-thul,4391,ucdb-name
ind-radhanpur,4392,ucdb-name
bgd-dhunat,4393,ucdb-name
chn-linxia,4394,ucdb-name
mmr-letpadan,4395,ucdb-name
idn-tanjung_balai_karimun,4396,ucdb-name
vnm-my_uc,4397,ucdb-name
prk-sinchon,4398,ucdb-name
jpn-osaka,4399,ucdb-name
phl-calabanga,4400,ucdb-name
usa-palm_desert,4401,ucdb-name
mex-delicias,4402,ucdb-name
col-fundacion,4403,ucdb-name
ven-ciudad_bolivar,4404,ucdb-name
arg-lujan,4405,ucdb-name
bra-carazinho,4406,ucdb-name
mar-fez,4407,ucdb-name
gbr-wakefield,4408,ucdb-name
esp-elx_elche,4409,ucdb-name
dza-bordj_bou_arreridjj,4410,ucdb-name
nga-aiyepe,4411,ucdb-name
fra-nancy,4412,ucdb-name
deu-hildesheim,4413,ucdb-name
ita-bagheria,4414,ucdb-name
pol-zamosc,4415,ucdb-name
cod-kananga,4416,ucdb-name
tur-isparta,4417,ucdb-name
zaf-mokopane,4418,ucdb-name
egy-shushah,4419,ucdb-name
rus-murom,4420,ucdb-name
ukr-horlivka,4421,ucdb-name
sdn-giad_industrial_complex,4422,ucdb-name
eth-debre_tabor,4423,ucdb-name
irq-ad_diwaniyah,4424,ucdb-name
yem-ar_rijad,4425,ucdb-name
irn-khorramshahr,4426,ucdb-name
uzb-chimyon,4427,ucdb-name
afg-nahrin,4428,ucdb-name
pak-wari,4429,ucdb-name
ind-abohar,4430,ucdb-name
bgd-pabna,4431,ucdb-name
chn-wuyuan,4432,ucdb-name
mmr-danu_phyu,4433,ucdb-name
idn-lahat,4434,ucdb-name
vnm-rach_gia,4435,ucdb-name
prk-sariwon,4436,ucdb-name
jpn-hachinohe,4437,ucdb-name
phl-iloilo_city,4438,ucdb-name
usa-indio,4439,ucdb-name
mex-lagos_de_moreno,4440,ucdb-name
col-penon_del_rodadero,4441,ucdb-name
ven-punta_de_mata,4442,ucdb-name
arg-buenos_aires,4443,k15-roster
bra-arapongas,4444,ucdb-name
mar-sefrou,4445,ucdb-name
gbr-newcastle,4446,k15-roster
esp-torrevieja,4447,ucdb-name
dza-bejaia,4448,ucdb-name
nga-ikirun,4449,ucdb-name
fra-toulon,4450,ucdb-name
deu-reinbek,4451,ucdb-name
ita-pescara,4452,ucdb-name
pol-chem,4453,ucdb-name
cod-yakoma,4454,ucdb-name
tur-zonguldak,4455,ucdb-name
zaf-emzinoni,4456,ucdb-name
egy-kafr_awn,4457,ucdb-name
ukr-makiivka,4458,ucdb-name
rus-michurinsk,4459,ucdb-name
sdn-kosti,4460,ucdb-name
eth-kachise,4461,ucdb-name
irq-halabja,4462,ucdb-name
irn-abadan,4464,ucdb-name
afg-taloqan,4465,ucdb-name
uzb-sharixon,4466,ucdb-name
pak-tangi,4467,ucdb-name
ind-kodinar,4468,ucdb-name
bgd-mahmudpur,4469,ucdb-name
chn-baiyin,4470,ucdb-name
mmr-thayarwady,4471,ucdb-name
idn-kuala_tungkal,4472,ucdb-name
vnm-cai_dau,4473,ucdb-name
prk-jaeryong,4474,ucdb-name
jpn-fukui,4475,ucdb-name
phl-roxas,4476,ucdb-name
usa-chico,4477,ucdb-name
mex-leon,4478,ucdb-name
col-santa_marta,4479,ucdb-name
ven-maturin,4480,ucdb-name
arg-belen_de_escobar,4481,ucdb-name
bra-apucarana,4482,ucdb-name
mar-midelt,4483,ucdb-name
gbr-burton_on_trent,4484,ucdb-name
esp-alicante,4485,k15-roster
dza-ras_el_oued,4486,ucdb-name
nga-ijagbo_offa,4487,ucdb-name
fra-annecy,4488,ucdb-name
deu-gottingen,4489,ucdb-name
ita-naples,4490,k15-roster
cod-mashimba,4491,ucdb-name
tur-bolu,4492,ucdb-name
zaf-middelburg,4493,ucdb-name
egy-abu_bisht,4494,ucdb-name
ukr-mariupol,4495,ucdb-name
rus-rossosh,4496,ucdb-name
sdn-rabak,4497,ucdb-name
eth-morsito,4498,ucdb-name
irq-al_hamzah,4499,ucdb-name
yem-manazil_baradan,4500,ucdb-name
irn-shushtar,4501,ucdb-name
afg-ishkamish,4502,ucdb-name
uzb-maygyr,4503,ucdb-name
pak-khall,4504,ucdb-name
ind-firozpur,4505,ucdb-name
bgd-kazipur,4506,ucdb-name
chn-uc4507,4507,ucdb-id
mmr-nyaungdon,4508,ucdb-name
idn-jambi,4509,ucdb-name
vnm-hong_ngu,4510,ucdb-name
jpn-naha,4512,ucdb-name
phl-iriga,4513,ucdb-name
usa-yuma,4514,ucdb-name
mex-uriangato,4515,ucdb-name
col-tunja,4516,ucdb-name
ven-el_zorro,4517,ucdb-name
arg-azul,4518,ucdb-name
bra-londrina,4519,ucdb-name
mar-errachidia,4520,ucdb-name
gbr-warwick,4521,ucdb-name
esp-valencia,4522,k15-roster
dza-sidi_khaled,4523,ucdb-name
nga-ifetedo,4524,ucdb-name
fra-annemasse,4525,ucdb-name
deu-goppingen,4526,ucdb-name
ita-caserta,4527,ucdb-name
cod-bumba,4528,ucdb-name
tur-antalya,4529,ucdb-name
zaf-ezakheni,4530,ucdb-name
egy-biala,4531,ucdb-name
ukr-lysychansk,4532,ucdb-name
rus-pavlovo,4533,ucdb-name
sdn-al_managil,4534,ucdb-name
irq-an_numaniyah,4536,ucdb-name
yem-as_sayyid,4537,ucdb-name
irn-ahwaz,4538,ucdb-name
afg-rustaq,4539,ucdb-name
uzb-quva,4540,ucdb-name
pak-gambat,4541,ucdb-name
ind-bikaner,4542,ucdb-name
bgd-bhangura,4543,ucdb-name
chn-hezuo,4544,ucdb-name
mmr-bogale,4545,ucdb-name
idn-sungaiguntung,4546,ucdb-name
vnm-phu_my,4547,ucdb-name
prk-t_aet_an_eup,4548,ucdb-name
jpn-takaoka,4549,ucdb-name
phl-goa,4550,ucdb-name
usa-reno,4551,ucdb-name
mex-irapuato,4552,ucdb-name
col-aguachica,4553,ucdb-name
ven-carupano,4554,ucdb-name
arg-posadas,4555,ucdb-name
bra-erechim,4556,ucdb-name
mar-taza,4557,ucdb-name
gbr-coventry,4558,ucdb-name
esp-alcoi_alcoy,4559,ucdb-name
dza-ouled_djellal,4560,ucdb-name
nga-yelwa,4561,ucdb-name
fra-montbeliard,4562,ucdb-name
deu-ravensburg,4563,ucdb-name
ita-san_giuseppe_vesuviano,4564,ucdb-name
cod-musumba,4565,ucdb-name
tur-caycuma,4566,ucdb-name
zaf-pietermaritzburg,4567,ucdb-name
egy-sunbat,4568,ucdb-name
ukr-sievierodonetsk,4569,ucdb-name
rus-dzerzhinsk,4570,ucdb-name
sdn-sifeiya,4571,ucdb-name
eth-areka,4572,ucdb-name
irq-afak,4573,ucdb-name
yem-ma_bar,4574,ucdb-name
irn-arak,4575,ucdb-name
uzb-andijon,4576,ucdb-name
pak-mehrabpur,4578,ucdb-name
ind-bhaderwah,4579,ucdb-name
bgd-kumarkhali,4580,ucdb-name
chn-zhongwei,4581,ucdb-name
mmr-taunggyi,4582,ucdb-name
idn-muara_enim,4583,ucdb-name
vnm-ong_ha,4584,ucdb-name
prk-hoechang,4585,ucdb-name
jpn-echizen,4586,ucdb-name
phl-zamboanga_city,4587,ucdb-name
usa-medford,4588,ucdb-name
mex-tepeyac,4589,ucdb-name
col-ocana,4590,ucdb-name
ven-ciudad_guayana,4591,ucdb-name
arg-ingeniero_juan_allan,4592,ucdb-name
bra-belem,4593,ucdb-name
mar-al_hoceima,4594,ucdb-name
gbr-southampton,4595,ucdb-name
esp-benidorm,4596,ucdb-name
dza-ain_oulmane,4597,ucdb-name
nga-ire,4598,ucdb-name
fra-belfort,4599,ucdb-name
deu-wurzburg,4600,ucdb-name
ita-nola,4601,ucdb-name
cod-sandoa,4602,ucdb-name
tur-bartn,4603,ucdb-name
zaf-polokwane,4604,ucdb-name
egy-cairo,4605,k15-roster
ukr-yenakiieve,4606,ucdb-name
rus-anapa,4607,ucdb-name
sdn-shendi,4608,ucdb-name
eth-welkite,4609,ucdb-name
irq-al_rumaitha,4610,ucdb-name
yem-an_nabahinah,4611,ucdb-name
irn-uc4612,4612,ucdb-id
uzb-asaka,4613,ucdb-name
afg-siyahgird,4614,ucdb-name
pak-pir_jo_goth,4615,ucdb-name
ind-tarn_taran_sahib,4616,ucdb-name
bgd-benapole,4617,ucdb-name
chn-yuanyi,4618,ucdb-name
mmr-nyaung_shwe,4619,ucdb-name
idn-keban_agung,4620,ucdb-name
vnm-long_xuyen,4621,ucdb-name
prk-rason,4622,ucdb-name
jpn-toyama,4623,ucdb-name
phl-ligao,4624,ucdb-name
usa-las_vegas,4625,ucdb-name
mex-silao,4626,ucdb-name
col-giron,4627,ucdb-name
ven-san_felix,4628,ucdb-name
arg-rio_gallegos,4629,ucdb-name
bra-passo_fundo,4630,ucdb-name
mar-guercif,4631,ucdb-name
gbr-chester_le_street,4632,ucdb-name
esp-castello_de_la_plana,4633,ucdb-name
nga-ilesa,4634,ucdb-name
dza-setif,4635,ucdb-name
fra-mulhouse,4636,ucdb-name
deu-luneburg,4637,ucdb-name
ita-gela,4638,ucdb-name
cod-tshimbulu,4639,ucdb-name
tur-aksehir,4640,ucdb-name
zaf-madadeni,4641,ucdb-name
egy-kafr_kila_al_bab,4642,ucdb-name
ukr-khartsyzk,4643,ucdb-name
rus-nizhny_novgorod,4644,ucdb-name
sdn-al_hasahisa,4645,ucdb-name
eth-ambo,4646,ucdb-name
irq-as_samawah,4647,ucdb-name
yem-hawrah,4648,ucdb-name
irn-mollasani,4649,ucdb-name
uzb-pakhtaobod,4650,ucdb-name
pak-sherpao,4652,ucdb-name
ind-suratgarh,4653,ucdb-name
bgd-madarganj,4654,ucdb-name
chn-yinchuan,4655,ucdb-name
mmr-okkan,4656,ucdb-name
idn-talang_gudang,4657,ucdb-name
vnm-cho_moi,4658,ucdb-name
prk-chongjin,4659,ucdb-name
jpn-tokushima,4660,ucdb-name
phl-tabaco,4661,ucdb-name
usa-providence,4662,ucdb-name
mex-acapulco,4663,ucdb-name
col-duitama,4664,ucdb-name
ven-upata,4665,ucdb-name
arg-la_plata,4666,ucdb-name
bra-gurupi,4667,ucdb-name
mar-al_aaroui,4668,ucdb-name
gbr-darlington,4669,ucdb-name
esp-lleida,4670,ucdb-name
dza-barika,4671,ucdb-name
nga-okitipupa,4672,ucdb-name
fra-colmar,4673,ucdb-name
deu-lubeck,4674,ucdb-name
ita-avellino,4675,ucdb-name
cod-tshimbalanga,4676,ucdb-name
tur-manavgat,4677,ucdb-name
zaf-ermelo,4678,ucdb-name
egy-samalut,4679,ucdb-name
ukr-kadiivka,4680,ucdb-name
rus-tambov,4681,ucdb-name
sdn-wad_madani,4682,ucdb-name
eth-shire,4683,ucdb-name
irq-al_kut,4684,ucdb-name
yem-dhamar,4685,ucdb-name
irn-tonekabon,4686,ucdb-name
uzb-marhamat,4687,ucdb-name
afg-kishim,4688,ucdb-name
pak-karak,4689,ucdb-name
ind-dhrangadhra,4690,ucdb-name
bgd-salanga,4691,ucdb-name
chn-heping,4692,ucdb-name
mmr-maubin,4693,ucdb-name
idn-batam_city,4694,ucdb-name
vnm-ca_mau,4695,ucdb-name
jpn-tsuruga,4697,ucdb-name
phl-bacolod,4698,ucdb-name
usa-phoenix,4699,k15-roster
mex-valle_de_santiago,4700,ucdb-name
col-bucaramanga,4701,ucdb-name
ven-tucupita,4702,ucdb-name
arg-tandil,4703,ucdb-name
bra-cachoeira_do_sul,4704,ucdb-name
mar-nador,4705,ucdb-name
gbr-sheffield,4706,ucdb-name
esp-reus,4707,ucdb-name
dza-tolga,4708,ucdb-name
nga-igbokoda,4709,ucdb-name
fra-cannes,4710,ucdb-name
deu-ulm,4711,ucdb-name
ita-salerno,4712,ucdb-name
cod-kisenge,4713,ucdb-name
tur-karabuk,4714,ucdb-name
zaf-mpumalanga,4715,ucdb-name
egy-mahalah_zeyad,4716,ucdb-name
ukr-brianka,4717,ucdb-name
rus-yeysk,4718,ucdb-name
sdn-atbara,4719,ucdb-name
eth-sodo,4720,ucdb-name
irq-al_khidhr,4721,ucdb-name
yem-dhi_samir,4722,ucdb-name
irn-shadegan,4723,ucdb-name
uzb-buloqboshi,4724,ucdb-name
afg-charikar,4725,ucdb-name
pak-batkhela,4726,ucdb-name
ind-gunnowal,4727,ucdb-name
bgd-khoksha,4728,ucdb-name
chn-pingluo,4729,ucdb-name
mmr-taungoo,4730,ucdb-name
idn-baturaja,4731,ucdb-name
vnm-cao_lanh,4732,ucdb-name
prk-hamhung,4733,ucdb-name
jpn-arinodai,4734,ucdb-name
phl-silay,4735,ucdb-name
usa-mesa,4736,ucdb-name
mex-salamanca,4737,ucdb-name
col-piedecuesta,4738,ucdb-name
arg-puerto_iguazu,4739,ucdb-name
bra-guarapuava,4740,ucdb-name
mar-taourirt,4741,ucdb-name
gbr-derby,4742,ucdb-name
esp-tarragona,4743,ucdb-name
nga-iwoye,4744,ucdb-name
dza-ouargla,4745,ucdb-name
fra-nice,4746,k15-roster
deu-brunswick,4747,ucdb-name
ita-battipaglia,4748,ucdb-name
cod-kabeya_kamuanga,4749,ucdb-name
tur-polatl,4750,ucdb-name
zaf-mankweng,4751,ucdb-name
egy-zirbi,4752,ucdb-name
ukr-alchevsk,4753,ucdb-name
rus-novorossiysk,4754,ucdb-name
sdn-ad_damer,4755,ucdb-name
eth-shinshicho,4756,ucdb-name
irq-al_hai,4757,ucdb-name
yem-yarim,4758,ucdb-name
irn-nazarabad,4759,ucdb-name
afg-ghazni,4760,ucdb-name
uzb-jalaquduq,4761,ucdb-name
pak-mera_umarzai,4762,ucdb-name
ind-jasdan,4763,ucdb-name
bgd-jhenaidah,4764,ucdb-name
chn-qipanjing,4765,ucdb-name
mmr-hopong,4766,ucdb-name
idn-tanjung_piayu,4767,ucdb-name
vnm-can_tho,4768,ucdb-name
prk-hamju,4769,ucdb-name
jpn-hinomine_3_chome,4770,ucdb-name
phl-legazpi,4771,ucdb-name
usa-eugene,4772,ucdb-name
mex-torreon,4773,ucdb-name
col-sogamoso,4774,ucdb-name
arg-obera,4775,ucdb-name
bra-aracatuba,4776,ucdb-name
mar-berkane,4777,ucdb-name
gbr-harrogate,4778,ucdb-name
esp-ibiza,4779,ucdb-name
nga-ondo,4780,ucdb-name
dza-el_eulma,4781,ucdb-name
fra-strasbourg,4782,k15-roster
deu-schweinfurt,4783,ucdb-name
ita-foggia,4784,ucdb-name
cod-kamiji,4785,ucdb-name
tur-mustafa_kemal,4786,ucdb-name
zaf-durban,4787,ucdb-name
egy-new_al_abbasiya,4788,ucdb-name
ukr-luhansk,4789,ucdb-name
rus-taganrog,4790,ucdb-name
sdn-sennar,4791,ucdb-name
eth-doyogena,4792,ucdb-name
irq-al_fajr,4793,ucdb-name
irn-aligudarz,4795,ucdb-name
afg-jabal_us_saraj,4796,ucdb-name
uzb-qurghontepa,4797,ucdb-name
ind-sri_muktsar_sahib,4799,ucdb-name
bgd-faridpur,4800,ucdb-name
chn-yuzhong,4801,ucdb-name
mmr-taik_kyi,4802,ucdb-name
idn-prabumulih,4803,ucdb-name
vnm-sa_ec,4804,ucdb-name
prk-jongphyong,4805,ucdb-name
jpn-tsuruoka,4806,ucdb-name
phl-masbate_city,4807,ucdb-name
usa-drexel_heights,4808,ucdb-name
mex-guanajuato,4809,ucdb-name
col-recetor,4810,ucdb-name
arg-eldorado,4811,ucdb-name
bra-fernandopolis,4812,ucdb-name
mar-oujda,4813,ucdb-name
gbr-nuneaton,4814,ucdb-name
esp-igualada,4815,ucdb-name
nga-ile_oluji,4816,ucdb-name
dza-jijel,4817,ucdb-name
fra-ajaccio,4818,ucdb-name
deu-wolfsburg,4819,ucdb-name
ita-catania,4820,ucdb-name
cod-kasaji,4821,ucdb-name
tur-sincan,4822,ucdb-name
egy-damshir,4823,ucdb-name
zaf-tongaat,4824,ucdb-name
ukr-rovenky,4825,ucdb-name
rus-slavyansk_na_kubani,4826,ucdb-name
sdn-singa,4827,ucdb-name
eth-tebela,4828,ucdb-name
irq-qalat_sukkar,4829,ucdb-name
afg-istalef,4832,ucdb-name
pak-sakhakot,4833,ucdb-name
ind-batala,4834,ucdb-name
bgd-melandaha,4835,ucdb-name
chn-yongning,4836,ucdb-name
mmr-kyaiklat,4837,ucdb-name
idn-tanjung_pinang,4838,ucdb-name
vnm-tay_ninh,4839,ucdb-name
jpn-morioka,4841,ucdb-name
phl-ipil,4842,ucdb-name
usa-tucson,4843,ucdb-name
mex-cortazar,4844,ucdb-name
col-san_jose_del_guaviare,4845,ucdb-name
arg-necochea,4846,ucdb-name
bra-tupa,4847,ucdb-name
gbr-barnsley,4848,ucdb-name
esp-vilanova_i_la_geltru,4849,ucdb-name
nga-irele,4850,ucdb-name
dza-biskra,4851,ucdb-name
deu-kempten_allgau,4852,ucdb-name
ita-acireale,4853,ucdb-name
cod-wikong,4854,ucdb-name
tur-fatih_sultan,4855,ucdb-name
egy-tamiya,4856,ucdb-name
zaf-kempville,4857,ucdb-name
rus-krymsk,4858,ucdb-name
ukr-krasnodon,4859,ucdb-name
sdn-al_quwaysi,4860,ucdb-name
eth-hossana,4861,ucdb-name
irq-al_rifa_i,4862,ucdb-name
yem-habil_al_jazi,4863,ucdb-name
irn-saveh,4864,ucdb-name
afg-kabul,4865,ucdb-name
pak-kohat,4866,ucdb-name
ind-kathua,4867,ucdb-name
bgd-sirajganj,4868,ucdb-name
chn-qingtongxia,4869,ucdb-name
mmr-pyapon,4870,ucdb-name
idn-bandar_seri_bentan,4871,ucdb-name
vnm-bac_lieu,4872,ucdb-name
prk-kyongsong,4873,ucdb-name
jpn-otsu,4874,ucdb-name
phl-cadiz,4875,ucdb-name
usa-casas_adobes,4876,ucdb-name
mex-acambaro,4877,ucdb-name
col-valledupar,4878,ucdb-name
arg-mar_del_plata,4879,ucdb-name
bra-trindade,4880,ucdb-name
gbr-chesterfield,4881,ucdb-name
esp-manresa,4882,ucdb-name
nga-iludun,4883,ucdb-name
dza-bazoul,4884,ucdb-name
deu-schwerin,4885,ucdb-name
ita-syracuse,4886,ucdb-name
cod-uc4887,4887,ucdb-id
tur-yasamkent,4888,ucdb-name
egy-uc4889,4889,ucdb-id
zaf-stanger_kwadukuza,4890,ucdb-name
ukr-sverdlovsk,4892,ucdb-name
sdn-uc4893,4893,ucdb-id
eth-beke_kelate,4894,ucdb-name
irq-al_shatrah,4895,ucdb-name
yem-as_saddah,4896,ucdb-name
irn-abbasabad,4897,ucdb-name
afg-golbahar,4898,ucdb-name
pak-lakki_marwat,4899,ucdb-name
ind-bhinmal,4900,ucdb-name
bgd-kaliganj,4901,ucdb-name
chn-lintao,4902,ucdb-name
mmr-myaungtagar,4903,ucdb-name
vnm-hue,4905,ucdb-name
prk-ongjin,4906,ucdb-name
jpn-niigata,4907,ucdb-name
phl-sorsogon_city,4908,ucdb-name
usa-salem,4909,ucdb-name
mex-ciudad_hidalgo,4910,ucdb-name
col-yopal,4911,ucdb-name
arg-rio_grande,4912,ucdb-name
bra-birigui,4913,ucdb-name
gbr-hoyland,4914,ucdb-name
esp-sant_andreu_de_la_barca,4915,ucdb-name
nga-ore,4916,ucdb-name
dza-taher,4917,ucdb-name
deu-erfurt,4918,ucdb-name
ita-messina,4919,ucdb-name
cod-mwene_ditu,4920,ucdb-name
tur-ankara,4921,ucdb-name
egy-mansuriya,4922,ucdb-name
zaf-thohoyandou,4923,ucdb-name
rus-arzamas,4924,ucdb-name
sdn-ad_damazin,4925,ucdb-name
eth-gende_woin,4926,ucdb-name
irq-al_gharraf,4927,ucdb-name
irn-mahdasht,4929,ucdb-name
afg-qarabagh,4930,ucdb-name
pak-ameer_abad_kalay,4931,ucdb-name
ind-gurdaspur,4932,ucdb-name
bgd-ullapara,4933,ucdb-name
chn-zhongning,4934,ucdb-name
mmr-pyu,4935,ucdb-name
idn-tegal_rejo,4936,ucdb-name
vnm-vinh_long,4937,ucdb-name
prk-jakdo_dong,4938,ucdb-name
jpn-nagahama,4939,ucdb-name
phl-virac,4940,ucdb-name
usa-portland,4941,ucdb-name
mex-celaya,4942,ucdb-name
col-cucuta,4943,ucdb-name
arg-ushuaia,4944,ucdb-name
bra-goiania,4945,ucdb-name
gbr-eastleigh,4946,ucdb-name
esp-castelldefels,4947,ucdb-name
nga-ila_orangun,4948,ucdb-name
dza-ain_touta,4949,ucdb-name
deu-bamberg,4950,ucdb-name
ita-reggio_calabria,4951,ucdb-name
cod-kasai_oriental,4952,ucdb-name
tur-emisbeleni,4953,ucdb-name
egy-al_manshiyah_al_qibliyah,4954,ucdb-name
zaf-kanyamazane,4955,ucdb-name
rus-azov,4956,ucdb-name
sdn-er_roseires,4957,ucdb-name
eth-boditi,4958,ucdb-name
irq-nasiriyah,4959,ucdb-name
yem-hammam_damt,4960,ucdb-name
irn-safadasht,4961,ucdb-name
afg-mir_bachah_kot,4962,ucdb-name
pak-akhorwal,4963,ucdb-name
ind-danewala,4964,ucdb-name
bgd-sujanagar,4965,ucdb-name
chn-erenhot,4966,ucdb-name
mmr-hmawbi,4967,ucdb-name
idn-palembang,4968,ucdb-name
vnm-cai_lay,4969,ucdb-name
prk-sinwon,4970,ucdb-name
jpn-wakayama,4971,ucdb-name
phl-san_carlos-2,4972,ucdb-name
mex-zitacuaro,4973,ucdb-name
usa-tacoma,4974,ucdb-name
col-riohacha,4975,ucdb-name
bra-santa_cruz_do_sul,4976,ucdb-name
gbr-sunderland,4977,ucdb-name
esp-terrassa,4978,ucdb-name
nga-ipetu_ijesha,4979,ucdb-name
dza-tadjenanet,4980,ucdb-name
deu-nuremberg,4981,ucdb-name
ita-barletta,4982,ucdb-name
cod-djulu,4983,ucdb-name
tur-golbas,4984,ucdb-name
egy-dirin,4985,ucdb-name
zaf-jerusalem,4986,ucdb-name
rus-rostov_on_don,4987,ucdb-name
sdn-ash_shallal,4988,ucdb-name
eth-waliso,4989,ucdb-name
irq-suq_al_shyukh,4990,ucdb-name
yem-qa_tabah,4991,ucdb-name
irn-karaj,4992,ucdb-name
afg-bagram,4993,ucdb-name
pak-takht_bhai,4994,ucdb-name
ind-faridkot,4995,ucdb-name
bgd-bhatara,4996,ucdb-name
chn-wuzhong,4997,ucdb-name
mmr-twante,4998,ucdb-name
idn-dabo,4999,ucdb-name
vnm-soc_trang,5000,ucdb-name
prk-pyoksong,5001,ucdb-name
jpn-joetsu,5002,ucdb-name
phl-dumaguete,5003,ucdb-name
mex-dolores_hidalgo_cuna_de_la_independencia_nacional,5004,ucdb-name
usa-montoya,5005,ucdb-name
col-manaure,5006,ucdb-name
bra-goianesia,5007,ucdb-name
gbr-pontefract,5008,ucdb-name
esp-sant_vicenc_dels_horts,5009,ucdb-name
nga-effon_alaiye,5010,ucdb-name
dza-tamanrasset,5011,ucdb-name
deu-erlangen,5012,ucdb-name
ita-andria,5013,ucdb-name
cod-lukalaba,5014,ucdb-name
tur-saray_osmangazi,5015,ucdb-name
egy-sumusta,5016,ucdb-name
zaf-sikhalasenkosi,5017,ucdb-name
rus-kamensk_shakhtinsky,5018,ucdb-name
sdn-el_hawata,5019,ucdb-name
eth-durame,5020,ucdb-name
irq-amarah,5021,ucdb-name
yem-rada,5022,ucdb-name
irn-mohammad_shahr,5023,ucdb-name
afg-mahmud_e_raqi,5024,ucdb-name
pak-charsadda,5025,ucdb-name
ind-amreli,5026,ucdb-name
bgd-kayempur,5027,ucdb-name
chn-lingwu,5028,ucdb-name
mmr-yangon,5029,ucdb-name
idn-kotabumi,5030,ucdb-name
vnm-trang_bang,5031,ucdb-name
jpn-ohmi_hachiman,5033,ucdb-name
phl-toledo,5034,ucdb-name
mex-chilpancingo,5035,ucdb-name
usa-el_paso,5036,ucdb-name
col-maicao,5037,ucdb-name
bra-votuporanga,5038,ucdb-name
gbr-hinckley,5039,ucdb-name
esp-sant_boi_de_llobregat,5040,ucdb-name
nga-ajagba,5041,ucdb-name
dza-el_m_ghair,5042,ucdb-name
deu-augsburg,5043,ucdb-name
ita-trani,5044,ucdb-name
cod-luputa,5045,ucdb-name
tur-alanya,5046,ucdb-name
egy-matai,5047,ucdb-name
zaf-matsulu,5048,ucdb-name
rus-bataysk,5049,ucdb-name
eth-wegeda,5051,ucdb-name
irq-al_majar_al_kabir,5052,ucdb-name
yem-ad_dala,5053,ucdb-name
irn-khomein,5054,ucdb-name
afg-fayzabad,5055,ucdb-name
pak-sukkur,5056,ucdb-name
ind-diu,5057,ucdb-name
bgd-dhulauri,5058,ucdb-name
chn-hulunbuir,5059,ucdb-name
mmr-dedaye,5060,ucdb-name
idn-pringsewu,5061,ucdb-name
vnm-my_tho,5062,ucdb-name
prk-suan,5063,ucdb-name
jpn-hikone,5064,ucdb-name
phl-cebu_city,5065,ucdb-name
mex-san_miguel_de_allende,5066,ucdb-name
usa-las_cruces,5067,ucdb-name
col-uribia,5068,ucdb-name
bra-araguaina,5069,ucdb-name
gbr-nottingham,5070,ucdb-name
esp-barcelona,5071,k15-roster
nga-salka,5072,ucdb-name
dza-djamaa,5073,ucdb-name
deu-magdeburg,5074,ucdb-name
ita-bisceglie,5075,ucdb-name
cod-basoko,5076,ucdb-name
tur-konya,5077,ucdb-name
egy-kafr_al_bashbishah,5078,ucdb-name
zaf-kamaqhekeza,5079,ucdb-name
rus-krasnodar,5080,ucdb-name
eth-gojo_town,5082,ucdb-name
irq-uc5083,5083,ucdb-id
yem-sabir,5084,ucdb-name
irn-qebchaq,5085,ucdb-name
afg-baraki_rijan,5086,ucdb-name
pak-khairpur,5087,ucdb-name
ind-hanumanangarh_junction,5088,ucdb-name
bgd-pangsha,5089,ucdb-name
chn-dingxi,5090,ucdb-name
mmr-panglong,5091,ucdb-name
idn-kayu_agung,5092,ucdb-name
vnm-binh_long,5093,ucdb-name
jpn-kashiwazaki,5095,ucdb-name
phl-dipolog,5096,ucdb-name
mex-queretaro,5097,ucdb-name
usa-seattle,5098,ucdb-name
col-arauca,5099,ucdb-name
bra-assis,5100,ucdb-name
gbr-middlesbrough,5101,ucdb-name
esp-granollers,5102,ucdb-name
nga-share,5103,ucdb-name
dza-tamacine,5104,ucdb-name
deu-rostock,5105,ucdb-name
ita-cosenza,5106,ucdb-name
cod-yata,5107,ucdb-name
tur-kastamonu,5108,ucdb-name
egy-mit_badr_halawa,5109,ucdb-name
rus-borisoglebsk,5110,ucdb-name
sdn-al_qadarif,5111,ucdb-name
eth-shone,5112,ucdb-name
irq-qalat_saleh,5113,ucdb-name
yem-bi_r_rubak,5114,ucdb-name
irn-bandar_e_mahshahr,5115,ucdb-name
afg-pol_e_charkhi,5116,ucdb-name
pak-chakdara,5117,ucdb-name
ind-surendranagar,5118,ucdb-name
bgd-shahajadpur,5119,ucdb-name
chn-tongxin,5120,ucdb-name
mmr-laukkaing,5121,ucdb-name
idn-bagelen,5122,ucdb-name
vnm-cu_chi,5123,ucdb-name
prk-haeju,5124,ucdb-name
jpn-nara,5125,ucdb-name
phl-pagadian,5126,ucdb-name
mex-iguala,5127,ucdb-name
usa-auburn,5128,ucdb-name
col-leticia,5129,ucdb-name
bra-castanhal,5130,ucdb-name
gbr-oxford,5131,ucdb-name
esp-mataro,5132,ucdb-name
nga-arogbo,5133,ucdb-name
dza-chelghoum_laid,5134,ucdb-name
deu-jena,5135,ucdb-name
ita-molfetta,5136,ucdb-name
cod-bondo,5137,ucdb-name
tur-cankr,5138,ucdb-name
egy-maghagha,5139,ucdb-name
rus-shakhty,5140,ucdb-name
sdn-new_halfa,5141,ucdb-name
eth-kele,5142,ucdb-name
irq-al_midaina,5143,ucdb-name
yem-adan,5144,ucdb-name
irn-haftkel,5145,ucdb-name
pak-sui,5147,ucdb-name
ind-pathankot,5148,ucdb-name
bgd-sarishabari,5149,ucdb-name
chn-haiyuan,5150,ucdb-name
mmr-hlegu,5151,ucdb-name
idn-pemanggilan,5152,ucdb-name
vnm-uc_hoa,5153,ucdb-name
prk-kowon,5154,ucdb-name
jpn-sanjo,5155,ucdb-name
phl-tagbilaran,5156,ucdb-name
mex-ciudad_juarez,5157,ucdb-name
usa-yakima,5158,ucdb-name
bra-penapolis,5159,ucdb-name
gbr-rugby,5160,ucdb-name
esp-palma_de_mallorca,5161,k15-roster
nga-mokwa,5162,ucdb-name
dza-batna,5163,ucdb-name
deu-bayreuth,5164,ucdb-name
ita-altamura,5165,ucdb-name
cod-tshilenge,5166,ucdb-name
egy-el_mansura,5167,ucdb-name
tur-keskin,5168,ucdb-name
rus-novocherkassk,5169,ucdb-name
eth-bechena,5171,ucdb-name
irq-al_qurna,5172,ucdb-name
yem-madinat_lab_us,5173,ucdb-name
irn-teheran,5174,k15-roster
pak-sakrand,5176,ucdb-name
ind-una,5177,ucdb-name
bgd-tarakandi,5178,ucdb-name
chn-yingjiang_county,5179,ucdb-name
mmr-kungyangon,5180,ucdb-name
idn-bandar_lampung,5181,ucdb-name
vnm-ben_tre,5182,ucdb-name
prk-uc5183,5183,ucdb-id
jpn-nagaoka,5184,ucdb-name
phl-catarman,5185,ucdb-name
mex-taxco,5186,ucdb-name
usa-nampa,5187,ucdb-name
bra-palmas,5188,ucdb-name
gbr-kirkby_in_ashfield,5189,ucdb-name
esp-girona,5190,ucdb-name
nga-ikoro,5191,ucdb-name
dza-touggourt,5192,ucdb-name
deu-ingolstadt,5193,ucdb-name
ita-bari,5194,k15-roster
cod-aketi,5195,ucdb-name
egy-mit_ghamr,5196,ucdb-name
tur-karaman,5197,ucdb-name
rus-syktyvkar,5198,ucdb-name
sdn-khashm_el_girba,5199,ucdb-name
eth-mertule_mariam,5200,ucdb-name
irq-basra,5201,ucdb-name
yem-ja_ar,5202,ucdb-name
irn-ramhormoz,5203,ucdb-name
afg-khand_khil,5204,ucdb-name
pak-thana,5205,ucdb-name
ind-hanumangarh,5206,ucdb-name
bgd-jamalpur,5207,ucdb-name
chn-huining,5208,ucdb-name
mmr-kyauktaga,5209,ucdb-name
idn-poncowati,5210,ucdb-name
vnm-tra_vinh,5211,ucdb-name
prk-chonnae,5212,ucdb-name
jpn-nagoya,5213,ucdb-name
phl-calbayog,5214,ucdb-name
mex-san_luis_potosi,5215,ucdb-name
usa-boise,5216,ucdb-name
bra-jardim_aureny_iii,5217,ucdb-name
gbr-portsmouth,5218,ucdb-name
nga-aramoko_ekiti,5219,ucdb-name
dza-el_milia,5220,ucdb-name
deu-halle_saale,5221,ucdb-name
ita-taranto,5222,ucdb-name
cod-bena_muganda,5223,ucdb-name
egy-beni_mazar,5224,ucdb-name
tur-krsehir,5225,ucdb-name
rus-tuapse,5226,ucdb-name
eth-ginsi,5228,ucdb-name
irq-az_zubayr,5229,ucdb-name
yem-al_beidha,5230,ucdb-name
irn-qom,5231,ucdb-name
afg-mihtarlam,5232,ucdb-name
pak-wardaga,5233,ucdb-name
ind-deesa,5234,ucdb-name
bgd-jashore,5235,ucdb-name
chn-baotou,5236,ucdb-name
mmr-loikaw,5237,ucdb-name
idn-metro,5238,ucdb-name
vnm-ho_chi_minh,5239,k15-roster
prk-uc5240,5240,ucdb-id
jpn-nagano,5241,ucdb-name
phl-oroquieta,5242,ucdb-name
mex-toluca,5243,ucdb-name
usa-anchorage,5244,ucdb-name
bra-senador_canedo,5245,ucdb-name
gbr-loughborough,5246,ucdb-name
nga-igbara_odo,5247,ucdb-name
dza-mila,5248,ucdb-name
deu-munich,5249,k15-roster
ita-brindisi,5250,ucdb-name
cod-ngandajika,5251,ucdb-name
egy-al_minya,5252,ucdb-name
tur-aksaray,5253,ucdb-name
rus-tikhoretsk,5254,ucdb-name
sdn-aroma,5255,ucdb-name
eth-alaba_kulito,5256,ucdb-name
irq-umm_qasr,5257,ucdb-name
yem-bayhan,5258,ucdb-name
irn-district_8,5259,ucdb-name
afg-kaza,5260,ucdb-name
pak-pabbi,5261,ucdb-name
ind-kotkapura,5262,ucdb-name
bgd-sathiya,5263,ucdb-name
chn-shangri_la,5264,ucdb-name
mmr-tangyan,5265,ucdb-name
idn-muntok,5266,ucdb-name
vnm-ben_cat,5267,ucdb-name
prk-sohung,5268,ucdb-name
jpn-kani,5269,ucdb-name
phl-tangub_tubod,5270,ucdb-name
mex-almoloya_de_juarez,5271,ucdb-name
usa-kennewick,5272,ucdb-name
bra-telemaco_borba,5273,ucdb-name
gbr-hartlepool,5274,ucdb-name
nga-igbara_oke,5275,ucdb-name
dza-collo,5276,ucdb-name
deu-gera,5277,ucdb-name
ita-lecce,5278,ucdb-name
egy-bani_hallah,5280,ucdb-name
tur-corum,5281,ucdb-name
rus-balashov,5282,ucdb-name
sdn-hamaschkorieb,5283,ucdb-name
eth-tulu_bolo,5284,ucdb-name
yem-lawdar,5285,ucdb-name
irn-izeh,5286,ucdb-name
afg-jalalabad,5287,ucdb-name
pak-nawabshah,5288,ucdb-name
ind-nokha,5289,ucdb-name
bgd-sherpur-2,5290,ucdb-name
chn-longxi,5291,ucdb-name
mmr-nansang,5292,ucdb-name
idn-banjarmasin,5293,ucdb-name
vnm-a_nang,5294,ucdb-name
prk-koksan,5295,ucdb-name
jpn-matsumoto,5296,ucdb-name
phl-kapatagan,5297,ucdb-name
mex-san_luis_de_la_paz,5298,ucdb-name
usa-spanish_fork,5299,ucdb-name
bra-ituiutaba,5300,ucdb-name
gbr-mansfield,5301,ucdb-name
nga-gummi,5302,ucdb-name
dza-constantine,5303,ucdb-name
deu-leipzig,5304,k15-roster
cod-kanyama,5305,ucdb-name
egy-aba_el_waqf,5306,ucdb-name
tur-eregli,5307,ucdb-name
rus-belorechensk,5308,ucdb-name
sdn-rashaida_al_hafayer,5309,ucdb-name
eth-k_ali_k_esa_bota,5310,ucdb-name
irn-qarchak,5311,ucdb-name
yem-ataq,5312,ucdb-name
afg-khost,5313,ucdb-name
pak-mardan,5314,ucdb-name
ind-jodhpur,5315,ucdb-name
bgd-bera,5316,ucdb-name
chn-yakeshi_yaysi,5317,ucdb-name
mmr-thanlyin,5318,ucdb-name
idn-braja_asri,5319,ucdb-name
vnm-phuoc_vinh,5320,ucdb-name
prk-sinpho,5321,ucdb-name
jpn-yamagata,5322,ucdb-name
phl-ozamiz,5323,ucdb-name
mex-san_juan_del_rio,5324,ucdb-name
usa-bellingham,5325,ucdb-name
bra-anapolis,5326,ucdb-name
gbr-leicester,5327,ucdb-name
nga-ijero_ekiti,5328,ucdb-name
dza-ali_mendjeli,5329,ucdb-name
deu-regensburg,5330,ucdb-name
cod-kabinda,5331,ucdb-name
egy-al_minya-2,5332,ucdb-name
tur-vezirkopru,5333,ucdb-name
rus-apsheronsk,5334,ucdb-name
eth-nefas_meewcha,5336,ucdb-name
irn-pakdasht,5337,ucdb-name
yem-al_qatan,5338,ucdb-name
afg-trilyee_family,5339,ucdb-name
pak-kandhkot,5340,ucdb-name
ind-jalore,5341,ucdb-name
bgd-satkhira,5342,ucdb-name
chn-ruili,5343,ucdb-name
mmr-pegu,5344,ucdb-name
idn-sukasari,5345,ucdb-name
vnm-ong_xoai,5346,ucdb-name
prk-uc5347,5347,ucdb-id
jpn-ueda,5348,ucdb-name
phl-ormoc,5349,ucdb-name
mex-capulhuac_de_mirafuentes,5350,ucdb-name
usa-provo,5351,ucdb-name
bra-uniao_da_vitoria,5352,ucdb-name
gbr-doncaster,5353,ucdb-name
nga-sifawa,5354,ucdb-name
dza-ain_mlila,5355,ucdb-name
deu-landshut,5356,ucdb-name
cod-buta,5357,ucdb-name
egy-lahun,5358,ucdb-name
tur-nevsehir,5359,ucdb-name
rus-saransk,5360,ucdb-name
eth-axum,5362,ucdb-name
irn-pardis,5363,ucdb-name
yem-say_un,5364,ucdb-name
afg-khaki,5365,ucdb-name
pak-thatta,5366,ucdb-name
ind-patan,5367,ucdb-name
bgd-kashinathpur,5368,ucdb-name
chn-donghe,5369,ucdb-name
mmr-thilawa,5370,ucdb-name
vnm-tan_uyen,5371,ucdb-name
idn-sido_dadi,5372,ucdb-name
prk-munchon,5373,ucdb-name
jpn-tajimi,5374,ucdb-name
phl-catbalogan,5375,ucdb-name
mex-cuernavaca,5376,ucdb-name
usa-salt_lake_city,5377,ucdb-name
bra-lajeado,5378,ucdb-name
gbr-basingstoke,5379,ucdb-name
nga-ipoti,5380,ucdb-name
dza-didouche_mourad,5381,ucdb-name
deu-zwickau,5382,ucdb-name
cod-kamina,5383,ucdb-name
egy-ihnasya_al_madinah,5384,ucdb-name
tur-nigde,5385,ucdb-name
rus-maykop,5386,ucdb-name
eth-yabelo,5388,ucdb-name
irn-pishva,5389,ucdb-name
yem-tarim,5390,ucdb-name
afg-asadabad,5391,ucdb-name
pak-mingora,5392,ucdb-name
ind-kundla,5393,ucdb-name
bgd-magura,5394,ucdb-name
chn-lushui,5395,ucdb-name
mmr-nyaunglebin,5396,ucdb-name
vnm-phuoc_long,5397,ucdb-name
idn-cilegon,5398,ucdb-name
prk-chongdan,5399,ucdb-name
jpn-osaki,5400,ucdb-name
phl-iligan,5401,ucdb-name
mex-mexico_city,5402,k15-roster
usa-wenatchee,5403,ucdb-name
bra-itumbiara,5404,ucdb-name
gbr-york,5405,ucdb-name
nga-omu_aran,5406,ucdb-name
dza-el_khroub,5407,ucdb-name
deu-rosenheim,5408,ucdb-name
cod-kisangani,5409,ucdb-name
egy-bilqas,5410,ucdb-name
tur-bafra,5411,ucdb-name
rus-sochi,5412,ucdb-name
irn-amol,5415,ucdb-name
yem-fuwwah,5416,ucdb-name
pak-katlang,5417,ucdb-name
ind-botad,5418,ucdb-name
bgd-buhapur,5419,ucdb-name
chn-tengchong,5420,ucdb-name
mmr-daik_u,5421,ucdb-name
vnm-go_cong,5422,ucdb-name
idn-pandeglang,5423,ucdb-name
prk-phyongsan,5424,ucdb-name
jpn-okaya,5425,ucdb-name
phl-balo_i,5426,ucdb-name
mex-tlapa_de_comonfort,5427,ucdb-name
usa-south_valley,5428,ucdb-name
bra-marilia,5429,ucdb-name
gbr-reading,5430,ucdb-name
nga-otun,5431,ucdb-name
dza-skikda,5432,ucdb-name
deu-potsdam,5433,ucdb-name
cod-kolwezi,5434,ucdb-name
egy-fashn,5435,ucdb-name
tur-mersin,5436,ucdb-name
rus-kropotkin,5437,ucdb-name
sdn-kassala,5438,ucdb-name
eth-yirga_cheffe,5439,ucdb-name
irn-fereydunkenar,5440,ucdb-name
yem-mukalla,5441,ucdb-name
pak-matta,5442,ucdb-name
ind-kapurthala,5443,ucdb-name
bgd-dhanbari,5444,ucdb-name
chn-xiji,5445,ucdb-name
mmr-kyauktan,5446,ucdb-name
idn-suralaya,5447,ucdb-name
vnm-hoi_an,5448,ucdb-name
jpn-matsusaka,5450,ucdb-name
phl-tacloban,5451,ucdb-name
mex-cuautla,5452,ucdb-name
usa-albuquerque,5453,ucdb-name
bra-cacador,5454,ucdb-name
gbr-northampton,5455,ucdb-name
nga-ilawe_ekiti,5456,ucdb-name
dza-ain_fakroun,5457,ucdb-name
deu-chemnitz,5458,ucdb-name
cod-banalia,5459,ucdb-name
egy-uc5460,5460,ucdb-id
tur-amasya,5461,ucdb-name
rus-penza,5462,ucdb-name
sdn-jubayt,5463,ucdb-name
eth-gebre_guracha,5464,ucdb-name
irn-kashan,5465,ucdb-name
yem-ghayl_ba_wazir,5466,ucdb-name
pak-amangarh,5467,ucdb-name
ind-mandi_dabwali,5468,ucdb-name
bgd-nalitabari,5469,ucdb-name
chn-yanchi,5470,ucdb-name
mmr-shwegyin,5471,ucdb-name
idn-jakarta,5472,k15-roster
vnm-long_thanh,5473,ucdb-name
prk-tanchon,5474,ucdb-name
jpn-suwa,5475,ucdb-name
phl-marawi,5476,ucdb-name
mex-tepeji_de_ocampo,5477,ucdb-name
usa-paradise_hills,5478,ucdb-name
bra-lins,5479,ucdb-name
gbr-milton_keynes,5480,ucdb-name
nga-ilara_mokin,5481,ucdb-name
dza-guemar,5482,ucdb-name
deu-berlin,5483,k15-roster
cod-kabongo,5484,ucdb-name
egy-hour,5485,ucdb-name
tur-kazanl_mah,5486,ucdb-name
rus-sirius,5487,ucdb-name
sdn-sinkat,5488,ucdb-name
eth-kibet,5489,ucdb-name
irn-behbahan,5490,ucdb-name
yem-shihr,5491,ucdb-name
pak-dera_ismail_khan,5492,ucdb-name
ind-limbdi,5493,ucdb-name
bgd-rajbari,5494,ucdb-name
chn-dalad,5495,ucdb-name
mmr-kayan,5496,ucdb-name
idn-rangkasbitung,5497,ucdb-name
vnm-phu_my-2,5498,ucdb-name
prk-kimch_aek,5499,ucdb-name
jpn-sendai,5500,ucdb-name
phl-cotabato_city,5501,ucdb-name
mex-tula,5502,ucdb-name
usa-bountiful,5503,ucdb-name
bra-mirassol,5504,ucdb-name
gbr-aylesbury,5505,ucdb-name
nga-idanre,5506,ucdb-name
dza-el_oued,5507,ucdb-name
deu-hennigsdorf,5508,ucdb-name
cod-kabondo_dianda,5509,ucdb-name
egy-dalgaa,5510,ucdb-name
tur-samsun,5511,ucdb-name
rus-cheboksary,5512,ucdb-name
sdn-wadsharefy,5513,ucdb-name
eth-bule_hora,5514,ucdb-name
irn-shahr_e_kord,5515,ucdb-name
pak-pano_akil,5516,ucdb-name
ind-moga,5517,ucdb-name
bgd-madhupur,5518,ucdb-name
chn-luomen,5519,ucdb-name
mmr-thongwa,5520,ucdb-name
vnm-kon_tum,5521,ucdb-name
idn-kebuyutan,5522,ucdb-name
prk-wonsan,5523,ucdb-name
jpn-inter_nishi,5524,ucdb-name
phl-cagayan_de_oro,5525,ucdb-name
mex-colonia_santa_teresa,5526,ucdb-name
usa-layton,5527,ucdb-name
bra-sao_jose_do_rio_preto,5528,ucdb-name
gbr-camberley,5529,ucdb-name
nga-sokoto,5530,ucdb-name
dza-oum_el_bouaghi,5531,ucdb-name
deu-dresden,5532,ucdb-name
cod-kabongo-2,5533,ucdb-name
egy-al_inab_al_saghirah,5534,ucdb-name
tur-tarsus,5535,ucdb-name
rus-kurganinsk,5536,ucdb-name
eth-wenago,5538,ucdb-name
pak-khwazakhela,5540,ucdb-name
ind-viramgam,5541,ucdb-name
bgd-ghatail,5542,ucdb-name
chn-mang,5543,ucdb-name
mmr-mong_maw_mongmao,5544,ucdb-name
vnm-gia_kiem,5545,ucdb-name
idn-pangkalpinang,5546,ucdb-name
prk-uc5547,5547,ucdb-id
jpn-ise,5548,ucdb-name
phl-balingasag,5549,ucdb-name
mex-huehuetoca,5550,ucdb-name
usa-ogden,5551,ucdb-name
bra-ourinhos,5552,ucdb-name
gbr-aldershot,5553,ucdb-name
nga-akure,5554,ucdb-name
dza-khenchela,5555,ucdb-name
deu-cottbus_chosebuz,5556,ucdb-name
cod-luena,5557,ucdb-name
egy-atmeeda,5558,ucdb-name
tur-kayseri,5559,ucdb-name
rus-zarechny,5560,ucdb-name
sdn-port_sudan,5561,ucdb-name
eth-butajira,5562,ucdb-name
irn-babol,5563,ucdb-name
pak-nowshera,5564,ucdb-name
ind-palanpur,5565,ucdb-name
bgd-elenga,5566,ucdb-name
chn-jingning,5567,ucdb-name
mmr-kyaikto,5568,ucdb-name
vnm-phu_cuong,5569,ucdb-name
idn-palabuhanratu,5570,ucdb-name
prk-yonan,5571,ucdb-name
jpn-iida,5572,ucdb-name
phl-jasaan,5573,ucdb-name
mex-rioverde,5574,ucdb-name
usa-grand_junction,5575,ucdb-name
bra-acailandia,5576,ucdb-name
gbr-high_wycombe,5577,ucdb-name
nga-ido_ekiti,5578,ucdb-name
dza-guelma,5579,ucdb-name
cod-bukama,5580,ucdb-name
egy-biba,5581,ucdb-name
tur-tekkekoy,5582,ucdb-name
rus-yoshkar_ola,5583,ucdb-name
sdn-sawakin,5584,ucdb-name
eth-gedeb,5585,ucdb-name
irn-dehdasht,5586,ucdb-name
pak-haleji_sharif,5587,ucdb-name
ind-bathinda,5588,ucdb-name
bgd-kalihati,5589,ucdb-name
chn-dingbian,5590,ucdb-name
mmr-thaton,5591,ucdb-name
vnm-pleiku,5592,ucdb-name
idn-sungailiat,5593,ucdb-name
prk-paechon,5594,ucdb-name
jpn-shibata,5595,ucdb-name
phl-midsayap,5596,ucdb-name
mex-zumpango,5597,ucdb-name
usa-odessa,5598,ucdb-name
bra-bento_goncalves,5599,ucdb-name
gbr-bracknell,5600,ucdb-name
nga-ado_ekiti,5601,ucdb-name
dza-ain_beida,5602,ucdb-name
egy-makein,5604,ucdb-name
tur-yenice,5605,ucdb-name
rus-sal_sk,5606,ucdb-name
eth-dilla,5608,ucdb-name
irn-najafabad,5609,ucdb-name
pak-charbagh,5610,ucdb-name
ind-siddhpur,5611,ucdb-name
bgd-tangail,5612,ucdb-name
chn-tumed_right_banner,5613,ucdb-name
mmr-hpa_an,5614,ucdb-name
vnm-vung_tau,5615,ucdb-name
idn-toboali,5616,ucdb-name
prk-kosan,5617,ucdb-name
jpn-fukushima,5618,ucdb-name
phl-isulan,5619,ucdb-name
mex-ozumba_de_alzate,5620,ucdb-name
usa-laredo,5621,ucdb-name
bra-pelotas,5622,ucdb-name
gbr-maidenhead,5623,ucdb-name
nga-ugborodo,5624,ucdb-name
dza-sedrata,5625,ucdb-name
cod-lubao,5626,ucdb-name
egy-naj_al_shaykh_hasan_abu_sabir,5627,ucdb-name
tur-adana,5628,ucdb-name
rus-novocheboksarsk,5629,ucdb-name
eth-adwa,5631,ucdb-name
irn-qaem_shahr,5632,ucdb-name
pak-jamshoro,5633,ucdb-name
ind-rajula,5634,ucdb-name
bgd-noapara,5635,ucdb-name
chn-yuanzhou,5636,ucdb-name
mmr-mawlamyine,5637,ucdb-name
vnm-tam_ky,5638,ucdb-name
idn-cipanas,5639,ucdb-name
prk-kaesong,5640,ucdb-name
jpn-ishinomaki,5641,ucdb-name
phl-tacurong,5642,ucdb-name
mex-mixquiahuala,5643,ucdb-name
usa-midland,5644,ucdb-name
bra-imperatriz,5645,ucdb-name
gbr-bognor_regis,5646,ucdb-name
nga-zuru,5647,ucdb-name
dza-annaba,5648,ucdb-name
egy-jamasa,5650,ucdb-name
tur-carsamba,5651,ucdb-name
rus-kirov,5652,ucdb-name
eth-gwangwa,5654,ucdb-name
irn-charam,5655,ucdb-name
pak-hala,5656,ucdb-name
ind-jalandhar,5657,ucdb-name
bgd-gazipur,5658,ucdb-name
chn-gangu,5659,ucdb-name
mmr-mudon,5660,ucdb-name
vnm-ba_ria,5661,ucdb-name
idn-karyamakmur,5662,ucdb-name
jpn-gamagori,5663,ucdb-name
phl-gingoog,5664,ucdb-name
mex-los_reyes_acozac,5665,ucdb-name
usa-mcallen,5666,ucdb-name
bra-paragominas,5667,ucdb-name
gbr-burton_latimer,5668,ucdb-name
nga-ikere_ekiti,5669,ucdb-name
dza-cheria,5670,ucdb-name
egy-uc5672,5672,ucdb-id
tur-erbaa,5673,ucdb-name
rus-labinsk,5674,ucdb-name
eth-holeta_genet,5676,ucdb-name
irn-fuladshahr,5677,ucdb-name
pak-hyderabad,5678,ucdb-name
ind-unjha,5679,ucdb-name
bgd-daulatpur,5680,ucdb-name
chn-baoshan,5681,ucdb-name
mmr-kengtung,5682,ucdb-name
vnm-long_khanh,5683,ucdb-name
idn-kertasari,5684,ucdb-name
jpn-takasaki_maebashi,5685,ucdb-name
phl-surigao_city,5686,ucdb-name
mex-texcoco_de_mora,5687,ucdb-name
usa-spokane,5688,ucdb-name
bra-ponta_grossa,5689,ucdb-name
gbr-corby,5690,ucdb-name
nga-rijau,5691,ucdb-name
dza-m_daourouch,5692,ucdb-name
cod-tenke,5693,ucdb-name
egy-uc5694,5694,ucdb-id
tur-tokat,5695,ucdb-name
rus-volgodonsk,5696,ucdb-name
eth-chucko,5698,ucdb-name
irn-shahin_shahr,5699,ucdb-name
pak-ismaila,5700,ucdb-name
ind-mahesana,5701,ucdb-name
bgd-haluaghat,5702,ucdb-name
chn-dongsheng,5703,ucdb-name
mmr-thanbyuzayat,5704,ucdb-name
vnm-ak_mil,5705,ucdb-name
idn-panundaan,5706,ucdb-name
jpn-toyohashi,5707,ucdb-name
phl-koronadal,5708,ucdb-name
mex-matehuala,5709,ucdb-name
usa-edinburg,5710,ucdb-name
bra-caldas_novas,5711,ucdb-name
gbr-scunthorpe,5712,ucdb-name
nga-amarawa,5713,ucdb-name
dza-souk_ahras,5714,ucdb-name
cod-kitenge,5715,ucdb-name
egy-minya_al_qamh,5716,ucdb-name
tur-kozan,5717,ucdb-name
rus-armavir,5718,ucdb-name
eth-irba,5719,ucdb-name
irn-isfahan,5720,ucdb-name
pak-garhi_kapoora,5721,ucdb-name
ind-nagaur,5722,ucdb-name
bgd-delduar,5723,ucdb-name
chn-ordos,5724,ucdb-name
mmr-kawkareik,5725,ucdb-name
vnm-inh_quan,5726,ucdb-name
idn-cianting_utara,5727,ucdb-name
jpn-koriyama,5728,ucdb-name
phl-valencia,5729,ucdb-name
mex-tizayuca,5730,ucdb-name
usa-brownsville,5731,ucdb-name
bra-capanema,5732,ucdb-name
gbr-slough,5733,ucdb-name
nga-egosi,5734,ucdb-name
dza-tebessa,5735,ucdb-name
cod-kindu,5736,ucdb-name
egy-el_azizia,5737,ucdb-name
tur-ceyhan,5738,ucdb-name
rus-kirovo_chepetsk,5739,ucdb-name
eth-uc5740,5740,ucdb-id
irn-sari,5741,ucdb-name
pak-ghotki,5742,ucdb-name
ind-rattangarh_kanakwal,5743,ucdb-name
bgd-goalanda,5744,ucdb-name
chn-lijiang,5745,ucdb-name
mmr-ye,5746,ucdb-name
vnm-ngai_giao,5747,ucdb-name
idn-bandung,5748,ucdb-name
jpn-isesaki,5749,ucdb-name
phl-kidapawan,5750,ucdb-name
mex-atlixco,5751,ucdb-name
usa-lubbock,5752,ucdb-name
bra-aguas_lindas_de_goias,5753,ucdb-name
gbr-walton_on_thames,5754,ucdb-name
nga-wurno,5755,ucdb-name
dza-ouenza,5756,ucdb-name
cod-kibombo,5757,ucdb-name
egy-beni_suef,5758,ucdb-name
tur-yumurtalk,5759,ucdb-name
rus-izobilnyy,5760,ucdb-name
eth-irgalem,5761,ucdb-name
irn-bandar_ganaveh,5762,ucdb-name
pak-bhit_shah,5763,ucdb-name
ind-sirohi,5764,ucdb-name
bgd-narail,5765,ucdb-name
chn-qin_an,5766,ucdb-name
mmr-myawaddy,5767,ucdb-name
vnm-tan_phu,5768,ucdb-name
idn-purwakarta,5769,ucdb-name
jpn-kofu,5770,ucdb-name
phl-butuan,5771,ucdb-name
mex-santa_matilde,5772,ucdb-name
usa-valley_hi,5773,ucdb-name
bra-santo_antonio_do_descoberto,5774,ucdb-name
gbr-guildford,5775,ucdb-name
nga-lafiagi,5776,ucdb-name
dza-bir_el_ater,5777,ucdb-name
cod-fungurume,5778,ucdb-name
egy-abu_qurqas,5779,ucdb-name
tur-unye,5780,ucdb-name
rus-stavropol,5781,ucdb-name
eth-aleta_wendo,5782,ucdb-name
irn-dogonbadan,5783,ucdb-name
pak-anghapur,5784,ucdb-name
ind-kadi,5785,ucdb-name
bgd-barogram,5786,ucdb-name
chn-tumed_left_banner,5787,ucdb-name
mmr-tachileik,5788,ucdb-name
vnm-gia_ray,5789,ucdb-name
idn-pasirukem,5790,ucdb-name
jpn-honjo,5791,ucdb-name
phl-polomolok,5792,ucdb-name
mex-pachuca,5793,ucdb-name
usa-san_antonio,5794,ucdb-name
bra-caxias_do_sul,5795,ucdb-name
gbr-lincoln,5796,ucdb-name
nga-kontagora,5797,ucdb-name
cod-kakanda,5798,ucdb-name
egy-sunbo,5799,ucdb-name
tur-sugozu,5800,ucdb-name
rus-zelenodol_sk,5801,ucdb-name
eth-leku,5802,ucdb-name
irn-dolatabad,5803,ucdb-name
pak-rustam,5804,ucdb-name
ind-abu_road,5805,ucdb-name
bgd-koyra,5806,ucdb-name
chn-changhong,5807,ucdb-name
mmr-payathonzu,5808,ucdb-name
vnm-chu_se,5809,ucdb-name
idn-bumihayu,5810,ucdb-name
jpn-ota,5811,ucdb-name
phl-general_santos,5812,ucdb-name
mex-texmelucan,5813,ucdb-name
usa-corpus_christi,5814,ucdb-name
bra-rio_grande,5815,ucdb-name
gbr-london,5816,k15-roster
nga-ise,5817,ucdb-name
egy-dundet,5819,ucdb-name
tur-kadirli,5820,ucdb-name
rus-mikhaylovsk,5821,ucdb-name
eth-hawassa,5822,ucdb-name
irn-surak,5823,ucdb-name
pak-pacha_kalay,5824,ucdb-name
ind-visnagar,5825,ucdb-name
bgd-muktagacha,5826,ucdb-name
chn-tianshui,5827,ucdb-name
mmr-dawei,5828,ucdb-name
vnm-ea_t_ling,5829,ucdb-name
idn-tarogong,5830,ucdb-name
jpn-hamamatsu,5831,ucdb-name
phl-digos,5832,ucdb-name
mex-ciudad_sahagun,5833,ucdb-name
usa-wetmore,5834,ucdb-name
bra-brazlandia,5835,ucdb-name
gbr-littlehampton,5836,ucdb-name
nga-koko-2,5837,ucdb-name
cod-kikondja,5838,ucdb-name
egy-bani_bakhit,5839,ucdb-name
tur-sivas,5840,ucdb-name
rus-kuznetsk,5841,ucdb-name
eth-gundo_meskel,5842,ucdb-name
irn-baharestan,5843,ucdb-name
pak-yar_hussain,5844,ucdb-name
ind-jagraon,5845,ucdb-name
bgd-paikgacha,5846,ucdb-name
chn-hohhot,5847,ucdb-name
mmr-palaw,5848,ucdb-name
vnm-buon_ma_thuot,5849,ucdb-name
idn-cibodas,5850,ucdb-name
jpn-fukaya,5851,ucdb-name
phl-bayugan,5852,ucdb-name
mex-puebla,5853,ucdb-name
usa-mineral_palace,5854,ucdb-name
bra-brasilia,5855,ucdb-name
gbr-luton,5856,ucdb-name
nga-emure_ekiti,5857,ucdb-name
cod-kambove,5858,ucdb-name
egy-abyuha,5859,ucdb-name
tur-fatsa,5860,ucdb-name
rus-nevinnomyssk,5861,ucdb-name
eth-addis_abeba,5862,k15-roster
irn-behshahr,5863,ucdb-name
pak-kashmore,5864,ucdb-name
ind-palitana,5865,ucdb-name
bgd-phulpur,5866,ucdb-name
chn-wudu,5867,ucdb-name
mmr-myeik,5868,ucdb-name
vnm-quang_ngai,5869,ucdb-name
idn-subang,5870,ucdb-name
jpn-utsunomiya,5871,ucdb-name
phl-davao_city,5872,ucdb-name
mex-saltillo,5873,ucdb-name
usa-amarillo,5874,ucdb-name
bra-recanto_das_emas,5875,ucdb-name
gbr-bedford,5876,ucdb-name
nga-aisegba,5877,ucdb-name
cod-samba,5878,ucdb-name
egy-mallawi,5879,ucdb-name
tur-osmaniye,5880,ucdb-name
rus-saratov,5881,ucdb-name
eth-mekane_selam,5882,ucdb-name
pak-shahdadpur,5884,ucdb-name
ind-rampura_phul,5885,ucdb-name
bgd-phulbaria,5886,ucdb-name
chn-pingliang,5887,ucdb-name
mmr-kawthaung,5888,ucdb-name
vnm-quang_phu,5889,ucdb-name
idn-hegarsari,5890,ucdb-name
jpn-kumagaya,5891,ucdb-name
phl-santo_tomas,5892,ucdb-name
mex-huajuapan,5893,ucdb-name
usa-abilene,5894,ucdb-name
bra-guaiba,5895,ucdb-name
gbr-hemel_hempstead,5896,ucdb-name
nga-ikole,5897,ucdb-name
cod-mangi_1,5898,ucdb-name
egy-kafr_al_hajj_shirbini,5899,ucdb-name
tur-samandag,5900,ucdb-name
rus-kazan,5901,ucdb-name
eth-wijigra,5902,ucdb-name
irn-uc5903,5903,ucdb-id
pak-dherai,5904,ucdb-name
ind-pali,5905,ucdb-name
bgd-khulna,5906,ucdb-name
chn-maiji,5907,ucdb-name
vnm-bao_loc,5908,ucdb-name
idn-pamanukan,5909,ucdb-name
jpn-sano,5910,ucdb-name
phl-panabo,5911,ucdb-name
mex-zacatelco,5912,ucdb-name
usa-colorado_springs,5913,ucdb-name
bra-catanduva,5914,ucdb-name
gbr-brighton,5915,ucdb-name
nga-egbe,5916,ucdb-name
cod-likasi,5917,ucdb-name
egy-al_zaqaziq,5918,ucdb-name
tur-iskenderun,5919,ucdb-name
rus-cherkessk,5920,ucdb-name
irn-jalali,5922,ucdb-name
pak-shewa,5923,ucdb-name
ind-sumerpur,5924,ucdb-name
bgd-uc5925,5925,ucdb-id
chn-yongde,5926,ucdb-name
vnm-buon_ho,5927,ucdb-name
idn-sumedang,5928,ucdb-name
jpn-tokyo,5929,k15-roster
phl-tagum,5930,ucdb-name
mex-tlaxcala,5931,ucdb-name
usa-denver,5932,ucdb-name
bra-novo_hamburgo,5933,ucdb-name
gbr-hull,5934,ucdb-name
nga-benin_city,5935,ucdb-name
cod-punia,5936,ucdb-name
egy-uc5937,5937,ucdb-id
tur-dortyol,5938,ucdb-name
rus-engels,5939,ucdb-name
eth-fiche,5940,ucdb-name
irn-shahreza,5941,ucdb-name
pak-darya_khan,5942,ucdb-name
ind-hoshiarpur,5943,ucdb-name
bgd-faridpur-2,5944,ucdb-name
chn-dali,5945,ucdb-name
vnm-an_khe,5946,ucdb-name
idn-mekarsari,5947,ucdb-name
jpn-higashimatsuyama,5948,ucdb-name
phl-compostela,5949,ucdb-name
mex-ramos_arizpe,5950,ucdb-name
usa-austin,5951,ucdb-name
bra-valparaiso_de_goias,5952,ucdb-name
gbr-st_albans,5953,ucdb-name
nga-owo,5954,ucdb-name
cod-lwambo,5955,ucdb-name
egy-safur,5956,ucdb-name
tur-payas,5957,ucdb-name
rus-volgograd,5958,ucdb-name
irn-mahdishahr,5960,ucdb-name
pak-piplan,5961,ucdb-name
ind-nohar,5962,ucdb-name
bgd-mymensingh,5963,ucdb-name
chn-togtoh,5964,ucdb-name
vnm-phuoc_an,5965,ucdb-name
idn-haurgeulis,5966,ucdb-name
jpn-tochigi,5967,ucdb-name
phl-mati,5968,ucdb-name
mex-apizaco,5969,ucdb-name
usa-leander,5970,ucdb-name
bra-porto_alegre,5971,ucdb-name
gbr-peterborough,5972,ucdb-name
nga-sapele,5973,ucdb-name
cod-uc5974,5974,ucdb-id
egy-el_senbellawein,5975,ucdb-name
tur-hatay,5976,ucdb-name
rus-uc5977,5977,ucdb-id
eth-shashamane,5978,ucdb-name
irn-yasuj,5979,ucdb-name
pak-mianwali,5980,ucdb-name
ind-mahuva,5981,ucdb-name
bgd-manikganj,5982,ucdb-name
chn-ulaan_moron,5983,ucdb-name
vnm-phan_thiet,5984,ucdb-name
idn-tasikmalaya,5985,ucdb-name
jpn-fujieda,5986,ucdb-name
mex-tulancingo,5987,ucdb-name
usa-boulder,5988,ucdb-name
bra-bauru,5989,ucdb-name
gbr-crawley,5990,ucdb-name
nga-ogharefe,5991,ucdb-name
cod-lubutu,5992,ucdb-name
egy-diyarb_nigm,5993,ucdb-name
tur-duzici,5994,ucdb-name
rus-kamyshin,5995,ucdb-name
eth-basha,5996,ucdb-name
irn-semnan,5997,ucdb-name
pak-bhakkar,5998,ucdb-name
ind-phagwara,5999,ucdb-name
bgd-savar,6000,ucdb-name
chn-dali-2,6001,ucdb-name
vnm-a_lat,6002,ucdb-name
idn-cilandak_lor,6003,ucdb-name
jpn-fuji,6004,ucdb-name
mex-monclova,6005,ucdb-name
usa-longmont,6006,ucdb-name
bra-cidade_ocidental,6007,ucdb-name
gbr-stevenage,6008,ucdb-name
nga-warri,6009,ucdb-name
cod-kibango,6010,ucdb-name
egy-al_tallin,6011,ucdb-name
tur-krkhan,6012,ucdb-name
rus-uc6013,6013,ucdb-id
eth-shufune,6014,ucdb-name
irn-bandar_e_torkaman,6015,ucdb-name
pak-sakhi_sarwar,6016,ucdb-name
ind-sihor,6017,ucdb-name
bgd-trishal,6018,ucdb-name
chn-huating,6019,ucdb-name
vnm-lien_nghia,6020,ucdb-name
jpn-oyama,6022,ucdb-name
mex-ciudad_valles,6023,ucdb-name
usa-killeen,6024,ucdb-name
bra-braganca,6025,ucdb-name
gbr-reigate,6026,ucdb-name
nga-omuo_obadore,6027,ucdb-name
cod-kasongo,6028,ucdb-name
egy-kafr_ibrash,6029,ucdb-name
tur-afsin,6030,ucdb-name
rus-ulyanovsk,6031,ucdb-name
pak-taunsa_sharif,6034,ucdb-name
ind-sardarshahar,6035,ucdb-name
bgd-gouripur,6036,ucdb-name
chn-qianyu,6037,ucdb-name
vnm-quy_nhon,6038,ucdb-name
idn-tanjung_pandan,6039,ucdb-name
jpn-shizuoka,6040,ucdb-name
mex-huamantla,6041,ucdb-name
usa-loveland,6042,ucdb-name
bra-lago_norte,6043,ucdb-name
gbr-grimsby,6044,ucdb-name
nga-ikare,6045,ucdb-name
cod-malemba_nkulu,6046,ucdb-name
egy-dairut,6047,ucdb-name
tur-ordu,6048,ucdb-name
rus-volzhskiy,6049,ucdb-name
eth-arsi_negelle,6050,ucdb-name
irn-borazjan,6051,ucdb-name
pak-guddu,6052,ucdb-name
ind-ambaji,6053,ucdb-name
bgd-louhajang,6054,ucdb-name
chn-jingbian,6055,ucdb-name
vnm-ninh_hoa,6056,ucdb-name
idn-kadipaten,6057,ucdb-name
jpn-iwaki,6058,ucdb-name
mex-huauchinango,6059,ucdb-name
usa-fort_collins,6060,ucdb-name
bra-sapiranga,6061,ucdb-name
gbr-harlow,6062,ucdb-name
nga-akugba,6063,ucdb-name
cod-kingombe,6064,ucdb-name
egy-el_mosha,6065,ucdb-name
tur-kahramanmaras,6066,ucdb-name
rus-uc6067,6067,ucdb-id
eth-bore,6068,ucdb-name
irn-kazerun,6069,ucdb-name
pak-kalpani,6070,ucdb-name
ind-kalol,6071,ucdb-name
bgd-bhaluka,6072,ucdb-name
chn-yingjing,6073,ucdb-name
vnm-tuy_hoa,6074,ucdb-name
idn-majalengka,6075,ucdb-name
jpn-numazu,6076,ucdb-name
mex-huejutla_de_reyes,6077,ucdb-name
usa-greeley,6078,ucdb-name
bra-luziania,6079,ucdb-name
gbr-cambridge,6080,ucdb-name
nga-pategi,6081,ucdb-name
cod-kapolowe,6082,ucdb-name
egy-deir_mawas,6083,ucdb-name
tur-reyhanl,6084,ucdb-name
rus-kislovodsk,6085,ucdb-name
eth-ziway,6086,ucdb-name
irn-gorgan,6087,ucdb-name
pak-tando_adam,6088,ucdb-name
ind-dharamshala,6089,ucdb-name
bgd-dhaka,6090,k15-roster
chn-dujiangyan,6091,ucdb-name
vnm-nha_trang,6092,ucdb-name
idn-cikijing,6093,ucdb-name
jpn-uc6094,6094,ucdb-id
mex-tehuacan,6095,ucdb-name
usa-waco,6096,ucdb-name
bra-sobradinho_ii,6097,ucdb-name
gbr-royal_tunbridge_wells,6098,ucdb-name
nga-ekeremor,6099,ucdb-name
cod-kabala,6100,ucdb-name
egy-al_qusiya,6101,ucdb-name
tur-elbistan,6102,ucdb-name
rus-yessentuki,6103,ucdb-name
eth-lalibela,6104,ucdb-name
irn-gonbad_e_qabus,6105,ucdb-name
pak-swabi,6106,ucdb-name
ind-chharodi,6107,ucdb-name
bgd-bhanga,6108,ucdb-name
chn-ya_an,6109,ucdb-name
vnm-van_gia_town,6110,ucdb-name
idn-indramayu,6111,ucdb-name
jpn-hitachi,6112,ucdb-name
mex-garcia,6113,ucdb-name
usa-cinco_ranch,6114,ucdb-name
bra-uberlandia,6115,ucdb-name
gbr-grays,6116,ucdb-name
nga-jesse,6117,ucdb-name
cod-lwishia,6118,ucdb-name
egy-el_gadeeda,6119,ucdb-name
tur-giresun,6120,ucdb-name
rus-pyatigorsk,6121,ucdb-name
irn-shahrud,6123,ucdb-name
pak-jand,6124,ucdb-name
ind-sirsa,6125,ucdb-name
bgd-gopalganj,6126,ucdb-name
chn-fengqing_county,6127,ucdb-name
vnm-phan_rang_thap_cham,6128,ucdb-name
idn-heuleut,6129,ucdb-name
jpn-mito,6130,ucdb-name
mex-monterrey,6131,ucdb-name
usa-college_station,6132,ucdb-name
bra-barretos,6133,ucdb-name
gbr-polegate,6134,ucdb-name
nga-ifon,6135,ucdb-name
cod-mukanga,6136,ucdb-name
egy-al_aras,6137,ucdb-name
tur-kilis,6138,ucdb-name
rus-mineralnye_vody,6139,ucdb-name
irn-shiraz,6141,ucdb-name
pak-mirpur_mathelo,6142,ucdb-name
ind-ahmedabad,6143,ucdb-name
bgd-balipara,6144,ucdb-name
chn-binchuan,6145,ucdb-name
vnm-cam_ranh,6146,ucdb-name
idn-jatibarang,6147,ucdb-name
jpn-tsukuba,6148,ucdb-name
mex-ciudad_mante,6149,ucdb-name
usa-greatwood,6150,ucdb-name
bra-lages,6151,ucdb-name
gbr-basildon,6152,ucdb-name
nga-oka_akoko,6153,ucdb-name
cod-songwe,6154,ucdb-name
egy-al_wasitah,6155,ucdb-name
tur-buyukpnar,6156,ucdb-name
rus-elista,6157,ucdb-name
eth-meki,6158,ucdb-name
irn-galikash,6159,ucdb-name
pak-totalai,6160,ucdb-name
ind-changodar,6161,ucdb-name
bgd-bokainagar,6162,ucdb-name
chn-hengshan,6163,ucdb-name
idn-banjaran,6164,ucdb-name
jpn-hitachinaka,6165,ucdb-name
mex-xicotepec_de_juarez,6166,ucdb-name
usa-houston,6167,k15-roster
bra-paranoa,6168,ucdb-name
gbr-chelmsford,6169,ucdb-name
nga-isanlu_mopo,6170,ucdb-name
cod-kabalo,6171,ucdb-name
egy-bush,6172,ucdb-name
tur-gaziantep,6173,ucdb-name
rus-syzran,6174,ucdb-name
eth-kefole,6175,ucdb-name
pak-bisham,6177,ucdb-name
ind-bhavnagar,6178,ucdb-name
bgd-netrokona,6179,ucdb-name
chn-jungar,6180,ucdb-name
idn-cirebon,6181,ucdb-name
jpn-tsuchiura,6182,ucdb-name
mex-oaxaca_de_juarez,6183,ucdb-name
usa-white_settlement,6184,ucdb-name
bra-ibitinga,6185,ucdb-name
gbr-gillingham,6186,ucdb-name
nga-okwagbe,6187,ucdb-name
cod-ankoro,6188,ucdb-name
egy-dayr_abu_hinnis,6189,ucdb-name
tur-nizip,6190,ucdb-name
rus-glazov,6191,ucdb-name
eth-alem_ketema,6192,ucdb-name
irn-marvdasht,6193,ucdb-name
pak-tando_muhammad_khan,6194,ucdb-name
ind-mansa,6195,ucdb-name
bgd-gafargaon,6196,ucdb-name
chn-dayi,6197,ucdb-name
idn-arjawinangun,6198,ucdb-name
jpn-ushiku,6199,ucdb-name
mex-orizaba,6200,ucdb-name
usa-edgecliff_village,6201,ucdb-name
bra-sao_sebastiao,6202,ucdb-name
gbr-maidstone,6203,ucdb-name
nga-anka,6204,ucdb-name
cod-mulongo,6205,ucdb-name
egy-al_ayyat,6206,ucdb-name
tur-malatya,6207,ucdb-name
rus-balakovo,6208,ucdb-name
eth-bishoftu,6209,ucdb-name
pak-pattan,6211,ucdb-name
ind-dholka,6212,ucdb-name
bgd-bagerhat,6213,ucdb-name
chn-yulin,6214,ucdb-name
idn-kuningan,6215,ucdb-name
jpn-narita,6216,ucdb-name
mex-ciudad_victoria,6217,ucdb-name
usa-fort_worth,6218,ucdb-name
bra-araguari,6219,ucdb-name
gbr-hastings,6220,ucdb-name
cod-poko,6222,ucdb-name
egy-girza,6223,ucdb-name
tur-birecik,6224,ucdb-name
rus-georgiyevsk,6225,ucdb-name
irn-firuzabad,6227,ucdb-name
pak-layyah,6228,ucdb-name
ind-ludhiana,6229,ucdb-name
bgd-rajoir,6230,ucdb-name
chn-midu,6231,ucdb-name
idn-banjar,6232,ucdb-name
jpn-kisarazu,6233,ucdb-name
mex-montemorelos,6234,ucdb-name
usa-handley,6235,ucdb-name
bra-planaltina,6236,ucdb-name
gbr-southend_on_sea,6237,ucdb-name
nga-bena,6238,ucdb-name
cod-mukubu,6239,ucdb-name
egy-ar_riyad,6240,ucdb-name
tur-adyaman,6241,ucdb-name
rus-dimitrovgrad,6242,ucdb-name
eth-bonsa_bota,6243,ucdb-name
irn-tasouj,6244,ucdb-name
pak-daharki,6245,ucdb-name
ind-barnala,6246,ucdb-name
bgd-mathbarer_char,6247,ucdb-name
chn-xiangyun,6248,ucdb-name
idn-karangampel,6249,ucdb-name
jpn-kamisu,6250,ucdb-name
mex-cadereyta_jimenez,6251,ucdb-name
usa-north_richland_hills,6252,ucdb-name
bra-planaltina-2,6253,ucdb-name
gbr-colchester,6254,ucdb-name
nga-orerokpe,6255,ucdb-name
cod-kipushi,6256,ucdb-name
egy-mit_habib,6257,ucdb-name
tur-akcaabat,6258,ucdb-name
rus-chistopol,6259,ucdb-name
eth-adigrat,6260,ucdb-name
irn-kavar,6261,ucdb-name
pak-tando_allahyar,6262,ucdb-name
ind-vijapur,6263,ucdb-name
bgd-rajendrapur,6264,ucdb-name
chn-qionglai,6265,ucdb-name
idn-pangandaran,6266,ucdb-name
jpn-mobara,6267,ucdb-name
mex-el_puente,6268,ucdb-name
usa-arlington,6269,ucdb-name
bra-campo_largo,6270,ucdb-name
gbr-ashford,6271,ucdb-name
nga-bomadi,6272,ucdb-name
cod-kongolo,6273,ucdb-name
egy-bahma,6274,ucdb-name
tur-trabzon,6275,ucdb-name
rus-uc6276,6276,ucdb-id
eth-mek_ele,6277,ucdb-name
pak-attock,6279,ucdb-name
ind-gandhinagar,6280,ucdb-name
bgd-kotalipara,6281,ucdb-name
chn-horinger,6282,ucdb-name
idn-banjarsari,6283,ucdb-name
mex-teziutlan,6284,ucdb-name
usa-the_woodlands,6285,ucdb-name
bra-bebedouro,6286,ucdb-name
gbr-canterbury,6287,ucdb-name
nga-bida,6288,ucdb-name
cod-mwadingusha,6289,ucdb-name
egy-dayr_al_barsha,6290,ucdb-name
tur-kahta,6291,ucdb-name
rus-baksan,6292,ucdb-name
eth-kersa,6293,ucdb-name
ind-talaja,6296,ucdb-name
bgd-kishoreganj,6297,ucdb-name
chn-chongzhou,6298,ucdb-name
idn-karangwareng,6299,ucdb-name
mex-linares,6300,ucdb-name
usa-webster,6301,ucdb-name
bra-catalao,6302,ucdb-name
gbr-ipswich,6303,ucdb-name
nga-aiyetoro_gbede,6304,ucdb-name
cod-kyolo,6305,ucdb-name
egy-kafr_al_amir_abd_allah,6306,ucdb-name
tur-suruc,6307,ucdb-name
rus-budyonnovsk,6308,ucdb-name
eth-shakiso,6309,ucdb-name
pak-hazro,6311,ucdb-name
ind-mansa-2,6312,ucdb-name
bgd-nandail,6313,ucdb-name
chn-longxian,6314,ucdb-name
idn-majenang,6315,ucdb-name
mex-cordoba,6316,ucdb-name
usa-jacinto_city,6317,ucdb-name
bra-avare,6318,ucdb-name
gbr-folkestone,6319,ucdb-name
nga-ughelli,6320,ucdb-name
cod-lubumbashi,6321,ucdb-name
egy-al_burumbul,6322,ucdb-name
tur-erzincan,6323,ucdb-name
rus-tolyatti,6324,ucdb-name
pak-sanghar,6327,ucdb-name
ind-ladnu,6328,ucdb-name
bgd-shibchar,6329,ucdb-name
chn-pengzhou,6330,ucdb-name
idn-waled,6331,ucdb-name
mex-sabinas,6332,ucdb-name
usa-duncanville,6333,ucdb-name
bra-lencois_paulista,6334,ucdb-name
gbr-norwich,6335,ucdb-name
nga-mafara,6336,ucdb-name
cod-wamaza,6337,ucdb-name
egy-al_maymun,6338,ucdb-name
tur-elazg,6339,ucdb-name
rus-nalchik,6340,ucdb-name
eth-kibre_mengist,6341,ucdb-name
ind-ratangarh,6344,ucdb-name
bgd-sreenagar,6345,ucdb-name
chn-mianzhu,6346,ucdb-name
idn-losari,6347,ucdb-name
mex-poza_rica,6348,ucdb-name
usa-atascocita,6349,ucdb-name
bra-curitiba,6350,k15-roster
gbr-margate,6351,ucdb-name
nga-afuze,6352,ucdb-name
cod-lukuni,6353,ucdb-name
egy-kafr_ismail,6354,ucdb-name
tur-kocoren,6355,ucdb-name
rus-uc6356,6356,ucdb-id
eth-mojo,6357,ucdb-name
pak-topi,6359,ucdb-name
ind-sujangarh,6360,ucdb-name
bgd-kapashia,6361,ucdb-name
chn-yun,6362,ucdb-name
idn-kersana,6363,ucdb-name
mex-coatepec,6364,ucdb-name
usa-irving,6365,ucdb-name
bra-araucaria,6366,ucdb-name
gbr-great_yarmouth,6367,ucdb-name
nga-kabba,6368,ucdb-name
cod-bafwasende,6369,ucdb-name
egy-um_el_qusur,6370,ucdb-name
tur-sanlurfa,6371,ucdb-name
rus-prokhladny,6372,ucdb-name
eth-quiha,6373,ucdb-name
pak-dera_ghazi_khan,6375,ucdb-name
ind-merta_city,6376,ucdb-name
bgd-madaripur,6377,ucdb-name
chn-chengdu,6378,ucdb-name
idn-cilacap,6379,ucdb-name
mex-papantla_de_olarte,6380,ucdb-name
usa-pittsville,6381,ucdb-name
bra-jau,6382,ucdb-name
gbr-lowestoft,6383,ucdb-name
nga-ibillo,6384,ucdb-name
cod-mitwaba,6385,ucdb-name
egy-al_zawamel,6386,ucdb-name
tur-akcakale,6387,ucdb-name
rus-chapaevsk,6388,ucdb-name
eth-wukro,6389,ucdb-name
pak-matli,6391,ucdb-name
ind-idar,6392,ucdb-name
bgd-zajira,6393,ucdb-name
chn-wenjiang,6394,ucdb-name
idn-kluwut,6395,ucdb-name
mex-xalapa,6396,ucdb-name
usa-dallas,6397,ucdb-name
bra-jaboticabal,6398,ucdb-name
nga-ekpoma,6399,ucdb-name
egy-al_saff,6401,ucdb-name
tur-siverek,6402,ucdb-name
rus-nizhnekamsk,6403,ucdb-name
eth-asella,6404,ucdb-name
pak-allai,6406,ucdb-name
ind-himatnagar,6407,ucdb-name
bgd-agailjhara,6408,ucdb-name
chn-qingyang,6409,ucdb-name
idn-paguyangan,6410,ucdb-name
mex-tuxpam,6411,ucdb-name
usa-lewisville,6412,ucdb-name
bra-formosa,6413,ucdb-name
nga-igarra,6414,ucdb-name
egy-al_qobabat,6416,ucdb-name
tur-rize,6417,ucdb-name
rus-samara,6418,ucdb-name
eth-maychew,6419,ucdb-name
irn-ardakan,6420,ucdb-name
pak-gadoon,6421,ucdb-name
ind-nawanshahr,6422,ucdb-name
bgd-pirojpur,6423,ucdb-name
chn-shenmu,6424,ucdb-name
idn-jubang,6425,ucdb-name
mex-martinez_de_la_torre,6426,ucdb-name
usa-denton,6427,ucdb-name
bra-fazenda_rio_grande,6428,ucdb-name
nga-abraka,6429,ucdb-name
cod-manono,6430,ucdb-name
egy-al_roda,6431,ucdb-name
tur-ergani,6432,ucdb-name
rus-izhevsk,6433,ucdb-name
eth-korem,6434,ucdb-name
pak-battagram,6436,ucdb-name
ind-bhadra,6437,ucdb-name
bgd-swarupkathi,6438,ucdb-name
chn-pujiang,6439,ucdb-name
idn-jatilawang,6440,ucdb-name
mex-tampico,6441,ucdb-name
usa-little_elm,6442,ucdb-name
bra-matao,6443,ucdb-name
nga-amassoma,6444,ucdb-name
cod-shabunda,6445,ucdb-name
egy-abu_al_shuquq,6446,ucdb-name
tur-al,6447,ucdb-name
rus-naberezhnye_chelny,6448,ucdb-name
eth-adama,6449,ucdb-name
irn-meybod,6450,ucdb-name
pak-ghazi,6451,ucdb-name
ind-malerkotla,6452,ucdb-name
bgd-mohanganj,6453,ucdb-name
chn-xilinhot,6454,ucdb-name
idn-tegalglagah,6455,ucdb-name
mex-altamira,6456,ucdb-name
usa-billings,6457,ucdb-name
bra-barra_bonita,6458,ucdb-name
nga-maradun,6459,ucdb-name
cod-kitotolo,6460,ucdb-name
egy-al_daraksa,6461,ucdb-name
tur-viransehir,6462,ucdb-name
rus-vladikavkaz,6463,ucdb-name
eth-alamata,6464,ucdb-name
pak-rajanpur,6466,ucdb-name
ind-doraha,6467,ucdb-name
bgd-puler_ghat,6468,ucdb-name
chn-qingcheng,6469,ucdb-name
idn-ajibarang,6470,ucdb-name
mex-tierra_blanca,6471,ucdb-name
usa-stonebridge,6472,ucdb-name
bra-itapeva,6473,ucdb-name
nga-okene,6474,ucdb-name
cod-mbulula,6475,ucdb-name
egy-kafr_saqr,6476,ucdb-name
tur-diyarbakir,6477,ucdb-name
rus-nazran,6478,ucdb-name
eth-itiya,6479,ucdb-name
pak-pindi_gheb,6481,ucdb-name
ind-khambhat,6482,ucdb-name
bgd-tarail,6483,ucdb-name
chn-shifang,6484,ucdb-name
idn-tegal,6485,ucdb-name
mex-tuxtepec,6486,ucdb-name
usa-allen,6487,ucdb-name
bra-uberaba,6488,ucdb-name
nga-agbor,6489,ucdb-name
cod-kasumbalesa,6490,ucdb-name
egy-karim_aly_abdo,6491,ucdb-name
tur-bingol,6492,ucdb-name
rus-votkinsk,6493,ucdb-name
eth-dodolla,6494,ucdb-name
pak-jampur,6496,ucdb-name
ind-dhuri,6497,ucdb-name
bgd-shariatpur,6498,ucdb-name
chn-hongya,6499,ucdb-name
idn-binangun,6500,ucdb-name
mex-veracruz,6501,ucdb-name
usa-norman,6502,ucdb-name
bra-botucatu,6503,ucdb-name
nga-obiaruku,6504,ucdb-name
cod-saramabila,6505,ucdb-name
egy-al_halawat,6506,ucdb-name
tur-ceylanpnar,6507,ucdb-name
rus-sunzha,6508,ucdb-name
eth-asassa,6509,ucdb-name
pak-kot_addu,6511,ucdb-name
ind-fatehabad,6512,ucdb-name
bgd-banaripara,6513,ucdb-name
chn-banzhuyuan,6514,ucdb-name
idn-purwokerto,6515,ucdb-name
mex-santo_domingo_tehuantepec,6516,ucdb-name
usa-oklahoma_city,6517,ucdb-name
bra-araraquara,6518,ucdb-name
nga-irrua,6519,ucdb-name
cod-isiro,6520,ucdb-name
egy-beni_adi,6521,ucdb-name
tur-erzurum,6522,ucdb-name
rus-almetyevsk,6523,ucdb-name
eth-mekoni,6524,ucdb-name
irn-sarvestan,6525,ucdb-name
pak-oghi,6526,ucdb-name
ind-sangrur,6527,ucdb-name
bgd-katiadi,6528,ucdb-name
chn-xinjin,6529,ucdb-name
idn-mandiraja,6530,ucdb-name
mex-salina_cruz,6531,ucdb-name
usa-edmond,6532,ucdb-name
bra-sertaozinho,6533,ucdb-name
nga-oleh,6534,ucdb-name
egy-uc6536,6536,ucdb-id
tur-bismil,6537,ucdb-name
rus-sarapul,6538,ucdb-name
eth-bekoji,6539,ucdb-name
irn-kharameh,6540,ucdb-name
pak-chowk_azam,6541,ucdb-name
ind-didwana,6542,ucdb-name
bgd-mathbaria,6543,ucdb-name
chn-xichang,6544,ucdb-name
idn-pemalang,6545,ucdb-name
mex-ciudad_acuna,6546,ucdb-name
usa-wichita,6547,ucdb-name
bra-tramandai,6548,ucdb-name
nga-patani,6549,ucdb-name
cod-nyunzu,6550,ucdb-name
egy-hihya,6551,ucdb-name
tur-kzltepe,6552,ucdb-name
rus-berezniki,6553,ucdb-name
eth-dera,6554,ucdb-name
pak-mirpur_khas,6556,ucdb-name
ind-ratia,6557,ucdb-name
bgd-bhandaria,6558,ucdb-name
chn-lincang,6559,ucdb-name
idn-gombong,6560,ucdb-name
mex-piedras_negras,6561,ucdb-name
usa-lafayette,6562,ucdb-name
bra-jaragua_do_sul,6563,ucdb-name
nga-sagbama,6564,ucdb-name
cod-walikale,6565,ucdb-name
egy-bilbeis,6566,ucdb-name
tur-mardin,6567,ucdb-name
rus-salekhard,6568,ucdb-name
eth-woldia,6569,ucdb-name
pak-taxila,6571,ucdb-name
ind-churu,6572,ucdb-name
bgd-nikli,6573,ucdb-name
chn-hequ,6574,ucdb-name
idn-pemangkat_kota,6575,ucdb-name
mex-juchitan,6576,ucdb-name
usa-tulsa,6577,ucdb-name
bra-capao_da_canoa,6578,ucdb-name
nga-ozoro,6579,ucdb-name
cod-kilwa,6580,ucdb-name
egy-ash_shuara,6581,ucdb-name
tur-silvan,6582,ucdb-name
rus-leninogorsk,6583,ucdb-name
eth-kobo,6584,ucdb-name
irn-yazd,6585,ucdb-name
pak-sadiqabad,6586,ucdb-name
ind-sunam,6587,ucdb-name
bgd-jamalganj,6588,ucdb-name
chn-jiangyou,6589,ucdb-name
idn-singkawang,6590,ucdb-name
mex-nuevo_laredo,6591,ucdb-name
usa-baton_rouge,6592,ucdb-name
bra-ribeirao_preto,6593,ucdb-name
nga-magagindoke,6594,ucdb-name
cod-sakania,6595,ucdb-name
egy-manfalut,6596,ucdb-name
tur-batman,6597,ucdb-name
rus-grozny,6598,ucdb-name
eth-huruta,6599,ucdb-name
irn-fasa,6600,ucdb-name
pak-qasba_gujrat,6601,ucdb-name
ind-nadiad,6602,ucdb-name
bgd-bhedarganj,6603,ucdb-name
chn-deyang,6604,ucdb-name
idn-loning,6605,ucdb-name
mex-san_andres_tuxtla,6606,ucdb-name
usa-new_orleans,6607,ucdb-name
bra-balsas,6608,ucdb-name
nga-auchi,6609,ucdb-name
cod-kamituga,6610,ucdb-name
egy-awlad_seif,6611,ucdb-name
tur-mus,6612,ucdb-name
rus-bugulma,6613,ucdb-name
eth-mersa,6614,ucdb-name
irn-jahrom_county,6615,ucdb-name
pak-fateh_jang,6616,ucdb-name
ind-petlad,6617,ucdb-name
bgd-afamolla,6618,ucdb-name
chn-guanghan,6619,ucdb-name
idn-kebumen,6620,ucdb-name
mex-reynosa,6621,ucdb-name
usa-little_rock,6622,ucdb-name
bra-blumenau,6623,ucdb-name
nga-brass,6624,ucdb-name
cod-musangala,6625,ucdb-name
egy-madaba,6626,ucdb-name
tur-nusaybin,6627,ucdb-name
rus-kultaevo,6628,ucdb-name
eth-welenchete,6629,ucdb-name
irn-bojnurd,6630,ucdb-name
pak-badin,6631,ucdb-name
ind-fatehpur_shekhawati,6632,ucdb-name
bgd-jhalokathi,6633,ucdb-name
chn-qingbaijiang,6634,ucdb-name
idn-pekalongan,6635,ucdb-name
mex-acayucan,6636,ucdb-name
usa-lawrence,6637,ucdb-name
bra-sao_carlos,6638,ucdb-name
nga-yenagoa,6639,ucdb-name
cod-mutabi,6640,ucdb-name
egy-damietta,6641,ucdb-name
tur-midyat,6642,ucdb-name
rus-neftekamsk,6643,ucdb-name
eth-dessie,6644,ucdb-name
pak-rahim_yar_khan,6646,ucdb-name
ind-khanna,6647,ucdb-name
bgd-bajitpur,6648,ucdb-name
chn-xiqu_district,6649,ucdb-name
idn-banjarnegara,6650,ucdb-name
mex-rio_bravo,6651,ucdb-name
usa-lincoln,6652,ucdb-name
bra-unai,6653,ucdb-name
nga-agaie,6654,ucdb-name
cod-lukonzolwa,6655,ucdb-name
egy-birimbal_al_quadima,6656,ucdb-name
tur-siirt,6657,ucdb-name
rus-uc6658,6658,ucdb-id
eth-debre_birhan,6659,ucdb-name
pak-haripur,6661,ucdb-name
ind-anand,6662,ucdb-name
bgd-brahmanbaria,6663,ucdb-name
chn-mianyang,6664,ucdb-name
idn-grabag,6665,ucdb-name
mex-minatitlan,6666,ucdb-name
usa-olathe,6667,ucdb-name
bra-joinville,6668,ucdb-name
nga-umunede,6669,ucdb-name
cod-dungu,6670,ucdb-name
egy-amrit,6671,ucdb-name
tur-tatvan,6672,ucdb-name
rus-uc6673,6673,ucdb-id
eth-hayq,6674,ucdb-name
pak-talagang,6676,ucdb-name
ind-kapadvanj,6677,ucdb-name
bgd-sanjaypur,6678,ucdb-name
chn-shangdu,6679,ucdb-name
idn-kutoarjo,6680,ucdb-name
mex-coatzacoalcos,6681,ucdb-name
usa-springfield,6682,ucdb-name
bra-batatais,6683,ucdb-name
nga-uromi,6684,ucdb-name
cod-mafuo,6685,ucdb-name
egy-abu_kabir,6686,ucdb-name
tur-kars,6687,ucdb-name
rus-oktjabrski,6688,ucdb-name
eth-adaba,6689,ucdb-name
irn-esfarayen,6690,ucdb-name
pak-baffa,6691,ucdb-name
ind-udaipur,6692,ucdb-name
bgd-chengarchar,6693,ucdb-name
chn-liangcheng,6694,ucdb-name
idn-pontianak,6695,ucdb-name
mex-matamoros,6696,ucdb-name
usa-kansas_city,6697,ucdb-name
bra-criciuma,6698,ucdb-name
nga-isa,6699,ucdb-name
cod-misisi,6700,ucdb-name
egy-tukh_al_qaramuss_wa_kafr_sarkis_mansur,6701,ucdb-name
tur-agr,6702,ucdb-name
rus-uc6703,6703,ucdb-id
eth-kombolcha,6704,ucdb-name
irn-neqab,6705,ucdb-name
pak-mansehra,6706,ucdb-name
ind-borsad,6707,ucdb-name
bgd-uc6708,6708,ucdb-id
chn-dayangshu,6709,ucdb-name
idn-sambas,6710,ucdb-name
mex-cintalapa,6711,ucdb-name
usa-chalco,6712,ucdb-name
bra-paracatu,6713,ucdb-name
nga-okugbe,6714,ucdb-name
cod-walungu,6715,ucdb-name
egy-al_izziyah,6716,ucdb-name
tur-patnos,6717,ucdb-name
rus-astrakhan,6718,ucdb-name
irn-shirvan,6720,ucdb-name
pak-digri,6721,ucdb-name
ind-jambusar,6722,ucdb-name
bgd-barishal,6723,ucdb-name
chn-huade,6724,ucdb-name
idn-wonosobo,6725,ucdb-name
mex-tuxtla_gutierrez,6726,ucdb-name
usa-omaha,6727,ucdb-name
bra-paranagua,6728,ucdb-name
nga-ubiaja,6729,ucdb-name
cod-pweto,6730,ucdb-name
egy-beni_muhammadiyat,6731,ucdb-name
tur-cizre,6732,ucdb-name
rus-kizlyar,6733,ucdb-name
eth-gobesa,6734,ucdb-name
irn-anar,6735,ucdb-name
pak-jatoi,6736,ucdb-name
ind-mandi_gobindgarh,6737,ucdb-name
bgd-barguna,6738,ucdb-name
chn-baode,6739,ucdb-name
idn-purworejo,6740,ucdb-name
mex-cardenas,6741,ucdb-name
usa-mobile,6742,ucdb-name
bra-franca,6743,ucdb-name
nga-nembe,6744,ucdb-name
cod-bukavu,6745,ucdb-name
egy-al_qaramus,6746,ucdb-name
tur-shrnak,6747,ucdb-name
rus-tujmazy,6748,ucdb-name
eth-robe,6749,ucdb-name
irn-darab,6750,ucdb-name
pak-havelian_cantonment,6751,ucdb-name
ind-nabha,6752,ucdb-name
bgd-sunamganj,6753,ucdb-name
chn-jiajiang,6754,ucdb-name
idn-wates,6755,ucdb-name
mex-tapachula,6756,ucdb-name
usa-memphis,6757,ucdb-name
bra-itapetininga,6758,ucdb-name
nga-shinkafi,6759,ucdb-name
cod-masisi,6760,ucdb-name
egy-al_abbasa_al_sharqiya,6761,ucdb-name
tur-silopi,6762,ucdb-name
rus-buzuluk,6763,ucdb-name
irn-sabzevar,6765,ucdb-name
pak-islamabad,6766,k15-roster
ind-nathdwara,6767,ucdb-name
bgd-char_madhua,6768,ucdb-name
chn-emeishan,6769,ucdb-name
idn-parakan,6770,ucdb-name
mex-comalcalco,6771,ucdb-name
usa-sioux_falls,6772,ucdb-name
bra-brusque,6773,ucdb-name
nga-kwale,6774,ucdb-name
cod-nyangezi,6775,ucdb-name
egy-asyut,6776,ucdb-name
tur-ercis,6777,ucdb-name
rus-khasavyurt,6778,ucdb-name
eth-kamisee,6779,ucdb-name
pak-balakot,6781,ucdb-name
ind-rajsamand,6782,ucdb-name
bgd-austagram,6783,ucdb-name
chn-panzhihua,6784,ucdb-name
idn-semarang,6785,ucdb-name
mex-san_cristobal_de_las_casas,6786,ucdb-name
usa-fort_walton_beach,6787,ucdb-name
bra-patrocinio,6788,ucdb-name
nga-akinima,6789,ucdb-name
cod-rubaya,6790,ucdb-name
egy-faqous,6791,ucdb-name
tur-van,6792,ucdb-name
rus-kizilyurt,6793,ucdb-name
eth-negele,6794,ucdb-name
irn-quchan,6795,ucdb-name
pak-garhi_habibullah,6796,ucdb-name
ind-modasa,6797,ucdb-name
bgd-chandpur,6798,ucdb-name
chn-ulanqab,6799,ucdb-name
idn-temanggung,6800,ucdb-name
mex-villahermosa,6801,ucdb-name
usa-panama_city,6802,ucdb-name
bra-tatui,6803,ucdb-name
nga-minna,6804,ucdb-name
cod-ngungu_centre,6805,ucdb-name
egy-al_gamaleya,6806,ucdb-name
tur-igdr,6807,ucdb-name
rus-kungur,6808,ucdb-name
irn-rafsanjan,6810,ucdb-name
pak-abbottabad,6811,ucdb-name
ind-makrana,6812,ucdb-name
bgd-matlab,6813,ucdb-name
chn-pengshan,6814,ucdb-name
idn-magelang,6815,ucdb-name
mex-comitan,6816,ucdb-name
usa-des_moines,6817,ucdb-name
bra-piracicaba,6818,ucdb-name
nga-birnin_gwari,6819,ucdb-name
egy-tenth_of_ramadan,6820,ucdb-name
cod-kamanyola,6821,ucdb-name
tur-dogubayazt,6822,ucdb-name
rus-belebei,6823,ucdb-name
irn-sirjan,6825,ucdb-name
pak-muzaffargarh,6826,ucdb-name
ind-beawar,6827,ucdb-name
bgd-dirai,6828,ucdb-name
chn-longquanyi,6829,ucdb-name
idn-muntilan,6830,ucdb-name
mex-ocosingo,6831,ucdb-name
usa-montgomery,6832,ucdb-name
bra-itajai,6833,ucdb-name
nga-fugar,6834,ucdb-name
egy-abnub,6835,ucdb-name
cod-busisi,6836,ucdb-name
tur-hakkari,6837,ucdb-name
rus-lysva,6838,ucdb-name
eth-shoa_robit,6839,ucdb-name
irn-firuzeh,6840,ucdb-name
pak-joharabad,6841,ucdb-name
ind-rajgarh,6842,ucdb-name
bgd-patuakhali,6843,ucdb-name
chn-meishan,6844,ucdb-name
idn-yogyakarta,6845,ucdb-name
mex-ciudad_del_carmen,6846,ucdb-name
usa-ofallon,6847,ucdb-name
bra-rio_claro,6848,ucdb-name
nga-kaura_namoda,6849,ucdb-name
egy-al_asafra,6850,ucdb-name
cod-luvungi,6851,ucdb-name
tur-yuksekova,6852,ucdb-name
rus-buynaksk,6853,ucdb-name
eth-bati,6854,ucdb-name
irn-neyshabur,6855,ucdb-name
pak-alipur,6856,ucdb-name
ind-laxmangarh,6857,ucdb-name
bgd-satmura,6858,ucdb-name
chn-dong,6859,ucdb-name
idn-ngluwar,6860,ucdb-name
mex-campeche,6861,ucdb-name
usa-birmingham,6862,ucdb-name
bra-santa_ines,6863,ucdb-name
nga-ogwashi_uku,6864,ucdb-name
egy-kafr_al_bazat,6865,ucdb-name
cod-mambasa,6866,ucdb-name
rus-makhachkala,6867,ucdb-name
eth-ataye,6868,ucdb-name
irn-zarand,6869,ucdb-name
pak-khanpur,6870,ucdb-name
ind-tohana,6871,ucdb-name
bgd-narayanpur,6872,ucdb-name
chn-lueyang,6873,ucdb-name
idn-ambarawa,6874,ucdb-name
mex-merida,6875,ucdb-name
usa-st_louis,6876,ucdb-name
bra-balneario_camboriu,6877,ucdb-name
egy-uc6879,6879,ucdb-id
cod-baraka,6880,ucdb-name
rus-kaspiysk,6881,ucdb-name
eth-abomsa,6882,ucdb-name
irn-kashmar,6883,ucdb-name
pak-gilgit,6884,ucdb-name
ind-umreth,6885,ucdb-name
bgd-shibpur,6886,ucdb-name
chn-pianguan,6887,ucdb-name
idn-salatiga,6888,ucdb-name
mex-progreso,6889,ucdb-name
usa-tallahassee,6890,ucdb-name
bra-pirassununga,6891,ucdb-name
nga-lapai,6892,ucdb-name
egy-al_yaudi,6893,ucdb-name
cod-sake,6894,ucdb-name
rus-serov,6895,ucdb-name
eth-meslo,6896,ucdb-name
irn-mashhad,6897,ucdb-name
pak-muzaffarabad,6898,ucdb-name
ind-rupnagar,6899,ucdb-name
bgd-baniachong,6900,ucdb-name
chn-jintang,6901,ucdb-name
idn-wonosari,6902,ucdb-name
mex-chetumal,6903,ucdb-name
usa-saint_petersburg,6904,ucdb-name
bra-tubarao,6905,ucdb-name
nga-gusau,6906,ucdb-name
cod-kitchanga,6907,ucdb-name
egy-salehia,6908,ucdb-name
rus-sagasi_deybuk,6909,ucdb-name
eth-goba,6910,ucdb-name
irn-kerman,6911,ucdb-name
pak-multan,6912,ucdb-name
ind-surat,6913,ucdb-name
bgd-nasirnagar,6914,ucdb-name
chn-dayao,6915,ucdb-name
idn-ketapang,6916,ucdb-name
mex-valladolid,6917,ucdb-name
usa-sarasota,6918,ucdb-name
bra-araxa,6919,ucdb-name
nga-lokoja,6920,ucdb-name
cod-kalemie,6921,ucdb-name
egy-abu_tig,6922,ucdb-name
rus-dema,6923,ucdb-name
eth-robe-2,6924,ucdb-name
irn-arzuiyeh,6925,ucdb-name
pak-shujaabad,6926,ucdb-name
bgd-gokarna,6928,ucdb-name
chn-suji,6929,ucdb-name
idn-ngabang,6930,ucdb-name
mex-playa_del_carmen,6931,ucdb-name
usa-bradenton,6932,ucdb-name
bra-itapema,6933,ucdb-name
nga-asaba,6934,ucdb-name
cod-uvira,6935,ucdb-name
egy-dikiran,6936,ucdb-name
rus-ufa,6937,ucdb-name
irn-torbat_e_heydarieh,6939,ucdb-name
pak-bani_gala,6940,ucdb-name
ind-patran,6941,ucdb-name
bgd-shahbazpur,6942,ucdb-name
chn-baoji,6943,ucdb-name
idn-tengaran,6944,ucdb-name
mex-san_miguel_de_cozumel,6945,ucdb-name
usa-venice,6946,ucdb-name
bra-leme,6947,ucdb-name
nga-akabuka,6948,ucdb-name
cod-goma,6949,ucdb-name
egy-sahel_silim,6950,ucdb-name
rus-yugorsk,6951,ucdb-name
irn-rabor,6953,ucdb-name
pak-uch_sharif,6954,ucdb-name
ind-hisar,6955,ucdb-name
bgd-lakhai,6956,ucdb-name
chn-zhongjiang,6957,ucdb-name
idn-surakarta,6958,ucdb-name
mex-cancun,6959,ucdb-name
usa-huntsville,6960,ucdb-name
bra-florianopolis,6961,ucdb-name
nga-ahoada,6962,ucdb-name
cod-kanyabayonga,6963,ucdb-name
egy-el_ghanayem,6964,ucdb-name
eth-mechara,6965,ucdb-name
rus-nizhny_tagil,6966,ucdb-name
irn-bandar_abbas,6967,ucdb-name
pak-chakwal,6968,ucdb-name
ind-majri,6969,ucdb-name
bgd-comilla,6970,ucdb-name
chn-leshan,6971,ucdb-name
idn-demak,6972,ucdb-name
usa-cape_coral,6973,ucdb-name
bra-limeira,6974,ucdb-name
nga-omoku,6975,ucdb-name
cod-kirumba,6976,ucdb-name
egy-sidfa,6977,ucdb-name
eth-gelemso,6978,ucdb-name
rus-sterlitamak,6979,ucdb-name
irn-minab,6980,ucdb-name
pak-sahiwal,6981,ucdb-name
ind-kuchaman,6982,ucdb-name
bgd-mehari,6983,ucdb-name
chn-baolun,6984,ucdb-name
idn-tambakboyo,6985,ucdb-name
usa-naples,6986,ucdb-name
bra-araras,6987,ucdb-name
nga-abua,6988,ucdb-name
cod-kitsombiro,6989,ucdb-name
egy-port_said,6990,ucdb-name
rus-uc6992,6992,ucdb-id
irn-roudan,6993,ucdb-name
pak-liaquatpur,6994,ucdb-name
ind-sundarnagar,6995,ucdb-name
bgd-bhola,6996,ucdb-name
chn-lancang,6997,ucdb-name
idn-jepara,6998,ucdb-name
usa-bayonet_point,6999,ucdb-name
bra-barra_do_corda,7000,ucdb-name
nga-shiroro,7001,ucdb-name
cod-biakato,7002,ucdb-name
egy-tima,7003,ucdb-name
eth-bedessa,7004,ucdb-name
rus-salavat,7005,ucdb-name
irn-birjand,7006,ucdb-name
pak-jalalpur_pirwala,7007,ucdb-name
ind-ajmer,7008,ucdb-name
bgd-chhatak,7009,ucdb-name
chn-huaikou,7010,ucdb-name
idn-sukoharjo,7011,ucdb-name
usa-tampa,7012,ucdb-name
bra-americana,7013,ucdb-name
nga-uc7014,7014,ucdb-id
cod-butembo,7015,ucdb-name
egy-tahta,7016,ucdb-name
eth-ginir,7017,ucdb-name
rus-orenburg,7018,ucdb-name
irn-uc7019,7019,ucdb-id
pak-kunri,7020,ucdb-name
ind-vadodara,7021,ucdb-name
bgd-shaistaganj,7022,ucdb-name
chn-nanhua,7023,ucdb-name
idn-bekonang,7024,ucdb-name
usa-fargo,7025,ucdb-name
bra-pinheiro,7026,ucdb-name
nga-agenebode,7027,ucdb-name
cod-kipese,7028,ucdb-name
egy-al_harafsha,7029,ucdb-name
eth-chiro,7030,ucdb-name
rus-novouralsk,7031,ucdb-name
pak-birote,7033,ucdb-name
ind-padra,7034,ucdb-name
bgd-companyganj,7035,ucdb-name
chn-fengxiang,7036,ucdb-name
idn-wonogiri,7037,ucdb-name
usa-iowa_city,7038,ucdb-name
bra-sao_sebastiao_do_paraiso,7039,ucdb-name
nga-zurmi,7040,ucdb-name
cod-loutu,7041,ucdb-name
egy-al_ismailiya,7042,ucdb-name
eth-filtu,7043,ucdb-name
rus-pervouralsk,7044,ucdb-name
irn-seerik,7045,ucdb-name
pak-umerkot,7046,ucdb-name
ind-patiala,7047,ucdb-name
bgd-habiganj,7048,ucdb-name
chn-guangyuan,7049,ucdb-name
idn-kudus,7050,ucdb-name
usa-cedar_rapids,7051,ucdb-name
bra-sorocaba,7052,ucdb-name
nga-soku,7053,ucdb-name
cod-beni,7054,ucdb-name
egy-maragha,7055,ucdb-name
eth-hirna,7056,ucdb-name
rus-yekaterinburg,7057,ucdb-name
irn-kahnuj,7058,ucdb-name
pak-kahuta,7059,ucdb-name
ind-balasinor,7060,ucdb-name
bgd-bijoynagar,7061,ucdb-name
chn-zichang,7062,ucdb-name
idn-purwodadi,7063,ucdb-name
usa-brandon,7064,ucdb-name
bra-patos_de_minas,7065,ucdb-name
nga-ebocha,7066,ucdb-name
cod-rutshuru,7067,ucdb-name
egy-el_shaikh_youssef,7068,ucdb-name
rus-beloretsk,7070,ucdb-name
irn-torbat_e_jam,7071,ucdb-name
pak-ahmedpur_east,7072,ucdb-name
ind-nalagarh,7073,ucdb-name
bgd-shahrasti,7074,ucdb-name
chn-renshou,7075,ucdb-name
idn-pacitan,7076,ucdb-name
usa-spring_hill,7077,ucdb-name
bra-campinas,7078,ucdb-name
nga-idah,7079,ucdb-name
cod-durba,7080,ucdb-name
egy-saqultah,7081,ucdb-name
eth-karamile,7082,ucdb-name
rus-zlatoust,7083,ucdb-name
irn-bam,7084,ucdb-name
pak-sargodha,7085,ucdb-name
ind-sikar,7086,ucdb-name
bgd-madhabpur,7087,ucdb-name
chn-wutongqiao,7088,ucdb-name
idn-sragen,7089,ucdb-name
usa-nashville,7090,ucdb-name
bra-cosmopolis,7091,ucdb-name
nga-onitsha,7092,ucdb-name
egy-suhaj,7093,ucdb-name
cod-nyamilima,7094,ucdb-name
rus-ozyorsk,7096,ucdb-name
irn-rudbar,7097,ucdb-name
pak-sillanwali,7098,ucdb-name
ind-bharuch,7099,ucdb-name
bgd-akhaura,7100,ucdb-name
chn-jianyang,7101,ucdb-name
idn-pati,7102,ucdb-name
usa-lakeland,7103,ucdb-name
bra-salto,7104,ucdb-name
nga-elele_alimini,7105,ucdb-name
cod-katanga,7106,ucdb-name
egy-al_manshah,7107,ucdb-name
eth-deder,7108,ucdb-name
rus-miass,7109,ucdb-name
irn-narmashir,7110,ucdb-name
pak-kabirwala,7111,ucdb-name
ind-jhunjhunu,7112,ucdb-name
bgd-kasba,7113,ucdb-name
chn-huili,7114,ucdb-name
idn-sanggau,7115,ucdb-name
usa-davenport,7116,ucdb-name
bra-itu,7117,ucdb-name
nga-abonnema,7118,ucdb-name
cod-moba,7119,ucdb-name
egy-el_usayrat,7120,ucdb-name
eth-chelenko,7121,ucdb-name
rus-magnitogorsk,7122,ucdb-name
irn-fahraj,7123,ucdb-name
pak-shorkot,7124,ucdb-name
ind-nawalgarh,7125,ucdb-name
bgd-bahubal,7126,ucdb-name
chn-xingxian,7127,ucdb-name
idn-bantengan,7128,ucdb-name
usa-evansville,7129,ucdb-name
bra-indaiatuba,7130,ucdb-name
nga-owerri,7131,ucdb-name
egy-suez,7132,ucdb-name
cod-mongbwalu,7133,ucdb-name
eth-burka,7134,ucdb-name
rus-kamensk_uralsky,7135,ucdb-name
irn-mohammadabad_e_rigan,7136,ucdb-name
pak-gujar_khan,7137,ucdb-name
ind-dungarpur,7138,ucdb-name
bgd-munshir_hat,7139,ucdb-name
chn-santai,7140,ucdb-name
idn-juwana,7141,ucdb-name
usa-homestead,7142,ucdb-name
bra-passos,7143,ucdb-name
nga-idama,7144,ucdb-name
egy-girga,7145,ucdb-name
cod-bunia,7146,ucdb-name
eth-dire_dawa,7147,ucdb-name
rus-uc7148,7148,ucdb-id
irn-golmorti,7149,ucdb-name
pak-bhera,7150,ucdb-name
ind-chandigarh,7151,ucdb-name
bgd-biswanath,7152,ucdb-name
chn-jinggu,7153,ucdb-name
idn-ponorogo,7154,ucdb-name
usa-saint_cloud,7155,ucdb-name
bra-mogi_guacu,7156,ucdb-name
nga-chafe,7157,ucdb-name
egy-ezbet_nazif,7158,ucdb-name
cod-lingi,7159,ucdb-name
eth-aweday,7160,ucdb-name
rus-metallurgicheskiy_district,7161,ucdb-name
irn-zahedan,7162,ucdb-name
pak-jhang,7163,ucdb-name
ind-ankleshwar,7164,ucdb-name
bgd-haria_hossainpur,7165,ucdb-name
chn-fengzhen,7166,ucdb-name
idn-madiun,7167,ucdb-name
usa-miami,7168,ucdb-name
bra-mogi_mirim,7169,ucdb-name
nga-bugama,7170,ucdb-name
egy-balyana,7171,ucdb-name
cod-ariwara,7172,ucdb-name
eth-harar,7173,ucdb-name
rus-chelyabinsk,7174,ucdb-name
irn-zabol,7175,ucdb-name
pak-khewra,7176,ucdb-name
ind-cheeka,7177,ucdb-name
bgd-sylhet,7178,ucdb-name
chn-binzhou,7179,ucdb-name
idn-joresan,7180,ucdb-name
usa-minneapolis_saint_paul,7181,ucdb-name
bra-bacabal,7182,ucdb-name
nga-awomama,7183,ucdb-name
egy-awlad_yehia_qibly,7184,ucdb-name
cod-aru,7185,ucdb-name
eth-melka_chireti,7186,ucdb-name
rus-novy_urengoy,7187,ucdb-name
pak-khanewal,7189,ucdb-name
ind-kosamba,7190,ucdb-name
bgd-chunarughat,7191,ucdb-name
chn-chuxiong,7192,ucdb-name
idn-rembang,7193,ucdb-name
usa-rochester,7194,ucdb-name
bra-sao_roque,7195,ucdb-name
nga-abaji,7196,ucdb-name
egy-nag_hammadi,7197,ucdb-name
cod-mahagi,7198,ucdb-name
rus-kopeysk,7200,ucdb-name
irn-iranshahr,7201,ucdb-name
pak-jahanian,7202,ucdb-name
ind-narwana,7203,ucdb-name
bgd-routhkhai,7204,ucdb-name
chn-zalantun,7205,ucdb-name
idn-ngawi,7206,ucdb-name
usa-fair_oaks,7207,ucdb-name
bra-sao_joao_da_boa_vista,7208,ucdb-name
nga-port_harcourt,7209,ucdb-name
egy-dishna,7210,ucdb-name
rus-novotroitsk,7212,ucdb-name
irn-khash,7213,ucdb-name
pak-bhalwal,7214,ucdb-name
ind-kamrej,7215,ucdb-name
bgd-lalmohan,7216,ucdb-name
chn-suide,7217,ucdb-name
idn-dolopo,7218,ucdb-name
usa-atlanta,7219,ucdb-name
bra-itupeva,7220,ucdb-name
nga-omo,7221,ucdb-name
egy-luxor,7222,ucdb-name
eth-babille,7223,ucdb-name
rus-orsk,7224,ucdb-name
irn-chabahar,7225,ucdb-name
pak-dunyapur,7226,ucdb-name
ind-pilani,7227,ucdb-name
bgd-char_alexander,7228,ucdb-name
chn-zuoyun,7229,ucdb-name
idn-blora,7230,ucdb-name
usa-riverwood,7231,ucdb-name
bra-vinhedo,7232,ucdb-name
nga-yangoji,7233,ucdb-name
egy-esna,7234,ucdb-name
eth-dolo,7235,ucdb-name
rus-khanty_mansiysk,7236,ucdb-name
irn-suran,7237,ucdb-name
pak-lodhran,7238,ucdb-name
ind-ricco_industrial_area,7239,ucdb-name
bgd-tazumoddin,7240,ucdb-name
chn-qishan,7241,ucdb-name
idn-trenggalek,7242,ucdb-name
usa-orlando,7243,ucdb-name
bra-itapira,7244,ucdb-name
nga-dekina,7245,ucdb-name
egy-qena,7246,ucdb-name
eth-fik,7247,ucdb-name
rus-tyumen,7248,ucdb-name
pak-rawalakot,7249,ucdb-name
ind-rajpura,7250,ucdb-name
bgd-charfasson,7251,ucdb-name
chn-yan_an,7252,ucdb-name
idn-bendo,7253,ucdb-name
usa-dunwoody,7254,ucdb-name
bra-jundiai,7255,ucdb-name
nga-igwuruta,7256,ucdb-name
egy-qus,7257,ucdb-name
rus-tobolsk,7259,ucdb-name
pak-bahawalpur,7260,ucdb-name
ind-hansi,7261,ucdb-name
bgd-moulvibazar,7262,ucdb-name
chn-caijiapo,7263,ucdb-name
idn-padangan,7264,ucdb-name
usa-bloomington,7265,ucdb-name
bra-amparo,7266,ucdb-name
nga-gwagwalada,7267,ucdb-name
egy-arish,7268,ucdb-name
eth-jijiga,7269,ucdb-name
rus-noyabrsk,7270,ucdb-name
pak-lalian,7271,ucdb-name
ind-lunavada,7272,ucdb-name
bgd-golapganj,7273,ucdb-name
chn-mianxian,7274,ucdb-name
idn-tulungagung,7275,ucdb-name
usa-norcross,7276,ucdb-name
bra-sao_paulo,7277,ucdb-name
nga-awka,7278,ucdb-name
egy-abnud,7279,ucdb-name
rus-kurgan,7281,ucdb-name
pak-malakwal,7282,ucdb-name
ind-navsari,7283,ucdb-name
bgd-sreemangal,7284,ucdb-name
chn-qianwei,7285,ucdb-name
idn-nganjuk,7286,ucdb-name
usa-hopkins_mill,7287,ucdb-name
bra-itatiba,7288,ucdb-name
nga-doka_ashafa,7289,ucdb-name
egy-al_mifarragiya,7290,ucdb-name
rus-nefteyugansk,7292,ucdb-name
pak-toba_tek_singh,7293,ucdb-name
ind-kalol-2,7294,ucdb-name
bgd-fenchuganj,7295,ucdb-name
chn-pinglu,7296,ucdb-name
idn-bojonegoro,7297,ucdb-name
usa-alafaya,7298,ucdb-name
bra-pocos_de_caldas,7299,ucdb-name
nga-gidan_mai_ungwan,7300,ucdb-name
egy-hijazah,7301,ucdb-name
eth-kebri_beyah,7302,ucdb-name
rus-surgut,7303,ucdb-name
pak-kahror_pacca,7304,ucdb-name
ind-halol,7305,ucdb-name
bgd-darbasta,7306,ucdb-name
chn-liqu,7307,ucdb-name
idn-kediri,7308,ucdb-name
usa-lawrenceville,7309,ucdb-name
bra-polvilho,7310,ucdb-name
nga-oyigbo,7311,ucdb-name
egy-al_kajuj,7312,ucdb-name
eth-togechane,7313,ucdb-name
rus-ishim,7314,ucdb-name
pak-rabwah,7315,ucdb-name
ind-chirawa,7316,ucdb-name
bgd-charkhai,7317,ucdb-name
chn-ziyang,7318,ucdb-name
idn-sukorejo,7319,ucdb-name
usa-champaign,7320,ucdb-name
bra-barreiras,7321,ucdb-name
nga-okrika,7322,ucdb-name
egy-daraw,7323,ucdb-name
eth-hartishek,7324,ucdb-name
rus-nizhnevartovsk,7325,ucdb-name
pak-pir_mahal,7326,ucdb-name
ind-kaithal,7327,ucdb-name
bgd-beanibazar,7328,ucdb-name
chn-yanting,7329,ucdb-name
idn-warujayeng,7330,ucdb-name
usa-port_saint_lucie,7331,ucdb-name
bra-jardim_santa_fe,7332,ucdb-name
nga-maji,7333,ucdb-name
egy-kawm_ombo,7334,ucdb-name
eth-degehabur,7335,ucdb-name
rus-omsk,7336,ucdb-name
pak-dina,7337,ucdb-name
ind-valsad,7338,ucdb-name
bgd-uc7339,7339,ucdb-id
idn-ponggok,7341,ucdb-name
usa-palm_bay,7342,ucdb-name
bra-francisco_morato,7343,ucdb-name
nga-ogale,7344,ucdb-name
egy-aswan,7345,ucdb-name
rus-seversk,7347,ucdb-name
pak-gojra,7348,ucdb-name
ind-daman,7349,ucdb-name
bgd-kulaura,7350,ucdb-name
chn-lin,7351,ucdb-name
idn-blitar,7352,ucdb-name
usa-jacksonville,7353,ucdb-name
bra-perus,7354,ucdb-name
nga-djibia,7355,ucdb-name
egy-hurghada,7356,ucdb-name
eth-gode,7357,ucdb-name
rus-novosibirsk,7358,ucdb-name
pak-mian_channu,7359,ucdb-name
ind-umbergaon_road,7360,ucdb-name
bgd-feni,7361,ucdb-name
chn-fufeng,7362,ucdb-name
idn-sintang,7363,ucdb-name
usa-jupiter,7364,ucdb-name
bra-sao_luis,7365,ucdb-name
nga-madalla,7366,ucdb-name
rus-tomsk,7368,ucdb-name
pak-kotli,7369,ucdb-name
ind-dahanu,7370,ucdb-name
bgd-shahbazpur-2,7371,ucdb-name
chn-wangcang_county,7372,ucdb-name
idn-kertosono,7373,ucdb-name
usa-fort_pierce,7374,ucdb-name
bra-braganca_paulista,7375,ucdb-name
nga-ayangba,7376,ucdb-name
rus-young_leninist,7378,ucdb-name
pak-chiniot,7379,ucdb-name
ind-kalka,7380,ucdb-name
bgd-hatiya,7381,ucdb-name
chn-cangxi_county,7382,ucdb-name
idn-pare,7383,ucdb-name
usa-palm_coast,7384,ucdb-name
bra-atibaia,7385,ucdb-name
nga-bonny,7386,ucdb-name
eth-kebri_dehar,7387,ucdb-name
rus-berdsk,7388,ucdb-name
pak-mirpur,7389,ucdb-name
ind-godhra,7390,ucdb-name
bgd-barlekha,7391,ucdb-name
chn-yongshan,7392,ucdb-name
idn-tuban,7393,ucdb-name
usa-daytona_beach,7394,ucdb-name
bra-praia_grande,7395,ucdb-name
nga-batsari,7396,ucdb-name
rus-kemerovo,7398,ucdb-name
pak-mandi_bahauddin,7399,ucdb-name
ind-bilimora,7400,ucdb-name
bgd-baraiyarhat,7401,ucdb-name
chn-rongxian,7402,ucdb-name
idn-pangkalan_bun,7403,ucdb-name
usa-beechwood,7404,ucdb-name
bra-alfenas,7405,ucdb-name
nga-onne,7406,ucdb-name
eth-abudwak,7407,ucdb-name
rus-rubtsovsk,7408,ucdb-name
pak-mailsi,7409,ucdb-name
ind-dabhoi,7410,ucdb-name
bgd-chagalnaiya,7411,ucdb-name
chn-shuozhou,7412,ucdb-name
idn-jombang,7413,ucdb-name
usa-jacksonville_beach,7414,ucdb-name
bra-aruja,7415,ucdb-name
nga-kuje,7416,ucdb-name
rus-barnaul,7418,ucdb-name
pak-jhelum,7419,ucdb-name
ind-bardoli,7420,ucdb-name
bgd-mirsharai,7421,ucdb-name
chn-shehong,7422,ucdb-name
idn-nanga_pinoh,7423,ucdb-name
usa-louisville,7424,ucdb-name
bra-santos,7425,ucdb-name
nga-aboh,7426,ucdb-name
rus-belovo,7427,ucdb-name
pak-faisalabad,7428,ucdb-name
ind-vapi,7429,ucdb-name
bgd-sandwip,7430,ucdb-name
chn-qikou,7431,ucdb-name
idn-mojoagung,7432,ucdb-name
usa-bloomington-2,7433,ucdb-name
bra-codo,7434,ucdb-name
nga-chara,7435,ucdb-name
rus-uc7436,7436,ucdb-id
pak-kamalia,7437,ucdb-name
ind-boisar,7438,ucdb-name
bgd-chattogram,7439,ucdb-name
chn-datong-2,7440,ucdb-name
idn-sumberpucung,7441,ucdb-name
usa-rockford,7442,ucdb-name
bra-pouso_alegre,7443,ucdb-name
nga-enugu_umunze,7444,ucdb-name
rus-biysk,7445,ucdb-name
pak-vehari,7446,ucdb-name
ind-ambala,7447,ucdb-name
bgd-matiranga,7448,ucdb-name
chn-hanzhong,7449,ucdb-name
idn-brondong,7450,ucdb-name
usa-westhaven_trails,7451,ucdb-name
bra-pirapora,7452,ucdb-name
nga-funtua,7453,ucdb-name
rus-achinsk,7454,ucdb-name
pak-sarai_alamgir,7455,ucdb-name
ind-pehowa,7456,ucdb-name
bgd-nazirhat,7457,ucdb-name
chn-nanzheng,7458,ucdb-name
idn-surabaya,7459,ucdb-name
usa-aurora,7460,ucdb-name
bra-formiga,7461,ucdb-name
nga-bolo,7462,ucdb-name
rus-uc7463,7463,ucdb-id
pak-pindi_bhattian,7464,ucdb-name
ind-bhilwara,7465,ucdb-name
bgd-khagrachhari,7466,ucdb-name
chn-lezhi,7467,ucdb-name
idn-malang,7468,ucdb-name
usa-joliet,7469,ucdb-name
bra-sao_jose_dos_campos,7470,ucdb-name
nga-abuja,7471,ucdb-name
rus-novokuznetsk,7472,ucdb-name
pak-phalia,7473,ucdb-name
ind-shimla,7474,ucdb-name
bgd-raozan,7475,ucdb-name
chn-qiaojia,7476,ucdb-name
idn-lamongan,7477,ucdb-name
usa-madison,7478,ucdb-name
bra-varginha,7479,ucdb-name
nga-okpogho,7480,ucdb-name
rus-atamanovo,7481,ucdb-name
pak-mamunkanjan,7482,ucdb-name
ind-jind,7483,ucdb-name
bgd-rangunia,7484,ucdb-name
chn-daying,7485,ucdb-name
idn-kepanjen,7486,ucdb-name
usa-bolingbrook,7487,ucdb-name
bra-cacapava,7488,ucdb-name
nga-dere,7489,ucdb-name
rus-mezhdurechensk,7490,ucdb-name
pak-chichawatni,7491,ucdb-name
ind-palghar,7492,ucdb-name
bgd-chandanaish,7493,ucdb-name
chn-suijiang,7494,ucdb-name
idn-gondanglegi,7495,ucdb-name
usa-elgin,7496,ucdb-name
bra-nova_serrana,7497,ucdb-name
nga-bodo,7498,ucdb-name
rus-krasnoyarsk,7499,ucdb-name
pak-samundri,7500,ucdb-name
ind-sagwara,7501,ucdb-name
bgd-saral,7502,ucdb-name
chn-arun,7503,ucdb-name
idn-prigen,7504,ucdb-name
usa-wheaton,7505,ucdb-name
bra-taubate,7506,ucdb-name
nga-holo,7507,ucdb-name
rus-rajon_swerdlowski,7508,ucdb-name
pak-dinga,7509,ucdb-name
ind-solan,7510,ucdb-name
bgd-rangamati,7511,ucdb-name
chn-langzhong,7512,ucdb-name
idn-gresik,7513,ucdb-name
usa-lafayette-2,7514,ucdb-name
bra-chapadinha,7515,ucdb-name
nga-kaduna,7516,ucdb-name
rus-chernogorsk,7517,ucdb-name
pak-chak_jhumra,7518,ucdb-name
ind-kharadpada,7519,ucdb-name
bgd-banshkhali,7520,ucdb-name
chn-huairen,7521,ucdb-name
idn-bangkalan,7522,ucdb-name
usa-lake_in_the_hills,7523,ucdb-name
bra-itajuba,7524,ucdb-name
nga-rubuchi,7525,ucdb-name
rus-abakan,7526,ucdb-name
pak-kharian,7527,ucdb-name
ind-pundri,7528,ucdb-name
bgd-kutubdia,7529,ucdb-name
chn-lufeng,7530,ucdb-name
idn-pasuruan,7531,ucdb-name
usa-chicago,7532,ucdb-name
bra-caxias,7533,ucdb-name
nga-aku,7534,ucdb-name
rus-minusinsk,7535,ucdb-name
pak-sangla_hill,7536,ucdb-name
ind-bhiwani,7537,ucdb-name
bgd-satkania,7538,ucdb-name
chn-ning_er,7539,ucdb-name
idn-karang_kliwon,7540,ucdb-name
usa-chicago_heights,7541,ucdb-name
bra-tres_coracoes,7542,ucdb-name
nga-aba,7543,ucdb-name
pak-shahkot,7544,ucdb-name
rus-kyzyl,7545,ucdb-name
ind-silvassa,7546,ucdb-name
bgd-moheshkhali,7547,ucdb-name
chn-qianxian,7548,ucdb-name
idn-kedawang,7549,ucdb-name
usa-savannah,7550,ucdb-name
bra-pindamonhangaba,7551,ucdb-name
nga-bwari,7552,ucdb-name
pak-lalamusa,7553,ucdb-name
ind-rajpipla,7554,ucdb-name
rus-bratsk,7555,ucdb-name
bgd-malumghat_bazar,7556,ucdb-name
chn-shanyin,7557,ucdb-name
idn-tempeh,7558,ucdb-name
usa-indianapolis,7559,ucdb-name
bra-divinopolis,7560,ucdb-name
nga-umu_lawlaw,7561,ucdb-name
pak-burewala,7562,ucdb-name
ind-vasai_virar,7563,ucdb-name
rus-usolye_sibirskoye,7564,ucdb-name
bgd-ramu,7565,ucdb-name
chn-yangling,7566,ucdb-name
idn-kebonan,7567,ucdb-name
usa-lawrence-2,7568,ucdb-name
bra-lavras,7569,ucdb-name
nga-kura,7570,ucdb-name
pak-tandlianwala,7571,ucdb-name
ind-chittorgarh,7572,ucdb-name
rus-angarsk,7573,ucdb-name
bgd-eidgaon,7574,ucdb-name
chn-weiyuan,7575,ucdb-name
idn-probolinggo,7576,ucdb-name
usa-lexington,7577,ucdb-name
bra-colonia_de_ferias_ministro_joao_cleofas,7578,ucdb-name
nga-kauran_yankwani,7579,ucdb-name
pak-hasilpur,7580,ucdb-name
ind-neem_ka_thana,7581,ucdb-name
rus-zhilkino,7582,ucdb-name
bgd-hakimpara,7583,ucdb-name
chn-simao,7584,ucdb-name
idn-lumajang,7585,ucdb-name
usa-waukegan,7586,ucdb-name
bra-caraguatatuba,7587,ucdb-name
nga-nsukka,7588,ucdb-name
pak-hafizabad,7589,ucdb-name
ind-kurukshetra,7590,ucdb-name
rus-irkutsk,7591,ucdb-name
bgd-teknaf,7592,ucdb-name
chn-nenjiang,7593,ucdb-name
idn-kencong,7594,ucdb-name
usa-kenosha,7595,ucdb-name
bra-guaratingueta,7596,ucdb-name
nga-egwuachi,7597,ucdb-name
pak-kotla_arab_ali_khan,7598,ucdb-name
ind-mumbai,7599,ucdb-name
rus-ulan_ude,7600,ucdb-name
chn-zizhong,7601,ucdb-name
idn-sampang,7602,ucdb-name
usa-racine,7603,ucdb-name
bra-curvelo,7604,ucdb-name
nga-bori,7605,ucdb-name
pak-ali_pur_chatha,7606,ucdb-name
ind-vyara,7607,ucdb-name
rus-yakutsk,7608,ucdb-name
chn-yanggao,7609,ucdb-name
idn-kebonan-2,7610,ucdb-name
usa-milwaukee,7611,ucdb-name
bra-para_de_minas,7612,ucdb-name
nga-ekenobizi,7613,ucdb-name
pak-gaggoo,7614,ucdb-name
ind-charkhi_dadri,7615,ucdb-name
rus-chita,7616,ucdb-name
chn-liulin,7617,ucdb-name
idn-umbulrejo,7618,ucdb-name
usa-florence,7619,ucdb-name
bra-lorena,7620,ucdb-name
nga-dema,7621,ucdb-name
pak-kunjah,7622,ucdb-name
ind-kekri,7623,ucdb-name
chn-wuding,7624,ucdb-name
rus-blagoveshchensk,7625,ucdb-name
idn-balung,7626,ucdb-name
usa-cincinnati,7627,ucdb-name
bra-itauna,7628,ucdb-name
nga-ngodo,7629,ucdb-name
pak-safdarabad,7630,ucdb-name
ind-barara,7631,ucdb-name
chn-chenggu,7632,ucdb-name
rus-magadan,7633,ucdb-name
idn-kraksaan,7634,ucdb-name
usa-north_college_hill,7635,ucdb-name
bra-floriano,7636,ucdb-name
nga-ama_apu,7637,ucdb-name
pak-sahiwal-2,7638,ucdb-name
ind-safidon,7639,ucdb-name
chn-zhangbei,7640,ucdb-name
rus-komsomolsk_on_amur,7641,ucdb-name
idn-proppo,7642,ucdb-name
usa-columbia,7643,ucdb-name
bra-cruzeiro,7644,ucdb-name
nga-ngo,7645,ucdb-name
pak-gujrat,7646,ucdb-name
ind-mahendragarh,7647,ucdb-name
chn-wugong,7648,ucdb-name
rus-khabarovsk,7649,ucdb-name
idn-kotaanyar,7650,ucdb-name
usa-hamilton,7651,ucdb-name
bra-teresina,7652,ucdb-name
nga-dutsin_ma,7653,ucdb-name
pak-jaranwala,7654,ucdb-name
ind-nimbahera,7655,ucdb-name
chn-luquan,7656,ucdb-name
rus-ussurijsk,7657,ucdb-name
idn-jember,7658,ucdb-name
usa-south_bend,7659,ucdb-name
bra-montes_claros,7660,ucdb-name
nga-ungwan_shehu,7661,ucdb-name
pak-skardu,7662,ucdb-name
ind-chomu,7663,ucdb-name
chn-nanbu,7664,ucdb-name
rus-uc7665,7665,ucdb-id
idn-sampit,7666,ucdb-name
usa-appleton,7667,ucdb-name
bra-sete_lagoas,7668,ucdb-name
nga-nine_mile_corner,7669,ucdb-name
pak-wazirabad,7670,ucdb-name
ind-narnaul,7671,ucdb-name
chn-zigong,7672,ucdb-name
rus-vladivostok,7673,ucdb-name
idn-pamekasan,7674,ucdb-name
usa-dayton,7675,ucdb-name
bra-belo_horizonte,7676,ucdb-name
nga-uturu,7677,ucdb-name
pak-arifwala,7678,ucdb-name
ind-malpura,7679,ucdb-name
chn-liquan,7680,ucdb-name
rus-artyom,7681,ucdb-name
idn-bondowoso,7682,ucdb-name
usa-fort_wayne,7683,ucdb-name
bra-fazenda_castro,7684,ucdb-name
nga-ekwegbe,7685,ucdb-name
pak-jalalpur_jattan,7686,ucdb-name
ind-jaipur,7687,ucdb-name
chn-jinghong,7688,ucdb-name
rus-nakhodka,7689,ucdb-name
idn-situbondo,7690,ucdb-name
usa-carmel_commons,7691,ucdb-name
bra-icaivera,7692,ucdb-name
nga-enugu_ezike,7693,ucdb-name
pak-mananwala,7694,ucdb-name
ind-uran,7695,ucdb-name
chn-gasa,7696,ucdb-name
rus-yuzhno_sakhalinsk,7697,ucdb-name
idn-sumenep,7698,ucdb-name
usa-green_bay,7699,ucdb-name
bra-ribeirao_das_neves,7700,ucdb-name
nga-umuahia,7701,ucdb-name
pak-chishtian_sharif,7702,ucdb-name
ind-alibag,7703,ucdb-name
chn-zhouzhi,7704,ucdb-name
idn-kalianget,7705,ucdb-name
rus-uc7706,7706,ucdb-id
usa-charlotte,7707,ucdb-name
bra-sao_joao_del_rei,7708,ucdb-name
nga-asarama,7709,ucdb-name
pak-farooqabad,7710,ucdb-name
ind-rohtak,7711,ucdb-name
chn-suining,7712,ucdb-name
idn-genteng,7713,ucdb-name
usa-kalamazoo,7714,ucdb-name
bra-resende,7715,ucdb-name
nga-enugu,7716,ucdb-name
pak-okara_cantonment,7717,ucdb-name
ind-gohana,7718,ucdb-name
chn-luliang,7719,ucdb-name
idn-jajag,7720,ucdb-name
usa-grand_rapids,7721,ucdb-name
bra-janauba,7722,ucdb-name
nga-katsina,7723,ucdb-name
pak-qila_didar_singh,7724,ucdb-name
ind-karnal,7725,ucdb-name
chn-pengxi,7726,ucdb-name
idn-asembagus,7727,ucdb-name
usa-urbancrest,7728,ucdb-name
bra-santa_luzia,7729,ucdb-name
nga-awgu,7730,ucdb-name
pak-nankana_sahib,7731,ucdb-name
ind-banswara,7732,ucdb-name
chn-nanjiang_county,7733,ucdb-name
idn-muncar,7734,ucdb-name
usa-columbus,7735,ucdb-name
bra-nova_lima,7736,ucdb-name
nga-abejukolo,7737,ucdb-name
pak-gujranwala,7738,ucdb-name
ind-kalyan_dombivli,7739,ucdb-name
chn-xichong,7740,ucdb-name
idn-banyuwangi,7741,ucdb-name
usa-greensboro,7742,ucdb-name
bra-angra_dos_reis,7743,ucdb-name
nga-malumfashi,7744,ucdb-name
pak-ghakhar_mandi,7745,ucdb-name
ind-sithana,7746,ucdb-name
chn-jingle,7747,ucdb-name
idn-palangka_raya,7748,ucdb-name
usa-lansing,7749,ucdb-name
bra-volta_redonda,7750,ucdb-name
nga-ado,7751,ucdb-name
pak-nowshera_virkan,7752,ucdb-name
ind-shahpur,7753,ucdb-name
chn-yangxian,7754,ucdb-name
idn-negara,7755,ucdb-name
usa-toledo,7756,ucdb-name
bra-conselheiro_lafaiete,7757,ucdb-name
nga-agbani,7758,ucdb-name
pak-feroze_wattwan,7759,ucdb-name
ind-dahod,7760,ucdb-name
chn-tianzhen,7761,ucdb-name
idn-seririt,7762,ucdb-name
usa-ann_arbor,7763,ucdb-name
bra-guanambi,7764,ucdb-name
nga-opobo,7765,ucdb-name
pak-bucheki,7766,ucdb-name
ind-panvel,7767,ucdb-name
chn-yingxian,7768,ucdb-name
idn-kuala_kapuas,7769,ucdb-name
usa-wilmington,7770,ucdb-name
bra-barbacena,7771,ucdb-name
nga-ishiagu,7772,ucdb-name
pak-okara,7773,ucdb-name
ind-yamunanagar,7774,ucdb-name
chn-xingping,7775,ucdb-name
idn-singaraja,7776,ucdb-name
usa-cary,7777,ucdb-name
bra-parnaiba,7778,ucdb-name
nga-ikot_aba,7779,ucdb-name
pak-warburton,7780,ucdb-name
ind-neemuch,7781,ucdb-name
chn-anyue,7782,ucdb-name
idn-denpasar,7783,ucdb-name
usa-detroit,7784,ucdb-name
bra-itabira,7785,ucdb-name
nga-ikot_ide,7786,ucdb-name
pak-sambrial,7787,ucdb-name
ind-panipat,7788,ucdb-name
chn-yimen,7789,ucdb-name
idn-banjarmasin-2,7790,ucdb-name
usa-raleigh,7791,ucdb-name
bra-itaguai,7792,ucdb-name
nga-uduma,7793,ucdb-name
pak-lahore,7794,ucdb-name
ind-amber,7795,ucdb-name
chn-shuifu,7796,ucdb-name
idn-ubud,7797,ucdb-name
usa-new_hope,7798,ucdb-name
bra-rio_de_janeiro,7799,ucdb-name
nga-ankpa,7800,ucdb-name
pak-more_khunda,7801,ucdb-name
ind-dolvi,7802,ucdb-name
chn-ludian,7803,ucdb-name
idn-beng,7804,ucdb-name
usa-buena_vista,7805,ucdb-name
bra-juiz_de_fora,7806,ucdb-name
nga-zaria,7807,ucdb-name
pak-tatlay_aali,7808,ucdb-name
ind-kotputli,7809,ucdb-name
chn-morin_dawa,7810,ucdb-name
idn-pelaihari,7811,ucdb-name
usa-encore_townhomes,7812,ucdb-name
bra-engenheiro_pedreira,7813,ucdb-name
nga-charanchi,7814,ucdb-name
pak-renala_khurd,7815,ucdb-name
ind-deoli,7816,ucdb-name
chn-chengguan,7817,ucdb-name
idn-semarapura,7818,ucdb-name
usa-canton,7819,ucdb-name
bra-marapicu,7820,ucdb-name
nga-amakpo,7821,ucdb-name
pak-pakpattan,7822,ucdb-name
ind-navapur,7823,ucdb-name
chn-tongchuan,7824,ucdb-name
idn-banjarbaru,7825,ucdb-name
usa-akron,7826,ucdb-name
bra-irece,7827,ucdb-name
nga-uruk_esiet,7828,ucdb-name
pak-sialkot,7829,ucdb-name
ind-behror,7830,ucdb-name
chn-neijiang,7831,ucdb-name
idn-buntok,7832,ucdb-name
usa-cleveland,7833,ucdb-name
bra-fazenda_parque_recreio,7834,ucdb-name
nga-nassarawa,7835,ucdb-name
pak-daska,7836,ucdb-name
ind-pen,7837,ucdb-name
chn-huai_an,7838,ucdb-name
idn-karangasem,7839,ucdb-name
usa-cuyahoga_falls,7840,ucdb-name
bra-tres_rios,7841,ucdb-name
nga-akeze,7842,ucdb-name
pak-fort_abbas,7843,ucdb-name
ind-kanauta,7844,ucdb-name
chn-fumin,7845,ucdb-name
idn-muaratewe,7846,ucdb-name
usa-pittsburgh,7847,ucdb-name
bra-uba,7848,ucdb-name
nga-ikot_ekpene,7849,ucdb-name
pak-jamke_cheema,7850,ucdb-name
ind-pratapgarh,7851,ucdb-name
chn-zhaotong,7852,ucdb-name
idn-amuntai,7853,ucdb-name
usa-lakeside,7854,ucdb-name
bra-petropolis,7855,ucdb-name
nga-kankiya,7856,ucdb-name
pak-kamoke,7857,ucdb-name
ind-ahwa,7858,ucdb-name
chn-jincheng,7859,ucdb-name
idn-kandangan,7860,ucdb-name
usa-richmond,7861,ucdb-name
bra-vicosa,7862,ucdb-name
nga-abiriba,7863,ucdb-name
pak-bahawalnagar,7864,ucdb-name
ind-shahapur,7865,ucdb-name
chn-anfu,7866,ucdb-name
idn-mataram,7867,ucdb-name
usa-erie,7868,ucdb-name
bra-coronel_fabriciano,7869,ucdb-name
nga-rogo_sabon_gari,7870,ucdb-name
pak-faqirwali,7871,ucdb-name
ind-jhajjar,7872,ucdb-name
chn-xuzhou,7873,ucdb-name
idn-barabai,7874,ucdb-name
usa-courthouse_green,7875,ucdb-name
bra-ribeira,7876,ucdb-name
nga-obiozara,7877,ucdb-name
pak-haroonabad,7878,ucdb-name
ind-neemrana,7879,ucdb-name
chn-zhongyang,7880,ucdb-name
idn-tanjung,7881,ucdb-name
usa-norfolk,7882,ucdb-name
bra-ipatinga,7883,ucdb-name
nga-abat,7884,ucdb-name
pak-uc7885,7885,ucdb-id
ind-gangoh,7886,ucdb-name
chn-xinping,7887,ucdb-name
idn-praya,7888,ucdb-name
usa-newport_news,7889,ucdb-name
bra-niteroi,7890,ucdb-name
nga-okoroete,7891,ucdb-name
pak-phool_nagar,7892,ucdb-name
ind-samalkha,7893,ucdb-name
chn-heihe,7894,ucdb-name
idn-kecamatan_kopang,7895,ucdb-name
usa-manassas_park,7896,ucdb-name
bra-regiao_oceanica,7897,ucdb-name
nga-abak,7898,ucdb-name
pak-depalpur,7899,ucdb-name
ind-roha,7900,ucdb-name
chn-yibin,7901,ucdb-name
idn-selong,7902,ucdb-name
usa-dale_city,7903,ucdb-name
bra-teresopolis,7904,ucdb-name
nga-ugbokolo,7905,ucdb-name
pak-pattoki,7906,ucdb-name
ind-paonta_sahib,7907,ucdb-name
chn-mojiang_hani_autonomous_county,7908,ucdb-name
idn-kecamatan_pringgabaya,7909,ucdb-name
usa-washington,7910,ucdb-name
bra-cataguases,7911,ucdb-name
nga-okposi,7912,ucdb-name
pak-khanke_mod,7913,ucdb-name
ind-neral,7914,ucdb-name
chn-xianyang,7915,ucdb-name
idn-baroqah,7916,ucdb-name
usa-ashburn,7917,ucdb-name
bra-muriae,7918,ucdb-name
nga-ungwan_tamowa,7919,ucdb-name
pak-muridke,7920,ucdb-name
ind-gannaur,7921,ucdb-name
chn-huize,7922,ucdb-name
idn-kotabaru,7923,ucdb-name
usa-leesburg,7924,ucdb-name
bra-caratinga,7925,ucdb-name
nga-nguzu_edda,7926,ucdb-name
pak-nathe_khalsa,7927,ucdb-name
ind-murbad,7928,ucdb-name
chn-bazhong_city,7929,ucdb-name
idn-tana_paser,7930,ucdb-name
usa-sugarland_run,7931,ucdb-name
bra-governador_valadares,7932,ucdb-name
nga-ohafia,7933,ucdb-name
pak-sharaqpur,7934,ucdb-name
ind-rewari,7935,ucdb-name
chn-anning,7936,ucdb-name
idn-sumbawa_besar,7937,ucdb-name
usa-fairland,7938,ucdb-name
bra-conselheiro_paulino,7939,ucdb-name
nga-mashi,7940,ucdb-name
pak-manga,7941,ucdb-name
ind-karjat,7942,ucdb-name
chn-shunqing,7943,ucdb-name
idn-balikpapan,7944,ucdb-name
usa-laurel,7945,ucdb-name
bra-new_fribourg,7946,ucdb-name
nga-keffi,7947,ucdb-name
pak-haveli_lakha,7948,ucdb-name
ind-sonipat,7949,ucdb-name
chn-yichezhen,7950,ucdb-name
idn-tenggarong,7951,ucdb-name
usa-columbia-2,7952,ucdb-name
bra-manhuacu,7953,ucdb-name
nga-ekeje,7954,ucdb-name
pak-hujra_shah_muqeem,7955,ucdb-name
ind-bawal,7956,ucdb-name
chn-fushun,7957,ucdb-name
idn-samarinda,7958,ucdb-name
usa-baltimore,7959,ucdb-name
bra-sobral,7960,ucdb-name
nga-uyo,7961,ucdb-name
pak-minchinabad,7962,ucdb-name
ind-new_delhi,7963,ucdb-name
chn-jingyang,7964,ucdb-name
idn-tanjung_selor,7965,ucdb-name
usa-glen_burnie,7966,ucdb-name
bra-teofilo_otoni,7967,ucdb-name
nga-gwarzo,7968,ucdb-name
pak-chunian,7969,ucdb-name
ind-tonk,7970,ucdb-name
chn-dai,7971,ucdb-name
idn-tanjung_redeb,7972,ucdb-name
usa-york,7973,ucdb-name
bra-araruama,7974,ucdb-name
nga-amaseri,7975,ucdb-name
pak-raiwind,7976,ucdb-name
ind-kairana,7977,ucdb-name
chn-sanyuan,7978,ucdb-name
idn-gunung_lingkas,7979,ucdb-name
usa-buffalo,7980,ucdb-name
bra-petrolina,7981,ucdb-name
nga-arochukwu,7982,ucdb-name
pak-pasrur,7983,ucdb-name
ind-khopoli,7984,ucdb-name
chn-yiliang,7985,ucdb-name
idn-kota_nunukan,7986,ucdb-name
usa-harrisburg,7987,ucdb-name
bra-itaperuna,7988,ucdb-name
nga-eket,7989,ucdb-name
pak-kot_radha_kishan,7990,ucdb-name
ind-saharanpur,7991,ucdb-name
chn-dongchuan,7992,ucdb-name
idn-bontang,7993,ucdb-name
usa-lancaster-2,7994,ucdb-name
bra-vitoria_da_conquista,7995,ucdb-name
nga-afikpo,7996,ucdb-name
pak-chawinda,7997,ucdb-name
ind-niwai,7998,ucdb-name
chn-zhangjiakou,7999,ucdb-name
idn-sangatta_utara,8000,ucdb-name
usa-new_castle,8001,ucdb-name
bra-cabo_frio,8002,ucdb-name
nga-unguwar_fari,8003,ucdb-name
pak-basirpur,8004,ucdb-name
ind-mandsaur,8005,ucdb-name
chn-xi_an,8006,ucdb-name
idn-dompu,8007,ucdb-name
usa-wilmington-2,8008,ucdb-name
bra-rio_das_ostras,8009,ucdb-name
nga-koi,8010,ucdb-name
pak-allahabad,8011,ucdb-name
ind-nashik,8012,ucdb-name
chn-kunming,8013,ucdb-name
idn-bima,8014,ucdb-name
usa-reading,8015,ucdb-name
bra-macae,8016,ucdb-name
nga-upenekang,8017,ucdb-name
pak-zafarwal,8018,ucdb-name
ind-shamli,8019,ucdb-name
chn-yuanping,8020,ucdb-name
idn-mamuju,8021,ucdb-name
usa-chester,8022,ucdb-name
bra-senhor_do_bonfim,8023,ucdb-name
nga-kwa_ibo,8024,ucdb-name
pak-narowal,8025,ucdb-name
ind-bahalgarh,8026,ucdb-name
chn-xiaolong,8027,ucdb-name
idn-majene,8028,ucdb-name
usa-philadelphia,8029,ucdb-name
bra-itapipoca,8030,ucdb-name
nga-uquo,8031,ucdb-name
pak-mustafabad,8032,ucdb-name
ind-lonavala,8033,ucdb-name
chn-hunyuan,8034,ucdb-name
idn-makassar,8035,ucdb-name
usa-rochester-2,8036,ucdb-name
bra-campos_dos_goytacazes,8037,ucdb-name
nga-abakaliki,8038,ucdb-name
pak-kasur,8039,ucdb-name
ind-kandhla,8040,ucdb-name
chn-huyi,8041,ucdb-name
idn-labuan_bajo,8042,ucdb-name
usa-norristown,8043,ucdb-name
bra-cachoeiro_de_itapemirim,8044,ucdb-name
nga-ugep,8045,ucdb-name
pak-pangalah,8046,ucdb-name
ind-rasoi,8047,ucdb-name
chn-nehe,8048,ucdb-name
idn-bumi_mulyo,8049,ucdb-name
usa-allentown,8050,ucdb-name
bra-jequie,8051,ucdb-name
nga-otukpo,8052,ucdb-name
pak-shakar_garh,8053,ucdb-name
ind-bhiwadi,8054,ucdb-name
chn-longjiang,8055,ucdb-name
idn-pekkabata,8056,ucdb-name
usa-wilkes_barre,8057,ucdb-name
bra-itapetinga,8058,ucdb-name
nga-zango_bichi,8059,ucdb-name
ind-bundi,8060,ucdb-name
chn-yangyuan,8061,ucdb-name
idn-waingapu,8062,ucdb-name
usa-bethlehem,8063,ucdb-name
bra-crato,8064,ucdb-name
nga-sabuwar_abuja,8065,ucdb-name
ind-sela_kui,8066,ucdb-name
chn-xixiang,8067,ucdb-name
idn-polewali,8068,ucdb-name
usa-bensalem_township,8069,ucdb-name
bra-colatina,8070,ucdb-name
nga-okopedi,8071,ucdb-name
ind-khairthal,8072,ucdb-name
chn-yuanjiang,8073,ucdb-name
idn-pangkajene,8074,ucdb-name
usa-levittown,8075,ucdb-name
bra-iguatu,8076,ucdb-name
nga-ikara,8077,ucdb-name
ind-khushkhera,8078,ucdb-name
chn-fuping_county,8079,ucdb-name
idn-pare_pare,8080,ucdb-name
usa-easton,8081,ucdb-name
bra-juazeiro_do_norte,8082,ucdb-name
nga-tarzoho,8083,ucdb-name
ind-nandurbar,8084,ucdb-name
chn-yuxia,8085,ucdb-name
idn-pinrang,8086,ucdb-name
usa-scranton,8087,ucdb-name
bra-quixada,8088,ucdb-name
nga-daura,8089,ucdb-name
ind-baraut,8090,ucdb-name
chn-qingjiang,8091,ucdb-name
idn-pangkajene-2,8092,ucdb-name
usa-trenton,8093,ucdb-name
bra-guarapari,8094,ucdb-name
nga-pambeguwa,8095,ucdb-name
ind-baghpat,8096,ucdb-name
chn-fanshi,8097,ucdb-name
idn-bantaeng,8098,ucdb-name
usa-new_york,8099,k15-roster
bra-vitoria,8100,ucdb-name
nga-oron,8101,ucdb-name
ind-alwar,8102,ucdb-name
chn-uc8103,8103,ucdb-id
idn-ruteng,8104,ucdb-name
usa-beachwood,8105,ucdb-name
bra-aracruz,8106,ucdb-name
nga-kafanchan,8107,ucdb-name
ind-dausa,8108,ucdb-name
chn-junlian,8109,ucdb-name
idn-watansoppeng,8110,ucdb-name
usa-lakewood_township,8111,ucdb-name
bra-serra,8112,ucdb-name
nga-udung_uko,8113,ucdb-name
ind-chutmalpur,8114,ucdb-name
chn-tongnan,8115,ucdb-name
idn-rantepao,8116,ucdb-name
usa-point_pleasant,8117,ucdb-name
bra-fazendinha_13,8118,ucdb-name
nga-kazaure,8119,ucdb-name
ind-dehradun,8120,ucdb-name
chn-gong,8121,ucdb-name
idn-bulukumba,8122,ucdb-name
usa-syracuse,8123,ucdb-name
bra-colina_de_laranjeiras,8124,ucdb-name
nga-kano,8125,ucdb-name
ind-baghpat_road,8126,ucdb-name
chn-baishui,8127,ucdb-name
idn-palu,8128,ucdb-name
usa-asbury_park,8129,ucdb-name
bra-fazenda_zucchi,8130,ucdb-name
nga-doma,8131,ucdb-name
ind-pimpalgaon_basvant,8132,ucdb-name
chn-longchang,8133,ucdb-name
idn-sengkang,8134,ucdb-name
usa-spring_valley,8135,ucdb-name
bra-santo_antonio_de_jesus,8136,ucdb-name
nga-tudun_wada,8137,ucdb-name
ind-rawatbhata,8138,ucdb-name
chn-peng_an,8139,ucdb-name
idn-sinjai,8140,ucdb-name
usa-white_plains,8141,ucdb-name
bra-linhares,8142,ucdb-name
nga-calabar,8143,ucdb-name
ind-jaora,8144,ucdb-name
chn-jinning,8145,ucdb-name
idn-watampone,8146,ucdb-name
usa-stamford,8147,ucdb-name
bra-maranguape,8148,ucdb-name
nga-james_town,8149,ucdb-name
ind-bhagwanpur,8150,ucdb-name
chn-nanxi,8151,ucdb-name
idn-palopo,8152,ucdb-name
usa-huntington_station,8153,ucdb-name
bra-fortaleza,8154,ucdb-name
nga-kagoro,8155,ucdb-name
ind-ratlam,8156,ucdb-name
chn-gaoling,8157,ucdb-name
idn-poso,8158,ucdb-name
usa-norwalk,8159,ucdb-name
bra-teixeira_de_freitas,8160,ucdb-name
nga-rimin_daddo,8161,ucdb-name
ind-deoband,8162,ucdb-name
chn-hangkongjidi,8163,ucdb-name
idn-ende,8164,ucdb-name
usa-lake_ronkonkoma,8165,ucdb-name
bra-eunapolis,8166,ucdb-name
nga-akwanga,8167,ucdb-name
ind-budhana,8168,ucdb-name
chn-yuxi,8169,ucdb-name
idn-tolitoli,8170,ucdb-name
usa-selden,8171,ucdb-name
bra-sao_mateus,8172,ucdb-name
nga-zango,8173,ucdb-name
ind-goondpur,8174,ucdb-name
chn-chenggong,8175,ucdb-name
idn-maumere,8176,ucdb-name
usa-bridgeport,8177,ucdb-name
bra-itabuna,8178,ucdb-name
nga-oju,8179,ucdb-name
ind-bhondsi,8180,ucdb-name
chn-songming,8181,ucdb-name
idn-kolaka,8182,ucdb-name
usa-new_haven,8183,ucdb-name
bra-horizonte,8184,ucdb-name
nga-dambatta,8185,ucdb-name
ind-shahada,8186,ucdb-name
chn-gujiao,8187,ucdb-name
idn-ampana,8188,ucdb-name
usa-schenectady,8189,ucdb-name
bra-feira_de_santana,8190,ucdb-name
nga-aliade,8191,ucdb-name
ind-talegaon_dabhade,8192,ucdb-name
chn-wuxing,8193,ucdb-name
idn-unaaha,8194,ucdb-name
usa-waterbury,8195,ucdb-name
bra-valenca,8196,ucdb-name
nga-lafia,8197,ucdb-name
ind-sinnar,8198,ucdb-name
chn-changning,8199,ucdb-name
idn-pohon_sirih,8200,ucdb-name
usa-albany,8201,ucdb-name
bra-pacajus,8202,ucdb-name
nga-makurdi,8203,ucdb-name
ind-rajgarh-2,8204,ucdb-name
chn-yingshan,8205,ucdb-name
idn-baubau,8206,ucdb-name
usa-troy,8207,ucdb-name
bra-ilheus,8208,ucdb-name
nga-yanbarau,8209,ucdb-name
ind-lalsot,8210,ucdb-name
chn-xinzhou,8211,ucdb-name
idn-kendari,8212,ucdb-name
usa-new_britain,8213,ucdb-name
bra-vila_jardim,8214,ucdb-name
nga-unguwar_findi,8215,ucdb-name
ind-sohna,8216,ucdb-name
chn-pucheng,8217,ucdb-name
idn-kupang,8218,ucdb-name
usa-hartford,8219,ucdb-name
bra-serra_talhada,8220,ucdb-name
nga-nassarawan_eggon,8221,ucdb-name
ind-nuh,8222,ucdb-name
chn-tongjiang_county,8223,ucdb-name
idn-raha,8224,ucdb-name
usa-springfield-2,8225,ucdb-name
bra-candeias,8226,ucdb-name
ind-bandikui,8228,ucdb-name
chn-shahe,8229,ucdb-name
idn-lewoleba,8230,ucdb-name
usa-worcester,8231,ucdb-name
bra-paulo_afonso,8232,ucdb-name
nga-ihalav,8233,ucdb-name
ind-kota,8234,ucdb-name
chn-beitian,8235,ucdb-name
idn-luwuk,8236,ucdb-name
usa-providence-2,8237,ucdb-name
bra-salvador,8238,k15-roster
nga-samunakar,8239,ucdb-name
ind-roorkee,8240,ucdb-name
chn-dazu,8241,ucdb-name
idn-gorontalo,8242,ucdb-name
usa-fall_river,8243,ucdb-name
bra-alagoinhas,8244,ucdb-name
nga-ikom,8245,ucdb-name
ind-ratnagiri,8246,ucdb-name
chn-lu,8247,ucdb-name
idn-soe,8248,ucdb-name
usa-new_bedford,8249,ucdb-name
bra-simoes_filho,8250,ucdb-name
nga-unguwar_arewa,8251,ucdb-name
ind-muzaffarnagar,8252,ucdb-name
chn-xundian,8253,ucdb-name
idn-kefamenanu,8254,ucdb-name
usa-boston,8255,ucdb-name
bra-dias_d_avila,8256,ucdb-name
nga-okuku_lepuole,8257,ucdb-name
ind-pune,8258,ucdb-name
chn-xuanhua,8259,ucdb-name
idn-kalabahi,8260,ucdb-name
usa-brockton,8261,ucdb-name
bra-camacari,8262,ucdb-name
nga-jos,8263,ucdb-name
ind-sikandra,8264,ucdb-name
chn-rongchang,8265,ucdb-name
idn-atambua,8266,ucdb-name
usa-lowell,8267,ucdb-name
bra-mossoro,8268,ucdb-name
nga-ogoja,8269,ucdb-name
ind-chakan,8270,ucdb-name
chn-lintong,8271,ucdb-name
idn-kotamobagu,8272,ucdb-name
usa-manchester,8273,ucdb-name
bra-lagarto,8274,ucdb-name
nga-barakin_gangare,8275,ucdb-name
ind-sardhana,8276,ucdb-name
chn-pingchang_county,8277,ucdb-name
idn-amurang,8278,ucdb-name
usa-lawrence-3,8279,ucdb-name
bra-patos,8280,ucdb-name
nga-zango-2,8281,ucdb-name
ind-dondaicha,8282,ucdb-name
chn-fenyang,8283,ucdb-name
idn-manado,8284,ucdb-name
usa-lynn,8285,ucdb-name
bra-itabaiana,8286,ucdb-name
nga-unguwar_mahaukci,8287,ucdb-name
ind-chiplun,8288,ucdb-name
chn-longshui,8289,ucdb-name
idn-lowian,8290,ucdb-name
usa-peabody,8291,ucdb-name
bra-estancia,8292,ucdb-name
nga-tungan_fulani,8293,ucdb-name
ind-haridwar,8294,ucdb-name
chn-chengcheng,8295,ucdb-name
idn-tomohon,8296,ucdb-name
usa-portland-2,8297,ucdb-name
bra-caico,8298,ucdb-name
nga-bokkos,8299,ucdb-name
ind-khatauli,8300,ucdb-name
chn-jiangchuan,8301,ucdb-name
idn-tondano,8302,ucdb-name
bra-arcoverde,8303,ucdb-name
nga-gboko,8304,ucdb-name
ind-meerut,8305,ucdb-name
chn-wusheng,8306,ucdb-name
idn-bitung,8307,ucdb-name
bra-b_parque_dos_farois,8308,ucdb-name
nga-vandeikya_town,8309,ucdb-name
ind-sawai_madhopur,8310,ucdb-name
chn-guangling,8311,ucdb-name
idn-sanana,8312,ucdb-name
bra-aracaju,8313,ucdb-name
nga-ringim,8314,ucdb-name
ind-barwani,8315,ucdb-name
chn-yuechi,8316,ucdb-name
idn-ternate,8317,ucdb-name
bra-arapiraca,8318,ucdb-name
nga-mongu_arna,8319,ucdb-name
ind-laksar,8320,ucdb-name
chn-shiping,8321,ucdb-name
idn-labuha,8322,ucdb-name
bra-garanhuns,8323,ucdb-name
nga-obudu,8324,ucdb-name
ind-daurala,8325,ucdb-name
chn-taiyuan,8326,ucdb-name
idn-tobelo,8327,ucdb-name
bra-belo_jardim,8328,ucdb-name
nga-adikpo,8329,ucdb-name
ind-nagda,8330,ucdb-name
chn-weinan,8331,ucdb-name
idn-ambon,8332,ucdb-name
bra-santa_cruz_do_capibaribe,8333,ucdb-name
nga-dutse,8334,ucdb-name
ind-sangamner,8335,ucdb-name
chn-luzhou,8336,ucdb-name
idn-masohi,8337,ucdb-name
bra-sao_miguel_dos_campos,8338,ucdb-name
nga-katsina_ala,8339,ucdb-name
ind-greater_noida,8340,ucdb-name
chn-tonghai,8341,ucdb-name
idn-sorong,8342,ucdb-name
bra-caruaru,8343,ucdb-name
nga-gumel,8344,ucdb-name
ind-palwal,8345,ucdb-name
chn-wutai,8346,ucdb-name
idn-fakfak,8347,ucdb-name
bra-campina_grande,8348,ucdb-name
nga-ugba,8349,ucdb-name
ind-rishikesh,8350,ucdb-name
chn-wenshui,8351,ucdb-name
idn-tual,8352,ucdb-name
bra-maceio,8353,ucdb-name
nga-maigatari,8354,ucdb-name
ind-malegaon,8355,ucdb-name
chn-xiaoyi,8356,ucdb-name
idn-dobo,8357,ucdb-name
bra-gravata,8358,ucdb-name
nga-gwolong,8359,ucdb-name
ind-bhawani_mandi,8360,ucdb-name
chn-yiliang-2,8361,ucdb-name
idn-manokwari,8362,ucdb-name
bra-natal,8363,ucdb-name
nga-birnin_kudu,8364,ucdb-name
ind-manmad,8365,ucdb-name
chn-ulanhot,8366,ucdb-name
idn-nabire,8367,ucdb-name
bra-parnamirim,8368,ucdb-name
nga-bununu_dass,8369,ucdb-name
ind-ramganj_mandi,8370,ucdb-name
chn-jiaocheng,8371,ucdb-name
idn-biak_kota,8372,ucdb-name
bra-vitoria_de_santo_antao,8373,ucdb-name
nga-ningi,8374,ucdb-name
ind-manawar,8375,ucdb-name
chn-naxi,8376,ucdb-name
idn-serui_kota,8377,ucdb-name
bra-carpina,8378,ucdb-name
nga-shendam,8379,ucdb-name
ind-miranpur,8380,ucdb-name
chn-jalaid,8381,ucdb-name
idn-enarotali,8382,ucdb-name
bra-escada,8383,ucdb-name
nga-tafawa_balewa,8384,ucdb-name
ind-mahwa,8385,ucdb-name
chn-tongliang,8386,ucdb-name
idn-timika,8387,ucdb-name
bra-recife,8388,ucdb-name
nga-jahun,8389,ucdb-name
ind-gangapur_city,8390,ucdb-name
chn-dongsheng-2,8391,ucdb-name
idn-ilaga,8392,ucdb-name
bra-goiana,8393,ucdb-name
nga-zaki_biam,8394,ucdb-name
ind-kherli,8395,ucdb-name
chn-weining,8396,ucdb-name
idn-agats,8397,ucdb-name
bra-cabo_de_santo_agostinho,8398,ucdb-name
nga-bauchi,8399,ucdb-name
ind-hapur,8400,ucdb-name
chn-fula_erji,8401,ucdb-name
idn-mulia,8402,ucdb-name
bra-joao_pessoa,8403,ucdb-name
nga-langtang,8404,ucdb-name
ind-shirpur,8405,ucdb-name
chn-bairin_right_banner,8406,ucdb-name
bra-ponte_dos_carvalhos,8408,ucdb-name
nga-wukari,8409,ucdb-name
ind-mawana,8410,ucdb-name
chn-heyang,8411,ucdb-name
idn-wamena,8412,ucdb-name
nga-malummaduri,8413,ucdb-name
ind-hodal,8414,ucdb-name
chn-lantian,8415,ucdb-name
idn-kobakma,8416,ucdb-name
nga-kafin_hausa,8417,ucdb-name
ind-dhar,8418,ucdb-name
chn-guang_an,8419,ucdb-name
nga-gwaram,8421,ucdb-name
ind-dhule,8422,ucdb-name
chn-hechuan,8423,ucdb-name
idn-elelim,8424,ucdb-name
nga-jamaari,8425,ucdb-name
ind-shikrapur,8426,ucdb-name
chn-qiqihar,8427,ucdb-name
idn-merauke,8428,ucdb-name
nga-hadejia,8429,ucdb-name
ind-kaman,8430,ucdb-name
chn-xiangning,8431,ucdb-name
idn-sentani,8432,ucdb-name
nga-dengi,8433,ucdb-name
ind-sikandarabad,8434,ucdb-name
chn-yongchuan,8435,ucdb-name
idn-abepura,8436,ucdb-name
nga-takum,8437,ucdb-name
ind-kopargaon,8438,ucdb-name
chn-hancheng,8439,ucdb-name
idn-jayapura,8440,ucdb-name
nga-azare,8441,ucdb-name
ind-mehidpur,8442,ucdb-name
chn-yuxian,8443,ucdb-name
nga-giade,8444,ucdb-name
ind-sainagar,8445,ucdb-name
chn-huaning,8446,ucdb-name
nga-alkalere,8447,ucdb-name
ind-bijnor,8448,ucdb-name
chn-lingqiu,8449,ucdb-name
nga-nguru,8450,ucdb-name
ind-kiratpur,8451,ucdb-name
chn-dali-3,8452,ucdb-name
nga-katsiro,8453,ucdb-name
ind-sendhwa,8454,ucdb-name
chn-jiexiu,8455,ucdb-name
nga-misau,8456,ucdb-name
ind-gulavthi,8457,ucdb-name
chn-fenxi,8458,ucdb-name
nga-gamawa,8459,ucdb-name
ind-kosi_kalan,8460,ucdb-name
chn-qingjian_jiedao,8461,ucdb-name
nga-dambam,8462,ucdb-name
ind-jhalawar,8463,ucdb-name
chn-shilin,8464,ucdb-name
nga-dukku,8465,ucdb-name
ind-satara,8466,ucdb-name
chn-xuanwei,8467,ucdb-name
nga-mutum_biyu,8468,ucdb-name
ind-deeg,8469,ucdb-name
chn-qu,8470,ucdb-name
nga-gashua,8471,ucdb-name
ind-hindaun,8472,ucdb-name
chn-huazhou,8473,ucdb-name
nga-dogari_tiv,8474,ucdb-name
ind-najibabad,8475,ucdb-name
chn-weixin,8476,ucdb-name
nga-potiskum,8477,ucdb-name
ind-kotdwar,8478,ucdb-name
chn-pingyao,8479,ucdb-name
nga-kundulun,8480,ucdb-name
ind-bulandshahr,8481,ucdb-name
chn-hejin,8482,ucdb-name
nga-biliri,8483,ucdb-name
ind-karauli,8484,ucdb-name
chn-qujing,8485,ucdb-name
nga-titi,8486,ucdb-name
ind-sheopur,8487,ucdb-name
chn-chengjiang,8488,ucdb-name
nga-damagum,8489,ucdb-name
ind-sagorkuti,8490,ucdb-name
chn-qi,8491,ucdb-name
nga-kaltungo,8492,ucdb-name
ind-amalner,8493,ucdb-name
chn-zhanyi,8494,ucdb-name
nga-gembu,8495,ucdb-name
ind-govardhan,8496,ucdb-name
chn-jianshui,8497,ucdb-name
nga-jalingo,8498,ucdb-name
ind-ujjain,8499,ucdb-name
chn-zhenxiong,8500,ucdb-name
nga-bajoga,8501,ucdb-name
ind-shrirampur,8502,ucdb-name
chn-bishan,8503,ucdb-name
nga-serti,8504,ucdb-name
ind-srinagar-2,8505,ucdb-name
chn-jinzhong,8506,ucdb-name
nga-ashaka,8507,ucdb-name
ind-baran,8508,ucdb-name
chn-hezhang,8509,ucdb-name
nga-zinna,8510,ucdb-name
ind-garhmuktesar,8511,ucdb-name
chn-beibei,8512,ucdb-name
nga-ibrahim_baidu,8513,ucdb-name
ind-khurja,8514,ucdb-name
chn-qingmuguan,8515,ucdb-name
nga-geidam,8516,ucdb-name
ind-chandpur,8517,ucdb-name
chn-zengjia,8518,ucdb-name
nga-damaturu,8519,ucdb-name
ind-agar,8520,ucdb-name
chn-huailai,8521,ucdb-name
nga-guyuk,8522,ucdb-name
ind-nagina,8523,ucdb-name
chn-huozhou,8524,ucdb-name
nga-buni_yadi,8525,ucdb-name
ind-bayana,8526,ucdb-name
chn-wanyuan,8527,ucdb-name
nga-shellem,8528,ucdb-name
ind-nahtaur,8529,ucdb-name
chn-hejiang,8530,ucdb-name
nga-numan,8531,ucdb-name
ind-siyana,8532,ucdb-name
chn-luliang-2,8533,ucdb-name
nga-maya_belwa,8534,ucdb-name
ind-pithampur,8535,ucdb-name
chn-dazhou,8536,ucdb-name
nga-sangasumi,8537,ucdb-name
ind-dhanaura,8538,ucdb-name
chn-chishui,8539,ucdb-name
nga-biu,8540,ucdb-name
ind-chalisgaon,8541,ucdb-name
chn-xuyong,8542,ucdb-name
nga-yola,8543,ucdb-name
ind-bharatpur,8544,ucdb-name
chn-taigu,8545,ucdb-name
nga-benisheikh,8546,ucdb-name
ind-khair,8547,ucdb-name
chn-jingguan,8548,ucdb-name
nga-dakri,8549,ucdb-name
ind-vrindavan,8550,ucdb-name
chn-uc8551,8551,ucdb-id
nga-song,8552,ucdb-name
ind-gajraula,8553,ucdb-name
chn-caijiagang,8554,ucdb-name
nga-gubio,8555,ucdb-name
ind-mathura,8556,ucdb-name
chn-chongqing,8557,ucdb-name
nga-damboa,8558,ucdb-name
ind-karad,8559,ucdb-name
nga-gombi,8561,ucdb-name
ind-arpora,8562,ucdb-name
chn-sanchahe,8563,ucdb-name
nga-maiduguri,8564,ucdb-name
ind-indore,8565,ucdb-name
chn-jishan,8566,ucdb-name
nga-uba,8567,ucdb-name
ind-chopda,8568,ucdb-name
chn-dazhu,8569,ucdb-name
nga-mubi,8570,ucdb-name
ind-noorpur,8571,ucdb-name
chn-zheba,8572,ucdb-name
nga-michika,8573,ucdb-name
ind-kedgaon,8574,ucdb-name
chn-mile,8575,ucdb-name
nga-monguno,8576,ucdb-name
ind-shikarpur,8577,ucdb-name
chn-huayin,8578,ucdb-name
nga-madagali,8579,ucdb-name
ind-dhampur,8580,ucdb-name
chn-linshui,8581,ucdb-name
nga-kasugula_bama,8582,ucdb-name
ind-panaji,8583,ucdb-name
chn-linfen,8584,ucdb-name
nga-gwoza,8585,ucdb-name
ind-jahangirabad,8586,ucdb-name
chn-wanrong,8587,ucdb-name
nga-baga,8588,ucdb-name
ind-vasco_da_gama,8589,ucdb-name
chn-baisha,8590,ucdb-name
nga-pulka,8591,ucdb-name
ind-phaltan,8592,ucdb-name
chn-yi_an,8593,ucdb-name
nga-doro_gowon,8594,ucdb-name
ind-hasanpur,8595,ucdb-name
chn-shouyang,8596,ucdb-name
nga-dikwa,8597,ucdb-name
ind-sherkot,8598,ucdb-name
chn-yongji,8599,ucdb-name
nga-gamboru,8600,ucdb-name
ind-daund,8601,ucdb-name
chn-xuanhan,8602,ucdb-name
nga-banki,8603,ucdb-name
ind-khargone,8604,ucdb-name
chn-xipeng,8605,ucdb-name
ind-bhadgaon,8606,ucdb-name
chn-hongtong,8607,ucdb-name
ind-islampur,8608,ucdb-name
chn-fengning,8609,ucdb-name
ind-kannad,8610,ucdb-name
chn-yu,8611,ucdb-name
ind-seohara,8612,ucdb-name
chn-laiyuan,8613,ucdb-name
ind-dewas,8614,ucdb-name
chn-muguo,8615,ucdb-name
ind-kolhapur,8616,ucdb-name
chn-wangjiazhai,8617,ucdb-name
ind-amroha,8618,ucdb-name
ind-aklera,8620,ucdb-name
chn-kaiyuan,8621,ucdb-name
ind-baramati,8622,ucdb-name
chn-linyi,8623,ucdb-name
ind-fatehpur_sikri,8624,ucdb-name
chn-fuyuan,8625,ucdb-name
ind-aligarh,8626,ucdb-name
chn-xiangfen,8627,ucdb-name
ind-iglas,8628,ucdb-name
chn-liupanshui,8629,ucdb-name
ind-margao,8630,ucdb-name
chn-uc8631,8631,ucdb-id
ind-anupshahr,8632,ucdb-name
chn-xinjiang,8633,ucdb-name
ind-pachora,8634,ucdb-name
chn-ankang,8635,ucdb-name
ind-shiroli,8636,ucdb-name
chn-gejiu,8637,ucdb-name
ind-shajapur,8638,ucdb-name
chn-yanqing,8639,ucdb-name
ind-kanth,8640,ucdb-name
chn-luxi,8641,ucdb-name
ind-dibai,8642,ucdb-name
chn-nan_an,8643,ucdb-name
ind-ponda,8644,ucdb-name
chn-bijie,8645,ucdb-name
ind-sabalgarh,8646,ucdb-name
chn-shichuan,8647,ucdb-name
ind-jalgaon,8648,ucdb-name
chn-houma,8649,ucdb-name
ind-kiraoli,8650,ucdb-name
chn-jieshi,8651,ucdb-name
ind-hathras,8652,ucdb-name
chn-tailai,8653,ucdb-name
ind-bari,8654,ucdb-name
chn-jarud,8655,ucdb-name
ind-jaspur,8656,ucdb-name
chn-haizijie,8657,ucdb-name
ind-sasni,8658,ucdb-name
ind-agra,8660,ucdb-name
chn-gulin,8661,ucdb-name
ind-waladgaon,8662,ucdb-name
chn-keshan,8663,ucdb-name
ind-atrauli,8664,ucdb-name
chn-nanba,8665,ucdb-name
ind-moradabad,8666,ucdb-name
chn-weichang,8667,ucdb-name
ind-kheragarh,8668,ucdb-name
chn-shangluo,8669,ucdb-name
ind-sarangpur,8670,ucdb-name
chn-shizong,8671,ucdb-name
ind-chhatrapati_sambhajinagar,8672,ucdb-name
chn-kaijiang,8673,ucdb-name
ind-sambhal,8674,ucdb-name
chn-panzhou,8675,ucdb-name
ind-sadabad,8676,ucdb-name
chn-yangquan,8677,ucdb-name
ind-barwaha,8678,ucdb-name
chn-luonan,8679,ucdb-name
ind-ichalkaranji,8680,ucdb-name
chn-dianjiang,8681,ucdb-name
ind-nippani,8682,ucdb-name
chn-wenxi,8683,ucdb-name
ind-gadahinglaj,8684,ucdb-name
chn-yuncheng,8685,ucdb-name
ind-thakurdwara,8686,ucdb-name
chn-quwo,8687,ucdb-name
ind-yawal,8688,ucdb-name
chn-ruicheng,8689,ucdb-name
ind-kailaras,8690,ucdb-name
chn-ongniud,8691,ucdb-name
ind-sanawad,8692,ucdb-name
chn-changshou,8693,ucdb-name
ind-sangli,8694,ucdb-name
chn-wenlan,8695,ucdb-name
ind-shevgaon,8696,ucdb-name
chn-shuanglong,8697,ucdb-name
ind-jaysingpur,8698,ucdb-name
chn-qijiang,8699,ucdb-name
ind-karwar,8700,ucdb-name
chn-yicheng,8701,ucdb-name
ind-dhaulpur,8702,ucdb-name
chn-bei_an,8703,ucdb-name
ind-bhusawal,8704,ucdb-name
chn-xishui,8705,ucdb-name
ind-bahjoi,8706,ucdb-name
chn-lindian,8707,ucdb-name
ind-dhakia_jumma,8708,ucdb-name
chn-pingding_county,8709,ucdb-name
ind-faizpur,8710,ucdb-name
chn-shanyang,8711,ucdb-name
ind-tanda,8712,ucdb-name
chn-xia,8713,ucdb-name
ind-sahaspur,8714,ucdb-name
chn-xunyang,8715,ucdb-name
ind-jamner,8716,ucdb-name
chn-liangping,8717,ucdb-name
ind-kher_khata,8718,ucdb-name
chn-nankou,8719,ucdb-name
ind-sikandra_rao,8720,ucdb-name
chn-jinping,8721,ucdb-name
ind-joura,8722,ucdb-name
chn-yushe,8723,ucdb-name
ind-paithan,8724,ucdb-name
chn-qin,8725,ucdb-name
ind-sillod,8726,ucdb-name
chn-jiangxian,8727,ucdb-name
ind-belagavi,8728,ucdb-name
chn-luoping,8729,ucdb-name
ind-jalesar,8730,ucdb-name
chn-dafang,8731,ucdb-name
ind-chandausi,8732,ucdb-name
chn-nayong,8733,ucdb-name
ind-shamsabad,8734,ucdb-name
chn-pingshan,8735,ucdb-name
ind-tundla,8736,ucdb-name
chn-changping,8737,ucdb-name
ind-biaora,8738,ucdb-name
chn-longqiao,8739,ucdb-name
ind-shujalpur,8740,ucdb-name
chn-huiminxiang,8741,ucdb-name
ind-suar,8742,ucdb-name
chn-baicheng,8743,ucdb-name
ind-islamnagar,8744,ucdb-name
chn-beijing,8745,ucdb-name
ind-akluj,8746,ucdb-name
chn-jingxing_mining,8747,ucdb-name
ind-saifni,8748,ucdb-name
ind-chachaura_binaganj,8750,ucdb-name
chn-lingbao,8751,ucdb-name
ind-bajpur,8752,ucdb-name
chn-zhenlai,8753,ucdb-name
ind-morena,8754,ucdb-name
chn-shanzhou,8755,ucdb-name
ind-raver,8756,ucdb-name
chn-pinglu-2,8757,ucdb-name
ind-rampur,8758,ucdb-name
chn-lingshou,8759,ucdb-name
ind-guna,8760,ucdb-name
chn-xiyang,8761,ucdb-name
ind-kasganj,8762,ucdb-name
chn-sanmenxia,8763,ucdb-name
ind-sahaswan,8764,ucdb-name
chn-kaizhou,8765,ucdb-name
ind-firozabad,8766,ucdb-name
chn-quyang,8767,ucdb-name
ind-fatehabad-2,8768,ucdb-name
chn-xingtang,8769,ucdb-name
ind-ashta,8770,ucdb-name
chn-wansheng,8771,ucdb-name
ind-gadarpur,8772,ucdb-name
chn-yixian,8773,ucdb-name
ind-shivpuri,8774,ucdb-name
chn-yuanqu,8775,ucdb-name
ind-khandwa,8776,ucdb-name
chn-danfeng,8777,ucdb-name
ind-sahabad,8778,ucdb-name
chn-tang,8779,ucdb-name
ind-burhanpur,8780,ucdb-name
chn-nanchuan,8781,ucdb-name
ind-kumta,8782,ucdb-name
chn-fangshan,8783,ucdb-name
ind-bisauli,8784,ucdb-name
chn-qiubei,8785,ucdb-name
ind-soron,8786,ucdb-name
chn-heshun,8787,ucdb-name
ind-ambah,8788,ucdb-name
chn-shijiazhuang,8789,ucdb-name
ind-bamaur,8790,ucdb-name
chn-anzhou,8791,ucdb-name
ind-gokak,8792,ucdb-name
chn-huairou,8793,ucdb-name
ind-etah,8794,ucdb-name
chn-zhoukoudian,8795,ucdb-name
ind-bilaspur,8796,ucdb-name
chn-chifeng,8797,ucdb-name
chn-zuoquan,8799,ucdb-name
ind-honnavar,8800,ucdb-name
chn-taonan,8801,ucdb-name
ind-milak,8802,ucdb-name
chn-laishui,8803,ucdb-name
ind-jalna,8804,ucdb-name
chn-baiquan,8805,ucdb-name
ind-gwalior,8806,ucdb-name
chn-shuijiang,8807,ucdb-name
ind-ambad,8808,ucdb-name
chn-xinle,8809,ucdb-name
ind-almora,8810,ucdb-name
chn-fengdu,8811,ucdb-name
ind-haldwani,8812,ucdb-name
chn-liuzhi,8813,ucdb-name
ind-rudrapur,8814,ucdb-name
chn-mancheng,8815,ucdb-name
ind-malkapur,8816,ucdb-name
chn-wanzhou,8817,ucdb-name
ind-porsa,8818,ucdb-name
chn-renhuai,8819,ucdb-name
ind-athani,8820,ucdb-name
chn-miyun,8821,ucdb-name
ind-pandharpur,8822,ucdb-name
chn-zhengding,8823,ucdb-name
ind-bailhongal,8824,ucdb-name
chn-zhong,8825,ucdb-name
ind-shikohabad,8826,ucdb-name
chn-xingyi,8827,ucdb-name
ind-georai,8828,ucdb-name
chn-jinsha,8829,ucdb-name
ind-ujhani,8830,ucdb-name
chn-dingzhou,8831,ucdb-name
ind-malanpur,8832,ucdb-name
chn-zhijin,8833,ucdb-name
ind-buldhana,8834,ucdb-name
chn-xiangyuan,8835,ucdb-name
ind-lalkuan,8836,ucdb-name
chn-congyuancun,8837,ucdb-name
ind-aonla,8838,ucdb-name
chn-qianxi,8839,ucdb-name
ind-bhatkal,8840,ucdb-name
chn-zhuozhou,8841,ucdb-name
ind-sehore,8842,ucdb-name
chn-ranghulu,8843,ucdb-name
ind-beed,8844,ucdb-name
chn-gaobeidian,8845,ucdb-name
ind-ganj_dundwara,8846,ucdb-name
chn-dingxing,8847,ucdb-name
ind-rabakavi_banahatti,8848,ucdb-name
chn-changling,8849,ucdb-name
ind-bah,8850,ucdb-name
chn-xingren,8851,ucdb-name
ind-badaun,8852,ucdb-name
chn-baoding,8853,ucdb-name
ind-sirsaganj,8854,ucdb-name
chn-tongzi,8855,ucdb-name
ind-baheri,8856,ucdb-name
chn-puding,8857,ucdb-name
ind-gohad,8858,ucdb-name
chn-xushui_district,8859,ucdb-name
ind-bareilly,8860,ucdb-name
ind-chikhli,8862,ucdb-name
chn-yunyang,8863,ucdb-name
ind-ashoknagar,8864,ucdb-name
chn-yanshan,8865,ucdb-name
ind-dharwad,8866,ucdb-name
chn-wenshan,8867,ucdb-name
ind-barshi,8868,ucdb-name
chn-shuangluan,8869,ucdb-name
ind-sirsi,8870,ucdb-name
chn-zhangzi,8871,ucdb-name
ind-jalgaon_jamod,8872,ucdb-name
chn-shizhu,8873,ucdb-name
ind-nandura,8874,ucdb-name
chn-mianchi,8875,ucdb-name
ind-jamakhandi,8876,ucdb-name
chn-sartu,8877,ucdb-name
ind-berasia,8878,ucdb-name
chn-songzhuang,8879,ucdb-name
ind-saundatti,8880,ucdb-name
chn-haozhuang,8881,ucdb-name
ind-dabra,8882,ucdb-name
chn-yuanshi,8883,ucdb-name
ind-kakrala,8884,ucdb-name
chn-yangcheng,8885,ucdb-name
ind-bhopal,8886,ucdb-name
chn-mingshui,8887,ucdb-name
ind-mudhol,8888,ucdb-name
chn-luancheng,8889,ucdb-name
ind-kundapura,8890,ucdb-name
chn-wuji,8891,ucdb-name
ind-sitarganj,8892,ucdb-name
chn-lucheng,8893,ucdb-name
ind-mahgawan,8894,ucdb-name
chn-changzhi,8895,ucdb-name
ind-sironj,8896,ucdb-name
chn-wulong,8897,ucdb-name
ind-khamgaon,8898,ucdb-name
chn-zhenning,8899,ucdb-name
ind-hubli,8900,ucdb-name
chn-babaishang,8901,ucdb-name
ind-udupi,8902,ucdb-name
chn-chengde,8903,ucdb-name
ind-mainpuri,8904,ucdb-name
chn-daqing,8905,ucdb-name
ind-harda,8906,ucdb-name
chn-gu_an,8907,ucdb-name
ind-partur,8908,ucdb-name
chn-anshun,8909,ucdb-name
ind-nawabganj,8910,ucdb-name
chn-rongcheng,8911,ucdb-name
ind-karhal,8912,ucdb-name
chn-gaocheng,8913,ucdb-name
ind-ramdurg,8914,ucdb-name
chn-licheng,8915,ucdb-name
ind-aliganj,8916,ucdb-name
chn-yima,8917,ucdb-name
ind-jaswantnagar,8918,ucdb-name
chn-yunxi,8919,ucdb-name
ind-bhind,8920,ucdb-name
chn-zhangjiawan,8921,ucdb-name
ind-faridpur,8922,ucdb-name
chn-caiguan,8923,ucdb-name
ind-majalgaon,8924,ucdb-name
chn-santai-2,8925,ucdb-name
ind-pithoragarh,8926,ucdb-name
chn-shangdang,8927,ucdb-name
ind-datia,8928,ucdb-name
chn-pinggu,8929,ucdb-name
ind-shegaon,8930,ucdb-name
chn-liangmatai,8931,ucdb-name
ind-sagara,8932,ucdb-name
chn-anguo,8933,ucdb-name
ind-mangaluru,8934,ucdb-name
chn-luoning_county,8935,ucdb-name
ind-pilibhit,8936,ucdb-name
chn-dashimiao,8937,ucdb-name
ind-mandideep,8938,ucdb-name
chn-gaoyi,8939,ucdb-name
ind-khatima,8940,ucdb-name
chn-daozhen,8941,ucdb-name
ind-kaimganj,8942,ucdb-name
chn-yuanbaoshan,8943,ucdb-name
ind-chanderi,8944,ucdb-name
chn-honghuagang,8945,ucdb-name
ind-etawah,8946,ucdb-name
chn-sanhe,8947,ucdb-name
ind-mehkar,8948,ucdb-name
chn-gaoping,8949,ucdb-name
ind-vijayapura,8950,ucdb-name
chn-jinzhou,8951,ucdb-name
ind-dharashiv,8952,ucdb-name
chn-zhaoxian,8953,ucdb-name
ind-solapur,8954,ucdb-name
chn-huguan,8955,ucdb-name
ind-balapur,8956,ucdb-name
chn-bozhou,8957,ucdb-name
ind-mungaoli,8958,ucdb-name
chn-maguan,8959,ucdb-name
ind-selu,8960,ucdb-name
chn-xinglong,8961,ucdb-name
ind-jhansi,8962,ucdb-name
chn-boye,8963,ucdb-name
ind-basoda,8964,ucdb-name
chn-she,8965,ucdb-name
ind-vidisha,8966,ucdb-name
ind-manjeshwar,8968,ucdb-name
chn-xinghua,8969,ucdb-name
ind-bisalpur,8970,ucdb-name
chn-gaoyang,8971,ucdb-name
ind-pathri,8972,ucdb-name
chn-suiyang,8973,ucdb-name
ind-raisen,8974,ucdb-name
chn-langfang,8975,ucdb-name
ind-gaddanakeri_tanda,8976,ucdb-name
chn-xiongxian,8977,ucdb-name
ind-manwat,8978,ucdb-name
chn-xin_an,8979,ucdb-name
ind-akot,8980,ucdb-name
chn-jincheng-2,8981,ucdb-name
ind-lakhna,8982,ucdb-name
chn-anping,8983,ucdb-name
ind-lahar,8984,ucdb-name
chn-guangnan,8985,ucdb-name
ind-bagalkote,8986,ucdb-name
chn-yongqing,8987,ucdb-name
ind-tilhar,8988,ucdb-name
chn-xianghe,8989,ucdb-name
ind-ambajogai,8990,ucdb-name
chn-xiuwen,8991,ucdb-name
ind-lakshmeshvara,8992,ucdb-name
chn-qingzhen,8993,ucdb-name
ind-haveri,8994,ucdb-name
chn-zhushan,8995,ucdb-name
ind-bantwal_cross_road,8996,ucdb-name
chn-xinji,8997,ucdb-name
ind-jalalabad-2,8998,ucdb-name
chn-jiyuan,8999,ucdb-name
ind-bharthana,9000,ucdb-name
ind-akola,9002,ucdb-name
chn-pengshui,9003,ucdb-name
ind-lalitpur,9004,ucdb-name
chn-anda,9005,ucdb-name
ind-bina_etawa,9006,ucdb-name
chn-bazhou,9007,ucdb-name
ind-kasaragod,9008,ucdb-name
chn-ningjin,9009,ucdb-name
ind-farrukhabad,9010,ucdb-name
chn-chengde-2,9011,ucdb-name
ind-risod,9012,ucdb-name
chn-jizhou,9013,ucdb-name
ind-jintur,9014,ucdb-name
chn-anping-2,9015,ucdb-name
ind-shikaripura,9016,ucdb-name
chn-xinji-2,9017,ucdb-name
ind-narmadapuram,9018,ucdb-name
chn-guiyang,9019,ucdb-name
ind-gadag_betageri,9020,ucdb-name
chn-hailun,9021,ucdb-name
ind-chhibramau,9022,ucdb-name
chn-xingtai,9023,ucdb-name
ind-parli,9024,ucdb-name
chn-luoyang,9025,ucdb-name
ind-puranpur,9026,ucdb-name
chn-yiyang_county,9027,ucdb-name
ind-shahjahanpur,9028,ucdb-name
chn-shiyan,9029,ucdb-name
ind-kanhangad,9030,ucdb-name
chn-lichuan,9031,ucdb-name
ind-akkalkot,9032,ucdb-name
chn-yunyang-2,9033,ucdb-name
ind-itarsi,9034,ucdb-name
chn-mengjin,9035,ucdb-name
ind-puttur,9036,ucdb-name
chn-renqiu,9037,ucdb-name
ind-anjangaon,9038,ucdb-name
chn-luanchuan,9039,ucdb-name
ind-khurai,9040,ucdb-name
chn-lingchuan,9041,ucdb-name
ind-parbhani,9042,ucdb-name
chn-wu_an,9043,ucdb-name
ind-latur,9044,ucdb-name
chn-nanlingchengcun,9045,ucdb-name
ind-konch,9046,ucdb-name
chn-longyao,9047,ucdb-name
ind-bidhuna,9048,ucdb-name
chn-uc9049,9049,ucdb-id
ind-ausa,9050,ucdb-name
chn-bo_ai,9051,ucdb-name
ind-ranebennur,9052,ucdb-name
chn-kaiyang,9053,ucdb-name
ind-payyanur,9054,ucdb-name
chn-baochi,9055,ucdb-name
ind-daryapur,9056,ucdb-name
chn-ningcheng,9057,ucdb-name
ind-gangakhed,9058,ucdb-name
chn-da_an,9059,ucdb-name
ind-shahabad,9060,ucdb-name
chn-huaxi,9061,ucdb-name
ind-mamrezpur_al,9062,ucdb-name
chn-pingquan,9063,ucdb-name
ind-shivamogga,9064,ucdb-name
chn-meitan,9065,ucdb-name
ind-sindagi,9066,ucdb-name
chn-shengzhou_city,9067,ucdb-name
ind-gursahaiganj,9068,ucdb-name
chn-wuqing,9069,ucdb-name
ind-washim,9070,ucdb-name
chn-zhongxing_road,9071,ucdb-name
ind-achalpur,9072,ucdb-name
chn-mengzhou,9073,ucdb-name
ind-dibiyapur,9074,ucdb-name
chn-tang_erli,9075,ucdb-name
ind-jalaun,9076,ucdb-name
chn-zuogezhuang,9077,ucdb-name
ind-murtijapur,9078,ucdb-name
chn-song_county,9079,ucdb-name
ind-muddebihala,9080,ucdb-name
chn-qinggang,9081,ucdb-name
ind-auraiya,9082,ucdb-name
chn-shahe-2,9083,ucdb-name
ind-begamganj,9084,ucdb-name
chn-uc9085,9085,ucdb-id
ind-tikamgarh,9086,ucdb-name
chn-qinyang,9087,ucdb-name
ind-gursarai,9088,ucdb-name
chn-yongnian,9089,ucdb-name
ind-ilkal,9090,ucdb-name
chn-hejian,9091,ucdb-name
ind-mohmadi,9092,ucdb-name
chn-linzhou,9093,ucdb-name
ind-harihara,9094,ucdb-name
chn-xixia,9095,ucdb-name
ind-tirwaganj,9096,ucdb-name
chn-zunhua,9097,ucdb-name
ind-hingoli,9098,ucdb-name
chn-fengfeng,9099,ucdb-name
ind-bhadravathi,9100,ucdb-name
chn-fengfeng-2,9101,ucdb-name
ind-mangrul_pir,9102,ucdb-name
chn-fenggang,9103,ucdb-name
ind-umarga,9104,ucdb-name
chn-yichuan,9105,ucdb-name
ind-taliparamba,9106,ucdb-name
chn-handan,9107,ucdb-name
ind-kannur,9108,ucdb-name
chn-yanshi_district,9109,ucdb-name
ind-alanda,9110,ucdb-name
chn-qianjiang,9111,ucdb-name
ind-anthoor,9112,ucdb-name
chn-jiaozuo,9113,ucdb-name
ind-betul,9114,ucdb-name
chn-gaolong,9115,ucdb-name
ind-purna,9116,ucdb-name
chn-wushan,9117,ucdb-name
ind-orai,9118,ucdb-name
chn-suiling,9119,ucdb-name
ind-mauranipur,9120,ucdb-name
chn-wangkui,9121,ucdb-name
ind-kannauj,9122,ucdb-name
chn-kuancheng,9123,ucdb-name
ind-nilanga,9124,ucdb-name
chn-yutian,9125,ucdb-name
ind-palia_kalan,9126,ucdb-name
chn-tianjin,9127,ucdb-name
ind-rasulabad,9128,ucdb-name
chn-julu,9129,ucdb-name
ind-ahmadpur,9130,ucdb-name
chn-xichuan,9131,ucdb-name
ind-davanagere,9132,ucdb-name
chn-guxian,9133,ucdb-name
ind-karanja,9134,ucdb-name
chn-xingbieying,9135,ucdb-name
ind-jhinjhak,9136,ucdb-name
chn-matou,9137,ucdb-name
ind-harapanahalli,9138,ucdb-name
chn-qugou,9139,ucdb-name
ind-hardoi,9140,ucdb-name
chn-hengshui,9141,ucdb-name
ind-chandur_bazar,9142,ucdb-name
chn-qian_an,9143,ucdb-name
ind-basmat,9144,ucdb-name
chn-tongliao,9145,ucdb-name
ind-gola_gokarannath,9146,ucdb-name
chn-wen,9147,ucdb-name
ind-koppala,9148,ucdb-name
chn-gongyi,9149,ucdb-name
ind-thalassery,9150,ucdb-name
chn-enshi,9151,ucdb-name
ind-sagar,9152,ucdb-name
chn-dejiang,9153,ucdb-name
ind-salaiya,9154,ucdb-name
chn-goushi,9155,ucdb-name
ind-chikkamagaluru,9156,ucdb-name
chn-fangxian,9157,ucdb-name
ind-pipariya,9158,ucdb-name
chn-cixian,9159,ucdb-name
ind-amravati,9160,ucdb-name
chn-jianshi,9161,ucdb-name
ind-sarni,9162,ucdb-name
chn-jize,9163,ucdb-name
ind-hagaribommanahalli,9164,ucdb-name
chn-xinzhuangying,9165,ucdb-name
ind-kandhar,9166,ucdb-name
chn-lingyuan,9167,ucdb-name
ind-vadakara,9168,ucdb-name
chn-uc9169,9169,ucdb-id
ind-mallanwan,9170,ucdb-name
chn-shaliuhe,9171,ucdb-name
ind-kalpi,9172,ucdb-name
chn-xiaodong,9173,ucdb-name
ind-nanded,9174,ucdb-name
chn-jinghai,9175,ucdb-name
ind-pukhrayan,9176,ucdb-name
chn-ruyang_county,9177,ucdb-name
ind-rath,9178,ucdb-name
chn-wengan,9179,ucdb-name
ind-udgir,9180,ucdb-name
chn-jizhou-2,9181,ucdb-name
ind-basavakalyana,9182,ucdb-name
chn-jianping,9183,ucdb-name
ind-kalaburagi,9184,ucdb-name
chn-xianfeng,9185,ucdb-name
ind-lingasugur,9186,ucdb-name
chn-funing,9187,ucdb-name
ind-banda,9188,ucdb-name
chn-yahongqiao,9189,ucdb-name
ind-morshi,9190,ucdb-name
chn-anyang,9191,ucdb-name
ind-pusad,9192,ucdb-name
chn-woluogu,9193,ucdb-name
ind-hosapete,9194,ucdb-name
chn-wuzhi,9195,ucdb-name
ind-akbarpur,9196,ucdb-name
chn-qianxi-2,9197,ucdb-name
ind-kaduru,9198,ucdb-name
chn-quzhou,9199,ucdb-name
ind-mariyammanahalli,9200,ucdb-name
chn-huixian,9201,ucdb-name
ind-bangarmau,9202,ucdb-name
chn-zhaozhou,9203,ucdb-name
ind-lalpur,9204,ucdb-name
chn-shancheng,9205,ucdb-name
ind-nowgaon,9206,ucdb-name
chn-cheng_an,9207,ucdb-name
ind-darwha,9208,ucdb-name
chn-linzhang,9209,ucdb-name
ind-koyilandy,9210,ucdb-name
chn-xiaoguan,9211,ucdb-name
ind-multai,9212,ucdb-name
chn-huojia,9213,ucdb-name
ind-digras,9214,ucdb-name
chn-fengrun,9215,ucdb-name
ind-raniyan,9216,ucdb-name
chn-shangjie,9217,ucdb-name
ind-lakhimpur,9218,ucdb-name
chn-youyang,9219,ucdb-name
ind-shorapur,9220,ucdb-name
chn-zaoqiang,9221,ucdb-name
ind-gangavathi,9222,ucdb-name
chn-neixiang,9223,ucdb-name
ind-shahabad-2,9224,ucdb-name
chn-qing,9225,ucdb-name
ind-shahapura,9226,ucdb-name
chn-dengfeng,9227,ucdb-name
ind-mudkhed,9228,ucdb-name
chn-tangshan,9229,ucdb-name
ind-kozhikode,9230,ucdb-name
chn-danjiangkou,9231,ucdb-name
ind-humanabad,9232,ucdb-name
chn-dajindian,9233,ucdb-name
ind-bhalki,9234,ucdb-name
chn-zhaodong,9235,ucdb-name
ind-sitapur,9236,ucdb-name
chn-ruzhou,9237,ucdb-name
ind-gadarwara,9238,ucdb-name
chn-fengquan,9239,ucdb-name
ind-warud,9240,ucdb-name
chn-xinxiang,9241,ucdb-name
ind-hassan,9242,ucdb-name
chn-xingyang,9243,ucdb-name
ind-kanpur,9244,ucdb-name
chn-tangyin,9245,ucdb-name
ind-umarkhed,9246,ucdb-name
ind-wadi,9248,ucdb-name
chn-lanxi,9249,ucdb-name
ind-chhatarpur,9250,ucdb-name
chn-binhai_new_area,9251,ucdb-name
ind-hosadurga,9252,ucdb-name
chn-ningjiang,9253,ucdb-name
ind-sandila,9254,ucdb-name
chn-hebi,9255,ucdb-name
ind-safipur,9256,ucdb-name
chn-harqin_zuoyi,9257,ucdb-name
ind-chitradurga,9258,ucdb-name
chn-laifeng,9259,ucdb-name
chn-songyuan,9261,ucdb-name
ind-deori_khas,9262,ucdb-name
chn-uc9263,9263,ucdb-id
ind-sindhanur,9264,ucdb-name
chn-qinglong,9265,ucdb-name
ind-bhokar,9266,ucdb-name
chn-ninghe,9267,ucdb-name
ind-arvi,9268,ucdb-name
chn-qixian,9269,ucdb-name
ind-devadurga,9270,ucdb-name
chn-botou,9271,ucdb-name
ind-vaddu,9272,ucdb-name
chn-longshan,9273,ucdb-name
ind-arasikere,9274,ucdb-name
chn-suihua,9275,ucdb-name
ind-ghatampur,9276,ucdb-name
chn-zhengzhou,9277,ucdb-name
ind-tanur,9278,ucdb-name
chn-wei,9279,ucdb-name
ind-laharpur,9280,ucdb-name
chn-cangzhou,9281,ucdb-name
ind-mahoba,9282,ucdb-name
chn-nanzhao,9283,ucdb-name
ind-yavatmal,9284,ucdb-name
chn-uc9285,9285,ucdb-id
ind-hamirpur,9286,ucdb-name
chn-gegu,9287,ucdb-name
ind-degloor,9288,ucdb-name
chn-weihui,9289,ucdb-name
ind-kalpetta,9290,ucdb-name
chn-xinmi,9291,ucdb-name
ind-pandhurna,9292,ucdb-name
chn-zhaishang,9293,ucdb-name
ind-parasia,9294,ucdb-name
chn-gulin-2,9295,ucdb-name
ind-yadgir,9296,ucdb-name
chn-duyun,9297,ucdb-name
ind-ponnani,9298,ucdb-name
chn-chaoyang,9299,ucdb-name
ind-bharuwa_sumerpur,9300,ucdb-name
chn-chengtougu,9301,ucdb-name
ind-maudaha,9302,ucdb-name
chn-jingxian,9303,ucdb-name
ind-kabrai,9304,ucdb-name
chn-qinghe,9305,ucdb-name
ind-siruguppa,9306,ucdb-name
chn-gucheng,9307,ucdb-name
ind-sidhauli,9308,ucdb-name
chn-zhenping,9309,ucdb-name
ind-bidar,9310,ucdb-name
chn-beipiao,9311,ucdb-name
ind-pulgaon,9312,ucdb-name
chn-qian_an-2,9313,ucdb-name
ind-damoh,9314,ucdb-name
chn-zhaogezhuang,9315,ucdb-name
ind-challakere,9316,ucdb-name
chn-shilong,9317,ucdb-name
ind-manvi,9318,ucdb-name
chn-laohekou,9319,ucdb-name
ind-tipaturu,9320,ucdb-name
chn-qingan,9321,ucdb-name
ind-hunsur,9322,ucdb-name
chn-gucheng-2,9323,ucdb-name
ind-biswan,9324,ucdb-name
chn-dongguang,9325,ucdb-name
ind-hiriyur,9326,ucdb-name
ind-katol,9328,ucdb-name
chn-dengzhou,9329,ucdb-name
ind-ballari,9330,ucdb-name
chn-lvjiatuo,9331,ucdb-name
ind-narsinghpur,9332,ucdb-name
chn-uc9333,9333,ucdb-id
ind-ogipur,9334,ucdb-name
chn-guantao,9335,ucdb-name
ind-sultan_bathery,9336,ucdb-name
chn-yuanyang,9337,ucdb-name
ind-krishnarajanagara,9338,ucdb-name
chn-xiushan,9339,ucdb-name
ind-chhindwara,9340,ucdb-name
chn-yichun,9341,ucdb-name
ind-bhainsa,9342,ucdb-name
chn-xunxian,9343,ucdb-name
ind-rayadurg,9344,ucdb-name
ind-lucknow,9346,ucdb-name
chn-lushan,9347,ucdb-name
ind-sausar,9348,ucdb-name
chn-nangang_industrial_zone,9349,ucdb-name
ind-nilambur,9350,ucdb-name
chn-dezhou,9351,ucdb-name
ind-thrissur,9352,ucdb-name
chn-daming,9353,ucdb-name
ind-zaheerabad,9354,ucdb-name
chn-linqing,9355,ucdb-name
ind-bodhan,9356,ucdb-name
chn-yetouzi,9357,ucdb-name
ind-perinthalmanna,9358,ucdb-name
chn-huaxian,9359,ucdb-name
ind-pattambi,9360,ucdb-name
chn-kaili,9361,ucdb-name
ind-kinwat,9362,ucdb-name
chn-jianchang,9363,ucdb-name
ind-mahmudabad,9364,ucdb-name
chn-baofeng,9365,ucdb-name
ind-banda-2,9366,ucdb-name
chn-luanzhou,9367,ucdb-name
ind-banswada,9368,ucdb-name
chn-neihuang,9369,ucdb-name
ind-wardha,9370,ucdb-name
chn-wucheng,9371,ucdb-name
ind-tanduru,9372,ucdb-name
chn-yanjin,9373,ucdb-name
ind-bindki,9374,ucdb-name
chn-xinglong-2,9375,ucdb-name
ind-raichur,9376,ucdb-name
chn-guodian,9377,ucdb-name
ind-purwa,9378,ucdb-name
chn-jia,9379,ucdb-name
ind-irinjalakuda,9380,ucdb-name
chn-guanxian,9381,ucdb-name
ind-shoranur,9382,ucdb-name
chn-nandagang_management_area,9383,ucdb-name
ind-narayanpet,9384,ucdb-name
chn-yuzhou,9385,ucdb-name
ind-kochi,9386,ucdb-name
chn-nanyang,9387,ucdb-name
ind-nizamabad,9388,ucdb-name
chn-baise,9389,ucdb-name
ind-mysuru,9390,ucdb-name
chn-tieli,9391,ucdb-name
ind-adoni,9392,ucdb-name
chn-huanghua,9393,ucdb-name
ind-nanpara,9394,ucdb-name
chn-xiajin,9395,ucdb-name
ind-ottapalam,9396,ucdb-name
chn-hulan,9397,ucdb-name
ind-sira,9398,ucdb-name
chn-xinzheng,9399,ucdb-name
ind-gudalur,9400,ucdb-name
chn-zhongmu_county,9401,ucdb-name
ind-panna,9402,ucdb-name
chn-xuedian,9403,ucdb-name
ind-mannarkkad,9404,ucdb-name
chn-puyang,9405,ucdb-name
ind-pandharkawada,9406,ucdb-name
chn-bencheng,9407,ucdb-name
ind-nanjanagudu,9408,ucdb-name
chn-pingdingshan,9409,ucdb-name
ind-nagpur,9410,ucdb-name
chn-caofeidian,9411,ucdb-name
ind-nirmal,9412,ucdb-name
chn-zigui,9413,ucdb-name
ind-fatehpur,9414,ucdb-name
chn-huayuan,9415,ucdb-name
ind-adilabad,9416,ucdb-name
chn-ningjin-2,9417,ucdb-name
ind-emmiganuru,9418,ucdb-name
chn-yanshan-2,9419,ucdb-name
ind-alappuzha,9420,ucdb-name
chn-jingxi,9421,ucdb-name
ind-takalghat,9422,ucdb-name
chn-songbei,9423,ucdb-name
ind-armoor,9424,ucdb-name
chn-fengqiu,9425,ucdb-name
ind-vadakkenchery,9426,ucdb-name
chn-lingcheng,9427,ucdb-name
ind-hinganghat,9428,ucdb-name
chn-xuchang,9429,ucdb-name
ind-vikarabad,9430,ucdb-name
chn-kaifeng,9431,ucdb-name
ind-guntakal,9432,ucdb-name
chn-xinye,9433,ucdb-name
ind-baberu,9434,ucdb-name
chn-fuxin,9435,ucdb-name
ind-atarra_buzurg,9436,ucdb-name
chn-shuangliao,9437,ucdb-name
ind-maraucha,9438,ucdb-name
chn-baojing,9439,ucdb-name
ind-lalganj,9440,ucdb-name
chn-pingyuan,9441,ucdb-name
ind-vaikom,9442,ucdb-name
chn-lingxi,9443,ucdb-name
ind-bahraich,9444,ucdb-name
chn-harbin,9445,ucdb-name
ind-kapri_kheda,9446,ucdb-name
chn-funing-2,9447,ucdb-name
ind-mandya,9448,ucdb-name
chn-fangcheng,9449,ucdb-name
ind-udhagamandalam,9450,ucdb-name
chn-nanzhang,9451,ucdb-name
ind-palakkad,9452,ucdb-name
chn-changyuan,9453,ucdb-name
ind-nenmara,9454,ucdb-name
chn-xiangyang,9455,ucdb-name
ind-sangareddy,9456,ucdb-name
chn-sangzhi,9457,ucdb-name
chn-gaotang,9459,ucdb-name
ind-duihawa_sher_bahadur_si,9460,ucdb-name
chn-dongliang,9461,ucdb-name
ind-tumakuru,9462,ucdb-name
chn-ye,9463,ucdb-name
ind-kollam,9464,ucdb-name
chn-chihu,9465,ucdb-name
ind-jabalpur,9466,ucdb-name
chn-nandan,9467,ucdb-name
ind-kaisarganj,9468,ucdb-name
chn-shenxian,9469,ucdb-name
ind-muvattupuzha,9470,ucdb-name
chn-nanpu,9471,ucdb-name
ind-kottayam,9472,ucdb-name
chn-sheqi,9473,ucdb-name
ind-kamareddy,9474,ucdb-name
chn-tianyang,9475,ucdb-name
ind-coonoor,9476,ucdb-name
chn-changli,9477,ucdb-name
ind-madhugiri,9478,ucdb-name
chn-tongren,9479,ucdb-name
ind-kothamangalam,9480,ucdb-name
chn-liaocheng,9481,ucdb-name
ind-medak,9482,ucdb-name
chn-yixian-2,9483,ucdb-name
ind-gadwal,9484,ucdb-name
chn-laoting,9485,ucdb-name
ind-ramtek,9486,ucdb-name
chn-laoling,9487,ucdb-name
ind-seoni,9488,ucdb-name
chn-qinhuangdao,9489,ucdb-name
chn-xiangfu,9491,ucdb-name
ind-chamarajanagara,9492,ucdb-name
chn-weishi,9493,ucdb-name
ind-mavelikkara,9494,ucdb-name
chn-yichang,9495,ucdb-name
ind-mahbubnagar,9496,ucdb-name
chn-shuangcheng,9497,ucdb-name
ind-sihora,9498,ucdb-name
chn-tanghe,9499,ucdb-name
ind-nimkhera,9500,ucdb-name
chn-chiping,9501,ucdb-name
ind-raebareli,9502,ucdb-name
chn-yanggu,9503,ucdb-name
ind-warora,9504,ucdb-name
chn-jishou,9505,ucdb-name
ind-wani,9506,ucdb-name
chn-linyi-2,9507,ucdb-name
ind-bhinga,9508,ucdb-name
chn-xinhuang,9509,ucdb-name
ind-coimbatore,9510,ucdb-name
chn-shanhaiguan,9511,ucdb-name
ind-thodupuzha,9512,ucdb-name
chn-yucheng,9513,ucdb-name
ind-anantapur,9514,ucdb-name
chn-dongming,9515,ucdb-name
ind-pala,9516,ucdb-name
chn-tiandong,9517,ucdb-name
ind-chengannur,9518,ucdb-name
chn-nong_an,9519,ucdb-name
ind-colonelganj,9520,ucdb-name
chn-jinzhou-2,9521,ucdb-name
ind-khaga,9522,ucdb-name
chn-tongxu,9523,ucdb-name
ind-hyderabad,9524,ucdb-name
chn-yanling,9525,ucdb-name
ind-odanthurai,9526,ucdb-name
chn-yicheng-2,9527,ucdb-name
ind-chitrakoot_dham,9528,ucdb-name
chn-wuyang,9529,ucdb-name
ind-chitrakoot,9530,ucdb-name
chn-linying,9531,ucdb-name
ind-channapattana,9532,ucdb-name
chn-fuyu,9533,ucdb-name
ind-kollegal,9534,ucdb-name
chn-wugang,9535,ucdb-name
ind-katni,9536,ucdb-name
chn-shouzhang,9537,ucdb-name
ind-shadnagar,9538,ucdb-name
chn-lankao,9539,ucdb-name
ind-umred,9540,ucdb-name
chn-zhangjiajie,9541,ucdb-name
ind-jadcherla,9542,ucdb-name
chn-huludao,9543,ucdb-name
ind-korutla,9544,ucdb-name
chn-chenwang,9545,ucdb-name
ind-kozhencherry,9546,ucdb-name
chn-shanghe,9547,ucdb-name
ind-wanaparthy,9548,ucdb-name
chn-dong_e,9549,ucdb-name
ind-hindupur,9550,ucdb-name
chn-suizhong,9551,ucdb-name
ind-bhadravati,9552,ucdb-name
chn-wudi,9553,ucdb-name
ind-ramanagara,9554,ucdb-name
chn-nancha,9555,ucdb-name
ind-adoor,9556,ucdb-name
chn-xingcheng,9557,ucdb-name
ind-bengaluru,9558,ucdb-name
chn-acheng,9559,ucdb-name
ind-jagdishpur,9560,ucdb-name
chn-qihe,9561,ucdb-name
ind-dhone,9562,ucdb-name
chn-qixian-2,9563,ucdb-name
ind-unchahar,9564,ucdb-name
chn-zaoyang,9565,ucdb-name
ind-kurnool,9566,ucdb-name
chn-yidu,9567,ucdb-name
ind-gowribidanur,9568,ucdb-name
chn-linghai,9569,ucdb-name
ind-pollachi,9570,ucdb-name
chn-luohe,9571,ucdb-name
ind-pathanamthitta,9572,ucdb-name
chn-dangyang,9573,ucdb-name
ind-kottarakkara,9574,ucdb-name
chn-mayang,9575,ucdb-name
ind-satna,9576,ucdb-name
chn-huji,9577,ucdb-name
ind-kymore,9578,ucdb-name
chn-heze,9579,ucdb-name
ind-dharmavaram,9580,ucdb-name
chn-zhuangzhai,9581,ucdb-name
ind-rudauli,9582,ucdb-name
chn-biyang,9583,ucdb-name
ind-jais,9584,ucdb-name
chn-huimin,9585,ucdb-name
ind-attingal,9586,ucdb-name
chn-fugou,9587,ucdb-name
ind-gonda,9588,ucdb-name
chn-dehui,9589,ucdb-name
ind-salon,9590,ucdb-name
chn-jinchengjiang,9591,ucdb-name
ind-doddaballapura,9592,ucdb-name
chn-longzhou,9593,ucdb-name
ind-maihar,9594,ucdb-name
chn-heishan,9595,ucdb-name
ind-bhandara,9596,ucdb-name
chn-wuxi,9597,ucdb-name
ind-kanakapura,9598,ucdb-name
chn-pingyin,9599,ucdb-name
ind-balrampur,9600,ucdb-name
chn-zhijiang,9601,ucdb-name
ind-chandrapur,9602,ucdb-name
chn-jinan,9603,ucdb-name
ind-jagtial,9604,ucdb-name
chn-jiyang,9605,ucdb-name
ind-sircilla,9606,ucdb-name
chn-liangshan,9607,ucdb-name
ind-tumsar,9608,ucdb-name
chn-yuanling,9609,ucdb-name
ind-punalur,9610,ucdb-name
chn-xiping,9611,ucdb-name
ind-thiruvananthapuram,9612,ucdb-name
chn-zhijiang-2,9613,ucdb-name
ind-anchal,9614,ucdb-name
chn-jingmen,9615,ucdb-name
ind-venjaramoodu,9616,ucdb-name
chn-yuncheng-2,9617,ucdb-name
ind-tadipatri,9618,ucdb-name
chn-duodao,9619,ucdb-name
ind-tiruppur,9620,ucdb-name
chn-shiheng,9621,ucdb-name
ind-gauriganj,9622,ucdb-name
chn-cili,9623,ucdb-name
ind-palladam,9624,ucdb-name
chn-chenxi,9625,ucdb-name
ind-ballarpur,9626,ucdb-name
chn-lishu,9627,ucdb-name
ind-siddipet,9628,ucdb-name
chn-quanpu,9629,ucdb-name
ind-ghatkesar,9630,ucdb-name
chn-minquan,9631,ucdb-name
ind-chikkaballapura,9632,ucdb-name
chn-yingkou,9633,ucdb-name
ind-kunda,9634,ucdb-name
chn-pingguo,9635,ucdb-name
ind-nandikotkur,9636,ucdb-name
chn-changchun,9637,ucdb-name
ind-kattappana,9638,ucdb-name
chn-faku,9639,ucdb-name
ind-rajura,9640,ucdb-name
chn-xinmin,9641,ucdb-name
ind-udumalaipettai,9642,ucdb-name
chn-sui,9643,ucdb-name
ind-bharwari,9644,ucdb-name
chn-zhanhuaqu,9645,ucdb-name
ind-gobichettipalayam,9646,ucdb-name
chn-xihua,9647,ucdb-name
ind-tirora,9648,ucdb-name
chn-suiping,9649,ucdb-name
ind-mandla,9650,ucdb-name
chn-songzi,9651,ucdb-name
ind-tulsipur,9652,ucdb-name
chn-ningming,9653,ucdb-name
ind-amethi,9654,ucdb-name
chn-uc9655,9655,ucdb-id
ind-mankapur,9656,ucdb-name
chn-tongbai,9657,ucdb-name
ind-faizabad,9658,ucdb-name
chn-shimen,9659,ucdb-name
ind-sarai_aquil,9660,ucdb-name
chn-dongping,9661,ucdb-name
ind-hoskote,9662,ucdb-name
chn-hongjiang,9663,ucdb-name
ind-hosur,9664,ucdb-name
chn-yushu-2,9665,ucdb-name
ind-karimnagar,9666,ucdb-name
chn-weiqiao,9667,ucdb-name
ind-neyyatinkara,9668,ucdb-name
chn-fanjiatun,9669,ucdb-name
ind-utraula,9670,ucdb-name
chn-siping,9671,ucdb-name
ind-balaghat,9672,ucdb-name
chn-hegang,9673,ucdb-name
ind-cumbum,9674,ucdb-name
chn-gongzhuling,9675,ucdb-name
ind-colachel,9676,ucdb-name
chn-caoxian,9677,ucdb-name
ind-umaria,9678,ucdb-name
chn-taikang,9679,ucdb-name
chn-binbei,9681,ucdb-name
ind-bhongir,9682,ucdb-name
chn-feicheng,9683,ucdb-name
ind-bodinayakkanur,9684,ucdb-name
chn-zhumadian,9685,ucdb-name
ind-rewa,9686,ucdb-name
chn-zhongxiang,9687,ucdb-name
ind-brahmapuri,9688,ucdb-name
chn-shangcai,9689,ucdb-name
ind-mul,9690,ucdb-name
chn-shuantaizi,9691,ucdb-name
ind-sultanpur,9692,ucdb-name
chn-binzhou-2,9693,ucdb-name
ind-shencottai,9694,ucdb-name
chn-juye,9695,ucdb-name
ind-kaghaznagar,9696,ucdb-name
chn-dahua,9697,ucdb-name
ind-maluru,9698,ucdb-name
chn-diaobingshan,9699,ucdb-name
ind-dharapuram,9700,ucdb-name
chn-panjin,9701,ucdb-name
ind-chinnamanur,9702,ucdb-name
chn-zhoukou,9703,ucdb-name
ind-nandyal,9704,ucdb-name
chn-ningling,9705,ucdb-name
ind-pulivendula,9706,ucdb-name
chn-wenshang,9707,ucdb-name
ind-kadiri,9708,ucdb-name
chn-jiutai,9709,ucdb-name
ind-gondia,9710,ucdb-name
chn-anjiang,9711,ucdb-name
ind-tenkasi,9712,ucdb-name
chn-jingzhou,9713,ucdb-name
ind-prayagraj,9714,ucdb-name
chn-jingzhou-2,9715,ucdb-name
ind-erode,9716,ucdb-name
chn-changtu,9717,ucdb-name
ind-kodaikanal,9718,ucdb-name
chn-taian,9719,ucdb-name
ind-theni,9720,ucdb-name
chn-bacao,9721,ucdb-name
ind-atmakur,9722,ucdb-name
chn-zouping,9723,ucdb-name
ind-palani,9724,ucdb-name
chn-zhangqiu,9725,ucdb-name
ind-chintamani,9726,ucdb-name
chn-chengwu,9727,ucdb-name
ind-pratapgarh-2,9728,ucdb-name
chn-xupu,9729,ucdb-name
ind-kadayanallur,9730,ucdb-name
chn-tai_an,9731,ucdb-name
ind-phaphamau,9732,ucdb-name
chn-huaiyang,9733,ucdb-name
ind-bellampalli,9734,ucdb-name
chn-lixian,9735,ucdb-name
ind-mancherial,9736,ucdb-name
chn-dawa,9737,ucdb-name
ind-jammalamadugu,9738,ucdb-name
chn-jiaxiang,9739,ucdb-name
ind-mettur,9740,ucdb-name
chn-hechi,9741,ucdb-name
ind-puliyangudi,9742,ucdb-name
chn-liaozhong,9743,ucdb-name
ind-haidarganj,9744,ucdb-name
chn-sanzhouyi,9745,ucdb-name
ind-peddapalli,9746,ucdb-name
chn-runan,9747,ucdb-name
ind-periyakulam,9748,ucdb-name
chn-suizhou,9749,ucdb-name
ind-thippanampatti,9750,ucdb-name
chn-zhenxiabo,9751,ucdb-name
ind-ramagundam,9752,ucdb-name
chn-wuchang,9753,ucdb-name
ind-jangaon,9754,ucdb-name
chn-kaiyuan-2,9755,ucdb-name
ind-villukuri,9756,ucdb-name
chn-dongying,9757,ucdb-name
ind-domariaganj,9758,ucdb-name
chn-zhecheng,9759,ucdb-name
ind-ambasamudram,9760,ucdb-name
chn-shangqiu,9761,ucdb-name
ind-itwa,9762,ucdb-name
chn-ningyang,9763,ucdb-name
ind-devarakonda,9764,ucdb-name
chn-nuomuhuicun,9765,ucdb-name
ind-edappadi,9766,ucdb-name
chn-boxing,9767,ucdb-name
ind-muhavoor,9768,ucdb-name
chn-gong_an,9769,ucdb-name
ind-kolar,9770,ucdb-name
chn-uc9771,9771,ucdb-id
ind-andipatti_jakkampatty,9772,ucdb-name
chn-zhoucun,9773,ucdb-name
ind-jhusi,9774,ucdb-name
chn-tonghe,9775,ucdb-name
ind-gadchiroli,9776,ucdb-name
chn-minggang,9777,ucdb-name
ind-rajapalayam,9778,ucdb-name
chn-shenyang,9779,ucdb-name
ind-nagercoil,9780,ucdb-name
chn-jining,9781,ucdb-name
chn-tieling,9783,ucdb-name
ind-amgaon,9784,ucdb-name
chn-jinxiang,9785,ucdb-name
ind-tiruchengodu,9786,ucdb-name
chn-xiangcheng,9787,ucdb-name
ind-sankarankovil,9788,ucdb-name
chn-taoyuan,9789,ucdb-name
ind-alangulam,9790,ucdb-name
chn-shanxian,9791,ucdb-name
ind-proddatur,9792,ucdb-name
chn-changde,9793,ucdb-name
ind-bangarapete,9794,ucdb-name
chn-gulou,9795,ucdb-name
ind-srivilliputtur,9796,ucdb-name
chn-huantai,9797,ucdb-name
ind-kolar_gold_fields,9798,ucdb-name
chn-anhua,9799,ucdb-name
ind-salem,9800,ucdb-name
chn-zibo,9801,ucdb-name
ind-iltifatganj,9802,ucdb-name
chn-rongshui,9803,ucdb-name
ind-krishnagiri,9804,ucdb-name
chn-pingyu,9805,ucdb-name
ind-tirunelveli,9806,ucdb-name
chn-yitong,9807,ucdb-name
ind-akbarpur-2,9808,ucdb-name
chn-dongying-2,9809,ucdb-name
ind-dharmapuri,9810,ucdb-name
chn-xinshi,9811,ucdb-name
ind-usilampatti,9812,ucdb-name
chn-dancheng,9813,ucdb-name
ind-warangal,9814,ucdb-name
chn-wuming,9815,ucdb-name
ind-mungra_badshahpur,9816,ucdb-name
chn-yucheng-2,9817,ucdb-name
ind-nalgonda,9818,ucdb-name
chn-rong_an,9819,ucdb-name
ind-basti,9820,ucdb-name
chn-shibu,9821,ucdb-name
ind-tanda-2,9822,ucdb-name
chn-jiamusi,9823,ucdb-name
ind-mulabagilu,9824,ucdb-name
chn-shanhe,9825,ucdb-name
ind-bansi,9826,ucdb-name
chn-zhengyang,9827,ucdb-name
ind-sivakasi,9828,ucdb-name
chn-qufu,9829,ucdb-name
ind-chinnalapatti,9830,ucdb-name
chn-xinyang,9831,ucdb-name
ind-meja_road,9832,ucdb-name
chn-fangzheng,9833,ucdb-name
ind-madanapalle,9834,ucdb-name
chn-shangzhi,9835,ucdb-name
ind-karur,9836,ucdb-name
chn-shuangyang,9837,ucdb-name
ind-thalaiyuthu,9838,ucdb-name
chn-shenqiu,9839,ucdb-name
ind-dindigul,9840,ucdb-name
chn-changling-2,9841,ucdb-name
ind-giddalur,9842,ucdb-name
chn-nanning,9843,ucdb-name
ind-shahdol,9844,ucdb-name
chn-yingkou-2,9845,ucdb-name
ind-naugarh,9846,ucdb-name
chn-luyi,9847,ucdb-name
ind-rasipuram,9848,ucdb-name
chn-dongkou,9849,ucdb-name
ind-namakkal,9850,ucdb-name
chn-guangrao,9851,ucdb-name
ind-kovilpatti,9852,ucdb-name
chn-laiwu,9853,ucdb-name
ind-punganuru,9854,ucdb-name
chn-huachuan,9855,ucdb-name
ind-banethu,9856,ucdb-name
chn-shulan,9857,ucdb-name
ind-machhlishahr,9858,ucdb-name
chn-linzi,9859,ucdb-name
ind-gyanpur,9860,ucdb-name
chn-zoucheng,9861,ucdb-name
ind-sidhi,9862,ucdb-name
chn-liu_erbao,9863,ucdb-name
ind-kadapa,9864,ucdb-name
chn-anxiang,9865,ucdb-name
ind-sattur,9866,ucdb-name
chn-qianjiang-2,9867,ucdb-name
ind-rayachoti,9868,ucdb-name
chn-shangsi_county,9869,ucdb-name
ind-tirumangalam,9870,ucdb-name
chn-teng_ao,9871,ucdb-name
ind-virudhunagar,9872,ucdb-name
chn-tianmen,9873,ucdb-name
ind-makhdumnagar,9874,ucdb-name
chn-shishou,9875,ucdb-name
ind-jalalpur,9876,ucdb-name
chn-liaoyuan,9877,ucdb-name
ind-gaipura,9878,ucdb-name
chn-fushun-2,9879,ucdb-name
ind-madurai,9880,ucdb-name
chn-anshan,9881,ucdb-name
ind-makrahi,9882,ucdb-name
chn-guangshui,9883,ucdb-name
ind-dongargarh,9884,ucdb-name
chn-laobian,9885,ucdb-name
ind-mehdawal,9886,ucdb-name
chn-sishui,9887,ucdb-name
ind-shahganj,9888,ucdb-name
chn-yutai,9889,ucdb-name
ind-lehra,9890,ucdb-name
chn-yudong,9891,ucdb-name
ind-tirupattur,9892,ucdb-name
chn-dawang,9893,ucdb-name
ind-suryapet,9894,ucdb-name
chn-hanshou,9895,ucdb-name
ind-khalilabad,9896,ucdb-name
chn-dengta,9897,ucdb-name
ind-macherla,9898,ucdb-name
chn-liaoyang,9899,ucdb-name
ind-miryalaguda,9900,ucdb-name
chn-yuekou,9901,ucdb-name
ind-markapur,9902,ucdb-name
chn-xianhu_economic_development_zone,9903,ucdb-name
ind-vaniyambadi,9904,ucdb-name
chn-haicheng,9905,ucdb-name
ind-aruppukkottai,9906,ucdb-name
chn-gangcheng,9907,ucdb-name
ind-jaunpur,9908,ucdb-name
chn-bozhou-2,9909,ucdb-name
ind-campierganj,9910,ucdb-name
chn-anlu,9911,ucdb-name
ind-narsampet,9912,ucdb-name
chn-wugang-2,9913,ucdb-name
ind-anand_nagar,9914,ucdb-name
chn-dashiqiao,9915,ucdb-name
ind-pernampattu,9916,ucdb-name
chn-yongning-2,9917,ucdb-name
ind-ambur,9918,ucdb-name
chn-bayuquan,9919,ucdb-name
ind-nautanwa,9920,ucdb-name
chn-jilin_city,9921,ucdb-name
ind-mohnapur,9922,ucdb-name
chn-xiayi,9923,ucdb-name
ind-phulpur,9924,ucdb-name
chn-wushengguan,9925,ucdb-name
ind-bhadohi,9926,ucdb-name
chn-xinhua,9927,ucdb-name
ind-kawardha,9928,ucdb-name
chn-nanhuayuan,9929,ucdb-name
ind-thoothukudi,9930,ucdb-name
chn-nan_county,9931,ucdb-name
ind-baragashi,9932,ucdb-name
chn-zhaotun,9933,ucdb-name
ind-mirzapur,9934,ucdb-name
chn-jieshou,9935,ucdb-name
ind-sahjanwa,9936,ucdb-name
chn-xincai,9937,ucdb-name
ind-kayalpattinam,9938,ucdb-name
chn-liuzhou,9939,ucdb-name
ind-peppeganj,9940,ucdb-name
chn-binyang,9941,ucdb-name
ind-attur,9942,ucdb-name
chn-fengxian,9943,ucdb-name
ind-manapparai,9944,ucdb-name
chn-dongxing,9945,ucdb-name
ind-khajni,9946,ucdb-name
chn-loushan,9947,ucdb-name
ind-sarai_mir,9948,ucdb-name
chn-qianjin,9949,ucdb-name
ind-melur,9950,ucdb-name
chn-gaizhou,9951,ucdb-name
ind-rajnandgaon,9952,ucdb-name
chn-xintai,9953,ucdb-name
ind-gudiyatham,9954,ucdb-name
chn-yingcheng,9955,ucdb-name
ind-panyara,9956,ucdb-name
chn-huarong,9957,ucdb-name
ind-dachepalli,9958,ucdb-name
chn-qingzhou,9959,ucdb-name
ind-rajampet,9960,ucdb-name
chn-xiongyue,9961,ucdb-name
ind-mahabubabad,9962,ucdb-name
chn-linquan,9963,ucdb-name
ind-chengam,9964,ucdb-name
chn-longhui,9965,ucdb-name
ind-thuraiyur,9966,ucdb-name
chn-liuzhuang,9967,ucdb-name
ind-gorakhpur,9968,ucdb-name
chn-lengshuijiang,9969,ucdb-name
ind-kerakat,9970,ucdb-name
chn-shouguang,9971,ucdb-name
ind-maharajganj,9972,ucdb-name
chn-dawu,9973,ucdb-name
ind-kachhwa,9974,ucdb-name
chn-xi,9975,ucdb-name
ind-kodada,9976,ucdb-name
chn-xiping-2,9977,ucdb-name
ind-tiruchirappalli,9978,ucdb-name
chn-yunmeng,9979,ucdb-name
ind-sivaganga,9980,ucdb-name
chn-tengzhou,9981,ucdb-name
ind-nichlaul,9982,ucdb-name
chn-jianli,9983,ucdb-name
ind-azamgarh,9984,ucdb-name
chn-uc9985,9985,ucdb-id
ind-chittoor,9986,ucdb-name
chn-laibin,9987,ucdb-name
ind-bansgaon,9988,ucdb-name
chn-xiaochang,9989,ucdb-name
ind-jianpur,9990,ucdb-name
chn-yiyuan,9991,ucdb-name
ind-bishunpur_khurd,9992,ucdb-name
chn-datun,9993,ucdb-name
ind-vinukonda,9994,ucdb-name
chn-linqu,9995,ucdb-name
ind-durg,9996,ucdb-name
chn-gongchangling,9997,ucdb-name
ind-kauriram,9998,ucdb-name
chn-peixian,9999,ucdb-name
ind-gola_bazar,10000,ucdb-name
chn-huancheng,10001,ucdb-name
ind-baliya,10002,ucdb-name
chn-xiantao,10003,ucdb-name
ind-piduguralla,10004,ucdb-name
chn-taojiang_county,10005,ucdb-name
ind-vellore,10006,ucdb-name
chn-pingyi,10007,ucdb-name
ind-varanasi,10008,ucdb-name
chn-weihe,10009,ucdb-name
ind-khammam,10010,ucdb-name
chn-yuanjiang-2,10011,ucdb-name
ind-paramakkudi,10012,ucdb-name
chn-xinning,10013,ucdb-name
ind-chauri_chaura,10014,ucdb-name
chn-luzhai,10015,ucdb-name
ind-bemetara,10016,ucdb-name
chn-fangcheng_district,10017,ucdb-name
ind-balod,10018,ucdb-name
chn-taihe,10019,ucdb-name
ind-siswa_bazar,10020,ucdb-name
chn-lianyuan,10021,ucdb-name
ind-mubarakpur,10022,ucdb-name
chn-guilin,10023,ucdb-name
ind-kallakurichi,10024,ucdb-name
chn-benxi,10025,ucdb-name
ind-perambalur,10026,ucdb-name
chn-yiyang,10027,ucdb-name
ind-chunar,10028,ucdb-name
chn-xiaogan,10029,ucdb-name
ind-mungeli,10030,ucdb-name
chn-tongjiang,10031,ucdb-name
ind-dohrighat,10032,ucdb-name
chn-changle,10033,ucdb-name
ind-tiruvannamalai,10034,ucdb-name
chn-litang,10035,ucdb-name
ind-captainganj,10036,ucdb-name
chn-xinshao,10037,ucdb-name
ind-jaggayyapeta,10038,ucdb-name
chn-lingchuan-2,10039,ucdb-name
ind-polur,10040,ucdb-name
chn-shaoyang,10041,ucdb-name
ind-khadda,10042,ucdb-name
chn-weishan,10043,ucdb-name
ind-yellandu,10044,ucdb-name
chn-shaoyang-2,10045,ucdb-name
ind-tirupati,10046,ucdb-name
chn-jixian,10047,ucdb-name
ind-hata,10048,ucdb-name
chn-mengyin,10049,ucdb-name
ind-pudukkottai,10050,ucdb-name
chn-yongcheng,10051,ucdb-name
ind-karaikudi,10052,ucdb-name
chn-hanchuan,10053,ucdb-name
ind-mathia_alam,10054,ucdb-name
chn-dongfeng,10055,ucdb-name
ind-muhammadabad_gohna,10056,ucdb-name
ind-manendragarh,10058,ucdb-name
ind-ranipet,10060,ucdb-name
chn-qinzhou,10061,ucdb-name
ind-patharhat,10062,ucdb-name
chn-shanting,10063,ucdb-name
ind-narasaraopet,10064,ucdb-name
chn-fujin,10065,ucdb-name
ind-rudrapur-2,10066,ucdb-name
chn-shuangyashan,10067,ucdb-name
ind-waidhan,10068,ucdb-name
chn-wafangdian,10069,ucdb-name
ind-arani,10070,ucdb-name
chn-guangshan,10071,ucdb-name
ind-devakottai,10072,ucdb-name
chn-weifang,10073,ucdb-name
ind-raipur,10074,ucdb-name
chn-huangchuan,10075,ucdb-name
ind-singrauli,10076,ucdb-name
chn-makou,10077,ucdb-name
ind-tirukkovilur,10078,ucdb-name
chn-zaozhuang,10079,ucdb-name
ind-siltara,10080,ucdb-name
chn-huanan,10081,ucdb-name
ind-sattenapalle,10082,ucdb-name
chn-qingyuan,10083,ucdb-name
ind-jakhania,10084,ucdb-name
chn-taozhuang,10085,ucdb-name
ind-venkatagiri,10086,ucdb-name
chn-xing_an,10087,ucdb-name
ind-ghosi,10088,ucdb-name
chn-panshi,10089,ucdb-name
ind-nandigama,10090,ucdb-name
chn-guoyang,10091,ucdb-name
ind-ariyalur,10092,ucdb-name
chn-loudi,10093,ucdb-name
ind-kandukur,10094,ucdb-name
chn-uc10095,10095,ucdb-id
ind-chirimiri,10096,ucdb-name
ind-ramanathapuram,10098,ucdb-name
chn-fuyang,10099,ucdb-name
ind-bagaha,10100,ucdb-name
chn-yueyang,10101,ucdb-name
ind-deoria,10102,ucdb-name
chn-huaibin,10103,ucdb-name
ind-ongole,10104,ucdb-name
chn-changyi,10105,ucdb-name
ind-padrauna,10106,ucdb-name
chn-shaodong,10107,ucdb-name
ind-kushinagar,10108,ucdb-name
chn-benxi_manchu_autonomous_county,10109,ucdb-name
ind-mau,10110,ucdb-name
chn-pulandian,10111,ucdb-name
ind-anpara,10112,ucdb-name
chn-dalian,10113,ucdb-name
ind-chilakaluripet,10114,ucdb-name
chn-funan,10115,ucdb-name
ind-kopaganj,10116,ucdb-name
chn-wuxuan,10117,ucdb-name
ind-tilda_neora,10118,ucdb-name
chn-honghu,10119,ucdb-name
ind-nagari,10120,ucdb-name
chn-meihekou,10121,ucdb-name
ind-aranthangi,10122,ucdb-name
chn-uc10123,10123,ucdb-id
ind-chandauli,10124,ucdb-name
chn-uc10125,10125,ucdb-id
ind-thiruvaiyaru,10126,ucdb-name
chn-huaibei,10127,ucdb-name
ind-barhaj,10128,ucdb-name
chn-xiaoxian,10129,ucdb-name
ind-dhamtari,10130,ucdb-name
chn-wuhan,10131,ucdb-name
ind-thanjavur,10132,ucdb-name
chn-dong_an,10133,ucdb-name
ind-kothagudem,10134,ucdb-name
chn-hengzhou,10135,ucdb-name
ind-ulundurpettai,10136,ucdb-name
chn-hong_an,10137,ucdb-name
ind-robertsganj,10138,ucdb-name
chn-xinxian,10139,ucdb-name
ind-sri_kalahasti,10140,ucdb-name
chn-feixian,10141,ucdb-name
ind-chakia,10142,ucdb-name
chn-xuzhou-2,10143,ucdb-name
ind-bhatapara,10144,ucdb-name
chn-quanzhou,10145,ucdb-name
ind-dalla,10146,ucdb-name
chn-huangpi,10147,ucdb-name
ind-tiruttani,10148,ucdb-name
chn-panlongcheng_economic_development_zone,10149,ucdb-name
ind-giingee,10150,ucdb-name
chn-yueyang-2,10151,ucdb-name
ind-ayyampettai,10152,ucdb-name
chn-baoshan-2,10153,ucdb-name
ind-kavali,10154,ucdb-name
chn-jiaohe,10155,ucdb-name
ind-bajar_keraia,10156,ucdb-name
chn-ningxiang,10157,ucdb-name
ind-dudahi,10158,ucdb-name
chn-guigang,10159,ucdb-name
ind-bilaspur-2,10160,ucdb-name
chn-lixin,10161,ucdb-name
ind-palwancha,10162,ucdb-name
chn-longgang,10163,ucdb-name
ind-ghazipur,10164,ucdb-name
chn-baiyun,10165,ucdb-name
ind-virudhachalam,10166,ucdb-name
chn-huinan,10167,ucdb-name
ind-gudur,10168,ucdb-name
chn-anqiu,10169,ucdb-name
ind-tiruvetipuram,10170,ucdb-name
chn-uc10171,10171,ucdb-id
ind-papanasam,10172,ucdb-name
chn-xiangyin,10173,ucdb-name
ind-shankarpur,10174,ucdb-name
chn-lingshan,10175,ucdb-name
ind-guntur,10176,ucdb-name
chn-laizhou,10177,ucdb-name
ind-nellore,10178,ucdb-name
chn-lipu,10179,ucdb-name
ind-arakkonam,10180,ucdb-name
chn-hannan_district,10181,ucdb-name
ind-moradih,10182,ucdb-name
chn-yishui,10183,ucdb-name
ind-patherwa,10184,ucdb-name
chn-shuangfeng,10185,ucdb-name
ind-barwa_rajapakar,10186,ucdb-name
chn-xiuyan,10187,ucdb-name
ind-salempur,10188,ucdb-name
chn-miluo,10189,ucdb-name
ind-viluppuram,10190,ucdb-name
chn-yongzhou,10191,ucdb-name
ind-zamania,10192,ucdb-name
chn-yinan,10193,ucdb-name
ind-chirala,10194,ucdb-name
chn-jiawang,10195,ucdb-name
ind-vandavasi,10196,ucdb-name
chn-yuyue,10197,ucdb-name
ind-ramnagar,10198,ucdb-name
chn-linyi-3,10199,ucdb-name
ind-belthara_road,10200,ucdb-name
chn-wangcheng,10201,ucdb-name
ind-renukoot,10202,ucdb-name
chn-xinjia,10203,ucdb-name
ind-kumbakonam,10204,ucdb-name
chn-liuhe,10205,ucdb-name
ind-rajim,10206,ucdb-name
chn-gushi,10207,ucdb-name
ind-kanchipuram,10208,ucdb-name
chn-zijingshan,10209,ucdb-name
ind-neyveli_township,10210,ucdb-name
chn-mengcheng,10211,ucdb-name
ind-tamkuhi_raj,10212,ucdb-name
chn-zhengdian,10213,ucdb-name
ind-rank,10214,ucdb-name
chn-xiangxiang,10215,ucdb-name
ind-arang,10216,ucdb-name
chn-shangcheng,10217,ucdb-name
ind-lauiyah_nandangarh,10218,ucdb-name
chn-boli,10219,ucdb-name
ind-panruti,10220,ucdb-name
chn-yangluo_subdistrict,10221,ucdb-name
ind-pattukkottai,10222,ucdb-name
chn-beihai,10223,ucdb-name
ind-vijayawada,10224,ucdb-name
chn-huadian,10225,ucdb-name
ind-lar,10226,ucdb-name
chn-chibi,10227,ucdb-name
ind-mangalagiri,10228,ucdb-name
chn-changsha,10229,ucdb-name
ind-lauiyah_nandangarh-2,10230,ucdb-name
chn-qiyang,10231,ucdb-name
ind-bhore,10232,ucdb-name
chn-lingling,10233,ucdb-name
ind-tindivanam,10234,ucdb-name
chn-lanling,10235,ucdb-name
ind-rasra,10236,ucdb-name
chn-suzhou,10237,ucdb-name
ind-mohammadabad,10238,ucdb-name
chn-macheng,10239,ucdb-name
ind-lauria_nandangarh,10240,ucdb-name
chn-guiping,10241,ucdb-name
ind-bapatla,10242,ucdb-name
chn-zhaoyuan,10243,ucdb-name
ind-vadalur,10244,ucdb-name
chn-mengshan,10245,ucdb-name
ind-fatehpur-2,10246,ucdb-name
chn-pubei,10247,ucdb-name
ind-sathupally,10248,ucdb-name
chn-xinzhou_district,10249,ucdb-name
ind-kalitheerthalkuppam,10250,ucdb-name
chn-zhuanghe,10251,ucdb-name
ind-mannargudi,10252,ucdb-name
chn-pingdu,10253,ucdb-name
ind-adirampattinam,10254,ucdb-name
chn-qidong,10255,ucdb-name
ind-narkatiaganj,10256,ucdb-name
chn-yingshang,10257,ucdb-name
ind-ponnur,10258,ucdb-name
chn-xinxing,10259,ucdb-name
ind-mohania,10260,ucdb-name
chn-juxian,10261,ucdb-name
ind-kattumannarkoil,10262,ucdb-name
chn-shepo,10263,ucdb-name
ind-tariasujan,10264,ucdb-name
chn-xingye,10265,ucdb-name
ind-tiruvallur,10266,ucdb-name
chn-yuhu,10267,ucdb-name
ind-tenali,10268,ucdb-name
chn-nianzhuang,10269,ucdb-name
ind-mahasamund,10270,ucdb-name
chn-tongcheng,10271,ucdb-name
ind-kuthalam,10272,ucdb-name
chn-pingnan,10273,ucdb-name
ind-jogapatti,10274,ucdb-name
chn-uc10275,10275,ucdb-id
ind-bhabua,10276,ucdb-name
chn-xianning,10277,ucdb-name
ind-patiirwa,10278,ucdb-name
chn-tiancheng,10279,ucdb-name
ind-mairwa,10280,ucdb-name
chn-gaomi,10281,ucdb-name
ind-sikandarpur,10282,ucdb-name
chn-zucheng,10283,ucdb-name
ind-rameswaram,10284,ucdb-name
chn-hengyang,10285,ucdb-name
ind-bettiah,10286,ucdb-name
chn-mule,10287,ucdb-name
ind-nuzvid,10288,ucdb-name
chn-xiangtan,10289,ucdb-name
ind-puducherry,10290,ucdb-name
chn-linkou,10291,ucdb-name
ind-cuddalore,10292,ucdb-name
chn-tuanfeng,10293,ucdb-name
ind-darauli,10294,ucdb-name
chn-qitaihe,10295,ucdb-name
ind-mayiladuthurai,10296,ucdb-name
chn-fengcheng,10297,ucdb-name
ind-kondagaon,10298,ucdb-name
chn-futang,10299,ucdb-name
ind-chennai,10300,k15-roster
chn-luling,10301,ucdb-name
ind-chidambaram,10302,ucdb-name
chn-wulian,10303,ucdb-name
ind-chanpatia,10304,ucdb-name
chn-yitang,10305,ucdb-name
ind-maharajganj-2,10306,ucdb-name
chn-yong_an,10307,ucdb-name
ind-gummidipundi,10308,ucdb-name
chn-xiangtan-2,10309,ucdb-name
ind-thiruvarur,10310,ucdb-name
chn-zhaoping,10311,ucdb-name
ind-parangipettai,10312,ucdb-name
chn-guanhu,10313,ucdb-name
ind-chengalpattu,10314,ucdb-name
chn-huoqiu,10315,ucdb-name
ind-nautan,10316,ucdb-name
chn-pingjiang,10317,ucdb-name
ind-maniar,10318,ucdb-name
chn-yeji_district,10319,ucdb-name
ind-buxar,10320,ucdb-name
chn-ezhou,10321,ucdb-name
ind-sirkazhi,10322,ucdb-name
chn-zhuzhou,10323,ucdb-name
ind-thawe,10324,ucdb-name
chn-yulin-2,10325,ucdb-name
ind-korba,10326,ucdb-name
chn-gushan,10327,ucdb-name
ind-janjgir,10328,ucdb-name
chn-qixia,10329,ucdb-name
ind-vuyyuru,10330,ucdb-name
chn-junan,10331,ucdb-name
ind-gopalganj,10332,ucdb-name
chn-tancheng,10333,ucdb-name
ind-ballia,10334,ucdb-name
chn-hengyang-2,10335,ucdb-name
ind-kudra,10336,ucdb-name
chn-bobai,10337,ucdb-name
ind-siwan,10338,ucdb-name
chn-fengtai,10339,ucdb-name
ind-raghunathpur,10340,ucdb-name
chn-meishan-2,10341,ucdb-name
ind-kochas,10342,ucdb-name
chn-mudanjiang,10343,ucdb-name
ind-chenari,10344,ucdb-name
chn-linshu,10345,ucdb-name
ind-champa,10346,ucdb-name
chn-tonghua,10347,ucdb-name
ind-repalle,10348,ucdb-name
chn-laixi,10349,ucdb-name
ind-bansdih,10350,ucdb-name
chn-jianghua,10351,ucdb-name
ind-jawkatia,10352,ucdb-name
chn-fushan,10353,ucdb-name
ind-mamarkha,10354,ucdb-name
chn-panji,10355,ucdb-name
ind-gudivada,10356,ucdb-name
chn-dongfang,10357,ucdb-name
ind-karaikal,10358,ucdb-name
chn-zhentou,10359,ucdb-name
ind-hasanpura,10360,ucdb-name
chn-jiaozhou,10361,ucdb-name
ind-nagapattinam,10362,ucdb-name
chn-sihecun,10363,ucdb-name
ind-dumraon,10364,ucdb-name
chn-hengshan-2,10365,ucdb-name
ind-ambikapur,10366,ucdb-name
chn-baoqing,10367,ucdb-name
ind-eluru,10368,ucdb-name
chn-guzhen,10369,ucdb-name
ind-raxaul,10370,ucdb-name
chn-tonghua-2,10371,ucdb-name
ind-sagauli,10372,ucdb-name
chn-huanren,10373,ucdb-name
ind-sahatwar,10374,ucdb-name
chn-changning-2,10375,ucdb-name
ind-ramgarhwa,10376,ucdb-name
chn-beiliu,10377,ucdb-name
ind-areraj,10378,ucdb-name
chn-zhongshan,10379,ucdb-name
ind-kuransarae,10380,ucdb-name
chn-laiyang,10381,ucdb-name
ind-harsidhi,10382,ucdb-name
chn-lingbi,10383,ucdb-name
chn-tongyang,10385,ucdb-name
ind-sasaram,10386,ucdb-name
chn-erdaojiang,10387,ucdb-name
ind-belhari,10388,ucdb-name
chn-ningyuan,10389,ucdb-name
ind-jangareddygudem,10390,ucdb-name
chn-shouxian,10391,ucdb-name
ind-barhampur,10392,ucdb-name
chn-kuandian,10393,ucdb-name
ind-nawanagar,10394,ucdb-name
chn-xinyi,10395,ucdb-name
ind-mahuar,10396,ucdb-name
chn-huangshi,10397,ucdb-name
chn-suining-2,10399,ucdb-name
ind-turkaulia,10400,ucdb-name
chn-luotian_county,10401,ucdb-name
ind-ekma,10402,ucdb-name
chn-tianjiaan,10403,ucdb-name
ind-machilipatnam,10404,ucdb-name
chn-ning_an,10405,ucdb-name
ind-suraimanpur,10406,ucdb-name
chn-xintian,10407,ucdb-name
ind-barharwa_khurd,10408,ucdb-name
chn-luchuan,10409,ucdb-name
ind-basantpur,10410,ucdb-name
chn-qingping,10411,ucdb-name
ind-garhwa,10412,ucdb-name
chn-huaiyuan,10413,ucdb-name
ind-sakti,10414,ucdb-name
chn-liuyang,10415,ucdb-name
ind-banjari,10416,ucdb-name
chn-dongjingcheng,10417,ucdb-name
ind-lahladpur,10418,ucdb-name
chn-rong,10419,ucdb-name
ind-bikramganj,10420,ucdb-name
chn-hengdong,10421,ucdb-name
ind-jagdalpur,10422,ucdb-name
chn-jixi,10423,ucdb-name
ind-pakaria,10424,ucdb-name
chn-xishui_county,10425,ucdb-name
ind-bahuara,10426,ucdb-name
chn-gugang,10427,ucdb-name
ind-dongam,10428,ucdb-name
chn-dunhua,10429,ucdb-name
ind-mahuawa,10430,ucdb-name
chn-jihongtan,10431,ucdb-name
ind-motihari,10432,ucdb-name
chn-baishan,10433,ucdb-name
ind-tilouthu,10434,ucdb-name
chn-jiangyuan,10435,ucdb-name
ind-umerkote,10436,ucdb-name
chn-rizhao,10437,ucdb-name
ind-bhopatpur,10438,ucdb-name
chn-yanxi,10439,ucdb-name
ind-sahebganj,10440,ucdb-name
chn-dandong,10441,ucdb-name
ind-husainabad,10442,ucdb-name
chn-teng,10443,ucdb-name
ind-marhaura,10444,ucdb-name
chn-pidong,10445,ucdb-name
ind-dehri,10446,ucdb-name
chn-bengbu,10447,ucdb-name
ind-behea,10448,ucdb-name
chn-qingdao,10449,ucdb-name
ind-manjhi,10450,ucdb-name
chn-shatian,10451,ucdb-name
ind-jagdispur,10452,ucdb-name
chn-hezhou,10453,ucdb-name
ind-masrakh,10454,ucdb-name
chn-changjiang_li_autonomous_county,10455,ucdb-name
ind-piro,10456,ucdb-name
chn-suqian,10457,ucdb-name
ind-malakanagiri,10458,ucdb-name
chn-anpu,10459,ucdb-name
ind-nasriganj,10460,ucdb-name
chn-hengshan-3,10461,ucdb-name
ind-chhapra,10462,ucdb-name
chn-liling,10463,ucdb-name
ind-tadepallegudem,10464,ucdb-name
chn-muling,10465,ucdb-name
ind-bhimavaram,10466,ucdb-name
chn-shiren,10467,ucdb-name
ind-dhanauji,10468,ucdb-name
chn-uc10469,10469,ucdb-id
ind-arrah,10470,ucdb-name
chn-donghai,10471,ucdb-name
ind-dhaka,10472,ucdb-name
chn-mashan,10473,ucdb-name
ind-chakia-2,10474,ucdb-name
chn-jingang,10475,ucdb-name
ind-daudnagar,10476,ucdb-name
chn-donggang,10477,ucdb-name
ind-pipra,10478,ucdb-name
chn-lanshan,10479,ucdb-name
ind-uc10480,10480,ucdb-id
chn-lu_an,10481,ucdb-name
ind-mahwal,10482,ucdb-name
chn-huangdao_district,10483,ucdb-name
ind-medininagar,10484,ucdb-name
chn-huangchuan-2,10485,ucdb-name
ind-patahi,10486,ucdb-name
chn-yingshan_county,10487,ucdb-name
ind-madhuban,10488,ucdb-name
chn-leiyang,10489,ucdb-name
ind-aurangabad,10490,ucdb-name
chn-xiejiazhuang,10491,ucdb-name
ind-nidadavolu,10492,ucdb-name
chn-pukou,10493,ucdb-name
ind-bairgania,10494,ucdb-name
chn-sixian,10495,ucdb-name
ind-sahar,10496,ucdb-name
ind-pach_pakri,10498,ucdb-name
chn-lanshan-2,10499,ucdb-name
ind-vishunpur,10500,ucdb-name
chn-jidong,10501,ucdb-name
ind-dighwara,10502,ucdb-name
chn-ganyu,10503,ucdb-name
ind-koliwar,10504,ucdb-name
chn-mouping,10505,ucdb-name
ind-phenhara,10506,ucdb-name
chn-lianjiang,10507,ucdb-name
ind-paroo,10508,ucdb-name
chn-qichun_county,10509,ucdb-name
ind-chirand,10510,ucdb-name
chn-xiushui,10511,ucdb-name
ind-mehsi,10512,ucdb-name
chn-shangli,10513,ucdb-name
ind-tanuku,10514,ucdb-name
chn-hejie,10515,ucdb-name
ind-haspura,10516,ucdb-name
chn-cenxi,10517,ucdb-name
ind-akhgaon,10518,ucdb-name
chn-changfeng,10519,ucdb-name
ind-sandesh,10520,ucdb-name
chn-wuzhou,10521,ucdb-name
ind-arwal,10522,ucdb-name
chn-huoshan,10523,ucdb-name
ind-rajamahendravaram,10524,ucdb-name
chn-huanglong,10525,ucdb-name
ind-kirodimal_nagar,10526,ucdb-name
chn-yangxin,10527,ucdb-name
ind-piprarhi,10528,ucdb-name
chn-fengyang,10529,ucdb-name
ind-jakhim,10530,ucdb-name
chn-nuodong,10531,ucdb-name
ind-baligawan,10532,ucdb-name
chn-longxu,10533,ucdb-name
ind-narasapuram,10534,ucdb-name
chn-xiangdong,10535,ucdb-name
ind-sheohar,10536,ucdb-name
chn-suixi,10537,ucdb-name
ind-dumri_katsari,10538,ucdb-name
chn-lianxing,10539,ucdb-name
ind-maner,10540,ucdb-name
chn-leizhou,10541,ucdb-name
ind-raigarh,10542,ucdb-name
chn-haizhou_district,10543,ucdb-name
ind-palakollu,10544,ucdb-name
chn-yanghe,10545,ucdb-name
ind-kalyanpur,10546,ucdb-name
chn-dongcun,10547,ucdb-name
ind-bihta,10548,ucdb-name
chn-guiyi,10549,ucdb-name
ind-bikram,10550,ucdb-name
chn-ledong_li_autonomous_county,10551,ucdb-name
ind-dadhapi,10552,ucdb-name
chn-pingxiang,10553,ucdb-name
ind-kadiyam,10554,ucdb-name
chn-nanxing,10555,ucdb-name
ind-goh,10556,ucdb-name
chn-wuhe,10557,ucdb-name
ind-paliganj,10558,ucdb-name
chn-longmen,10559,ucdb-name
ind-nabarangapur,10560,ucdb-name
chn-lingao_county,10561,ucdb-name
ind-ravulapalem,10562,ucdb-name
chn-zhanjiang,10563,ucdb-name
ind-rafiganj,10564,ucdb-name
chn-sihong_county,10565,ucdb-name
ind-madanpur,10566,ucdb-name
chn-anren,10567,ucdb-name
ind-parsauni,10568,ucdb-name
chn-uc10569,10569,ucdb-id
ind-naubatpur,10570,ucdb-name
chn-danzhou_city,10571,ucdb-name
ind-pakri,10572,ucdb-name
chn-shuyang,10573,ucdb-name
ind-satbarwa,10574,ucdb-name
chn-matian,10575,ucdb-name
ind-hajipur,10576,ucdb-name
chn-mishan,10577,ucdb-name
ind-mandapeta,10578,ucdb-name
chn-xugou,10579,ucdb-name
ind-sitamarhi,10580,ucdb-name
chn-meichuan,10581,ucdb-name
ind-belsand,10582,ucdb-name
chn-guiyang-2,10583,ucdb-name
ind-kothapeta,10584,ucdb-name
chn-weihai,10585,ucdb-name
ind-patna,10586,ucdb-name
chn-daye,10587,ucdb-name
ind-yeleswaram,10588,ucdb-name
chn-xinyi-2,10589,ucdb-name
ind-jeypore,10590,ucdb-name
chn-xiashan,10591,ucdb-name
ind-runisaidpur,10592,ucdb-name
chn-linjiang,10593,ucdb-name
ind-sikandar_pur,10594,ucdb-name
chn-fengkai,10595,ucdb-name
ind-ramachandrapuram,10596,ucdb-name
chn-huazhou-2,10597,ucdb-name
ind-balua,10598,ucdb-name
chn-tangzhui,10599,ucdb-name
ind-tekari,10600,ucdb-name
chn-luxi-2,10601,ucdb-name
ind-junagarh,10602,ucdb-name
chn-rushan,10603,ucdb-name
ind-masaurhi,10604,ucdb-name
chn-wuning,10605,ucdb-name
ind-jehanabad,10606,ucdb-name
chn-linwu,10607,ucdb-name
ind-peddapuram,10608,ucdb-name
chn-banpuzhen,10609,ucdb-name
ind-amalapuram,10610,ucdb-name
chn-wuxue,10611,ucdb-name
ind-pariharpur,10612,ucdb-name
chn-ji_an,10613,ucdb-name
ind-samarlakota,10614,ucdb-name
chn-gaozhou,10615,ucdb-name
ind-bajpatti,10616,ucdb-name
chn-yongxing,10617,ucdb-name
ind-makhdumpur,10618,ucdb-name
chn-liannan,10619,ucdb-name
ind-titlagarh,10620,ucdb-name
chn-changqi,10621,ucdb-name
ind-humayupur,10622,ucdb-name
chn-chaling,10623,ucdb-name
ind-berai,10624,ucdb-name
chn-songshan,10625,ucdb-name
ind-sherghati,10626,ucdb-name
chn-siyang,10627,ucdb-name
ind-pupri,10628,ucdb-name
chn-hefei,10629,ucdb-name
ind-bhutan,10630,ucdb-name
chn-lianzhou,10631,ucdb-name
ind-belaganj,10632,ucdb-name
chn-yunan,10633,ucdb-name
ind-pithapuram,10634,ucdb-name
chn-dingyuan,10635,ucdb-name
ind-kakinada,10636,ucdb-name
chn-damo_new_village,10637,ucdb-name
ind-modanganj,10638,ucdb-name
chn-xuwen,10639,ucdb-name
ind-nanpur,10640,ucdb-name
chn-wuzhishan_city,10641,ucdb-name
ind-gaya,10642,ucdb-name
chn-wanzai,10643,ucdb-name
ind-bargarh,10644,ucdb-name
chn-chenzhou,10645,ucdb-name
ind-yanam,10646,ucdb-name
chn-guanyun,10647,ucdb-name
ind-fatwah,10648,ucdb-name
chn-zhenwen,10649,ucdb-name
ind-bhawanipatna,10650,ucdb-name
chn-maoming,10651,ucdb-name
ind-salha,10652,ucdb-name
chn-tianya_district,10653,ucdb-name
ind-raghopur,10654,ucdb-name
chn-haiyangsuo,10655,ucdb-name
ind-gaighat,10656,ucdb-name
chn-wendeng,10657,ucdb-name
ind-khirz_sarai,10658,ucdb-name
chn-shucheng,10659,ucdb-name
ind-islampur-2,10660,ucdb-name
chn-wuchuan,10661,ucdb-name
ind-balangir,10662,ucdb-name
chn-yichun-2,10663,ucdb-name
ind-sunabeda,10664,ucdb-name
ind-ekangar_sarai,10666,ucdb-name
chn-chengmai_county,10667,ucdb-name
chn-huangmei_county,10669,ucdb-name
ind-katasa,10670,ucdb-name
chn-antu,10671,ucdb-name
ind-hilsa,10672,ucdb-name
chn-uc10673,10673,ucdb-id
ind-bakhtiyarpur,10674,ucdb-name
chn-ruichang,10675,ucdb-name
ind-sundargarh,10676,ucdb-name
chn-lianhua,10677,ucdb-name
ind-brajarajnagar,10678,ucdb-name
chn-zixing,10679,ucdb-name
ind-atri,10680,ucdb-name
chn-changliu,10681,ucdb-name
ind-chatra,10682,ucdb-name
chn-sanya,10683,ucdb-name
ind-parbalpur,10684,ucdb-name
chn-yizhang,10685,ucdb-name
ind-narsipatnam,10686,ucdb-name
chn-jinxi,10687,ucdb-name
ind-chahuta,10688,ucdb-name
chn-susong,10689,ucdb-name
ind-simri,10690,ucdb-name
chn-poxin,10691,ucdb-name
ind-shankardih,10692,ucdb-name
chn-taiping,10693,ucdb-name
ind-chandi,10694,ucdb-name
chn-xiuying_district,10695,ucdb-name
ind-tuni,10696,ucdb-name
chn-luoding,10697,ucdb-name
ind-rahika,10698,ucdb-name
chn-huaiji,10699,ucdb-name
ind-jharsuguda,10700,ucdb-name
chn-deqing,10701,ucdb-name
ind-hirakud,10702,ucdb-name
chn-lintou,10703,ucdb-name
ind-darbhanga,10704,ucdb-name
chn-guannan,10705,ucdb-name
ind-wazirganj,10706,ucdb-name
chn-dianbai,10707,ucdb-name
ind-lohardaga,10708,ucdb-name
ind-bahadurpur,10710,ucdb-name
chn-qianshan,10711,ucdb-name
ind-gumla,10712,ucdb-name
chn-sanhe-2,10713,ucdb-name
ind-sambalpur,10714,ucdb-name
chn-huaiyin_district,10715,ucdb-name
ind-bhagwanpur-2,10716,ucdb-name
chn-tunchang_county,10717,ucdb-name
ind-fatehpur-3,10718,ucdb-name
chn-xuyi_county,10719,ucdb-name
ind-kenar_fatehpur,10720,ucdb-name
chn-jiujiang,10721,ucdb-name
ind-rajgir,10722,ucdb-name
chn-shanggao,10723,ucdb-name
ind-rahui,10724,ucdb-name
chn-tongcheng-2,10725,ucdb-name
ind-jainagar,10726,ucdb-name
chn-xiaochikou,10727,ucdb-name
ind-bihar_sharif,10728,ucdb-name
chn-fenyi,10729,ucdb-name
ind-khajauli,10730,ucdb-name
chn-yangshan,10731,ucdb-name
ind-ratanpur,10732,ucdb-name
chn-xiangshui,10733,ucdb-name
ind-madhubani,10734,ucdb-name
chn-chaisang,10735,ucdb-name
ind-rasulpur,10736,ucdb-name
chn-rongcheng-2,10737,ucdb-name
ind-simdega,10738,ucdb-name
chn-shuzi,10739,ucdb-name
ind-hwanpura,10740,ucdb-name
chn-lianshui_county,10741,ucdb-name
ind-pawapuri,10742,ucdb-name
chn-hedong,10743,ucdb-name
ind-hisua,10744,ucdb-name
chn-huaining,10745,ucdb-name
ind-narhat,10746,ucdb-name
chn-suifenhe,10747,ucdb-name
ind-chodavaram,10748,ucdb-name
chn-chi_an,10749,ucdb-name
ind-pandaul,10750,ucdb-name
chn-bohe,10751,ucdb-name
ind-dahura,10752,ucdb-name
chn-huai_an_district,10753,ucdb-name
ind-nawada,10754,ucdb-name
chn-yongxin_county,10755,ucdb-name
ind-rayagada,10756,ucdb-name
chn-lujiang,10757,ucdb-name
ind-manigachhi,10758,ucdb-name
chn-uc10759,10759,ucdb-id
ind-mansurchak,10760,ucdb-name
chn-diancheng,10761,ucdb-name
ind-katrisarai,10762,ucdb-name
ind-anakapalle,10764,ucdb-name
chn-wangqing,10765,ucdb-name
ind-bibhutpur,10766,ucdb-name
chn-anyi,10767,ucdb-name
ind-barbigha,10768,ucdb-name
chn-yunfu,10769,ucdb-name
ind-warisaliganj,10770,ucdb-name
chn-lingshui_li_autonomous_county,10771,ucdb-name
ind-akbarpur-3,10772,ucdb-name
chn-jianhuai,10773,ucdb-name
ind-benipur,10774,ucdb-name
chn-anfu_county,10775,ucdb-name
ind-rajauli,10776,ucdb-name
chn-hukou,10777,ucdb-name
chn-xinyu,10779,ucdb-name
ind-rajgangpur,10780,ucdb-name
chn-nankang,10781,ucdb-name
ind-tardih,10782,ucdb-name
chn-guangning,10783,ucdb-name
ind-laxminia,10784,ucdb-name
chn-gao_an,10785,ucdb-name
ind-jhanjharpur,10786,ucdb-name
ind-banwaripur,10788,ucdb-name
chn-lechang,10789,ucdb-name
ind-bobbili,10790,ucdb-name
chn-yangchun,10791,ucdb-name
ind-thanam,10792,ucdb-name
chn-chuzhou,10793,ucdb-name
ind-parvathipuram,10794,ucdb-name
chn-tubu,10795,ucdb-name
ind-visakhapatnam,10796,ucdb-name
chn-qionghai,10797,ucdb-name
ind-roh,10798,ucdb-name
chn-yangxi,10799,ucdb-name
ind-mokama,10800,ucdb-name
chn-binhai,10801,ucdb-name
ind-thengha,10802,ucdb-name
chn-wangjiang,10803,ucdb-name
ind-pakribarawan,10804,ucdb-name
chn-yanji,10805,ucdb-name
ind-ukkunagaram_township,10806,ucdb-name
chn-jinhu_county,10807,ucdb-name
ind-lakhnaur,10808,ucdb-name
chn-helong,10809,ucdb-name
ind-gobindpur,10810,ucdb-name
chn-chaohu,10811,ucdb-name
ind-kodarma,10812,ucdb-name
chn-anqing,10813,ucdb-name
ind-hazaribagh,10814,ucdb-name
chn-wanning,10815,ucdb-name
ind-begusarai,10816,ucdb-name
chn-quanjiao,10817,ucdb-name
ind-sheikhpura,10818,ucdb-name
ind-supaul,10820,ucdb-name
chn-ruyuan,10821,ucdb-name
ind-cheria_bariarpur,10822,ucdb-name
chn-dongning,10823,ucdb-name
ind-devada,10824,ucdb-name
chn-zongyang,10825,ucdb-name
ind-birpur,10826,ucdb-name
chn-wenchengzhen,10827,ucdb-name
ind-nawada-2,10828,ucdb-name
chn-xinxing-2,10829,ucdb-name
ind-bhurkunda,10830,ucdb-name
chn-nanchang,10831,ucdb-name
ind-ranchi,10832,ucdb-name
chn-baoying,10833,ucdb-name
ind-vizianagaram,10834,ucdb-name
chn-zhaoqing,10835,ucdb-name
ind-phulparas,10836,ucdb-name
chn-funing-3,10837,ucdb-name
ind-barhiya,10838,ucdb-name
chn-longjing,10839,ucdb-name
ind-rourkela,10840,ucdb-name
chn-donggou,10841,ucdb-name
ind-pontinamallayyapalem,10842,ucdb-name
chn-hanshan,10843,ucdb-name
ind-bakhri,10844,ucdb-name
chn-heyun,10845,ucdb-name
ind-parkonch,10846,ucdb-name
chn-gaoyao,10847,ucdb-name
ind-nirmali,10848,ucdb-name
chn-sihui,10849,ucdb-name
ind-phulbani,10850,ucdb-name
chn-yangjiang,10851,ucdb-name
ind-matihani,10852,ucdb-name
chn-tumen,10853,ucdb-name
ind-sohma,10854,ucdb-name
chn-wuwei-2,10855,ucdb-name
ind-lakhisarai,10856,ucdb-name
chn-zhangshu,10857,ucdb-name
ind-rajam,10858,ucdb-name
chn-shaoguan,10859,ucdb-name
ind-alauli,10860,ucdb-name
chn-tianchang,10861,ucdb-name
ind-ramgarh,10862,ucdb-name
chn-qingyuan-2,10863,ucdb-name
ind-supaul-2,10864,ucdb-name
chn-ji_an_county,10865,ucdb-name
ind-sonbarsa_kacheri,10866,ucdb-name
chn-baitu,10867,ucdb-name
ind-balia,10868,ucdb-name
chn-yaodu,10869,ucdb-name
ind-chandanpur,10870,ucdb-name
chn-ji_an-2,10871,ucdb-name
ind-khunti,10872,ucdb-name
chn-beiguan,10873,ucdb-name
ind-dandari,10874,ucdb-name
chn-chizhou,10875,ucdb-name
chn-xingan,10877,ucdb-name
ind-bhaptiyahi,10878,ucdb-name
chn-jianhu,10879,ucdb-name
ind-saharsa,10880,ucdb-name
chn-uc10881,10881,ucdb-id
ind-sahebpur_kamal,10882,ucdb-name
chn-uc10883,10883,ucdb-id
ind-modnipur,10884,ucdb-name
chn-suichuan,10885,ucdb-name
ind-gamharia,10886,ucdb-name
chn-nanjing,10887,k15-roster
ind-sirinagar,10888,ucdb-name
chn-fuguancun,10889,ucdb-name
ind-danwar,10890,ucdb-name
chn-oucun,10891,ucdb-name
ind-khagaria,10892,ucdb-name
chn-liyang,10893,ucdb-name
ind-abhaipur,10894,ucdb-name
chn-qujiang,10895,ucdb-name
ind-barki_saria,10896,ucdb-name
chn-jishui,10897,ucdb-name
ind-simri_bakhtiarpur,10898,ucdb-name
chn-fengcheng-2,10899,ucdb-name
ind-raghopur-2,10900,ucdb-name
chn-chengjiang-2,10901,ucdb-name
ind-jamui,10902,ucdb-name
chn-enping,10903,ucdb-name
ind-munger,10904,ucdb-name
chn-uc10905,10905,ucdb-id
ind-srikakulam,10906,ucdb-name
chn-jinli,10907,ucdb-name
ind-ganpatganj,10908,ucdb-name
chn-tongling,10909,ucdb-name
ind-tribeniganj,10910,ucdb-name
chn-yingde,10911,ucdb-name
ind-madhepura,10912,ucdb-name
chn-sanshui,10913,ucdb-name
ind-banma_itahri,10914,ucdb-name
chn-ma_anshan,10915,ucdb-name
ind-jhundo,10916,ucdb-name
chn-furong,10917,ucdb-name
ind-bundu,10918,ucdb-name
chn-sheyang,10919,ucdb-name
ind-manori,10920,ucdb-name
chn-gaoming,10921,ucdb-name
ind-kathara,10922,ucdb-name
chn-leping,10923,ucdb-name
ind-paralakhemundi,10924,ucdb-name
chn-gaoyou,10925,ucdb-name
ind-maheshkhunt,10926,ucdb-name
chn-wuhu,10927,ucdb-name
ind-dumri,10928,ucdb-name
chn-shiling,10929,ucdb-name
ind-bariarpur,10930,ucdb-name
chn-yongfeng,10931,ucdb-name
ind-mansa_nagar,10932,ucdb-name
chn-guangzhou,10933,ucdb-name
ind-jhajha,10934,ucdb-name
chn-dangtu,10935,ucdb-name
ind-phusro,10936,ucdb-name
chn-huadu,10937,ucdb-name
ind-kharagpur,10938,ucdb-name
chn-xiangshan,10939,ucdb-name
ind-sher_chakla,10940,ucdb-name
chn-yancheng,10941,ucdb-name
ind-bhanjanagar,10942,ucdb-name
chn-qinnan,10943,ucdb-name
ind-parbatta,10944,ucdb-name
chn-yizheng,10945,ucdb-name
ind-muri,10946,ucdb-name
chn-shangyou,10947,ucdb-name
ind-barbil,10948,ucdb-name
chn-kaiping,10949,ucdb-name
ind-murliganj,10950,ucdb-name
chn-shixing,10951,ucdb-name
ind-chakradharpur,10952,ucdb-name
chn-fanchang,10953,ucdb-name
ind-giridih,10954,ucdb-name
chn-jinxian,10955,ucdb-name
ind-tekkali,10956,ucdb-name
chn-poyang,10957,ucdb-name
ind-bhargama,10958,ucdb-name
chn-dayu,10959,ucdb-name
ind-sultanganj,10960,ucdb-name
chn-heshan,10961,ucdb-name
ind-gopalpur,10962,ucdb-name
chn-shuikou,10963,ucdb-name
ind-alamnagar,10964,ucdb-name
chn-shijiao,10965,ucdb-name
ind-tarapur,10966,ucdb-name
chn-huadong,10967,ucdb-name
ind-jogbani,10968,ucdb-name
chn-hunchun,10969,ucdb-name
ind-bokaro,10970,ucdb-name
chn-huolong,10971,ucdb-name
ind-chandrapura,10972,ucdb-name
chn-yangzhou,10973,ucdb-name
ind-forbesganj,10974,ucdb-name
chn-siqian,10975,ucdb-name
ind-bihpur,10976,ucdb-name
chn-lukou,10977,ucdb-name
ind-pakariya,10978,ucdb-name
chn-xinghua-2,10979,ucdb-name
ind-puraini,10980,ucdb-name
chn-nanxiong,10981,ucdb-name
ind-asika,10982,ucdb-name
chn-tangjiang,10983,ucdb-name
ind-angul,10984,ucdb-name
chn-taishan,10985,ucdb-name
ind-palasa_kasibugga,10986,ucdb-name
chn-shaobo,10987,ucdb-name
ind-raniganj,10988,ucdb-name
chn-dagang,10989,ucdb-name
ind-banmankhi,10990,ucdb-name
chn-jiangdu_district,10991,ucdb-name
ind-talcher,10992,ucdb-name
chn-yugan,10993,ucdb-name
ind-phulidumar,10994,ucdb-name
chn-nankang-2,10995,ucdb-name
ind-chausa,10996,ucdb-name
chn-bashan,10997,ucdb-name
ind-dhanbad,10998,ucdb-name
chn-le_an,10999,ucdb-name
ind-amarpur,11000,ucdb-name
chn-bowang,11001,ucdb-name
ind-chaibasa,11002,ucdb-name
chn-ganzhou,11003,ucdb-name
ind-polasara,11004,ucdb-name
chn-conghua,11005,ucdb-name
ind-dhamdaha,11006,ucdb-name
chn-jurong,11007,ucdb-name
ind-bhagalpur,11008,ucdb-name
chn-nanling,11009,ucdb-name
ind-kharik,11010,ucdb-name
chn-jingdezhen,11011,ucdb-name
ind-deoghar,11012,ucdb-name
chn-taiping-2,11013,ucdb-name
ind-naugachia,11014,ucdb-name
chn-zhenjiang,11015,ucdb-name
ind-araria,11016,ucdb-name
chn-wanzhi,11017,ucdb-name
ind-brahmapur,11018,ucdb-name
chn-fuzhou,11019,ucdb-name
ind-bhushan_steel_city,11020,ucdb-name
chn-lishui,11021,ucdb-name
ind-madhupur,11022,ucdb-name
chn-wengyuan,11023,ucdb-name
ind-kendujhargarh,11024,ucdb-name
chn-dantu_district,11025,ucdb-name
ind-kotwali,11026,ucdb-name
chn-xinlong,11027,ucdb-name
ind-banka,11028,ucdb-name
chn-xingguo,11029,ucdb-name
ind-simla,11030,ucdb-name
chn-dongxiang,11031,ucdb-name
ind-jamshedpur,11032,ucdb-name
chn-gaochun,11033,ucdb-name
ind-nayagarh,11034,ucdb-name
chn-leping-2,11035,ucdb-name
ind-balarampur,11036,ucdb-name
chn-taizhou,11037,ucdb-name
ind-satar_halt,11038,ucdb-name
chn-dafeng,11039,ucdb-name
ind-purulia,11040,ucdb-name
chn-jing,11041,ucdb-name
ind-jokihat,11042,ucdb-name
chn-xingtai-2,11043,ucdb-name
ind-purnia,11044,ucdb-name
chn-yihuang,11045,ucdb-name
ind-barari,11046,ucdb-name
chn-sanjiao,11047,ucdb-name
ind-kahalgaon,11048,ucdb-name
chn-quannan,11049,ucdb-name
ind-chhatrapur,11050,ucdb-name
chn-xinfeng,11051,ucdb-name
ind-baghua,11052,ucdb-name
chn-wannian,11053,ucdb-name
ind-dhuraia,11054,ucdb-name
chn-wanqingsha,11055,ucdb-name
ind-darjeeling,11056,ucdb-name
chn-danyang_city,11057,ucdb-name
ind-uc11058,11058,ucdb-id
chn-pingsha,11059,ucdb-name
ind-semapur,11060,ucdb-name
chn-xuancheng,11061,ucdb-name
ind-mehrma,11062,ucdb-name
chn-getian,11063,ucdb-name
ind-balugaon,11064,ucdb-name
chn-xinfeng-2,11065,ucdb-name
ind-nirsa,11066,ucdb-name
chn-dongtai,11067,ucdb-name
ind-nuapatna,11068,ucdb-name
chn-yangzhong,11069,ucdb-name
ind-bahadurganj,11070,ucdb-name
chn-dengbu,11071,ucdb-name
ind-murgia_chak,11072,ucdb-name
chn-gaogang,11073,ucdb-name
ind-sundarpur,11074,ucdb-name
chn-doumen,11075,ucdb-name
ind-godda,11076,ucdb-name
chn-yudu,11077,ucdb-name
ind-katihar,11078,ucdb-name
chn-zhuhai_macau,11079,ucdb-name
ind-asansol,11080,ucdb-name
chn-jiangyan,11081,ucdb-name
ind-dhenkanal,11082,ucdb-name
chn-longnan,11083,ucdb-name
ind-mahagama,11084,ucdb-name
chn-danbei,11085,ucdb-name
ind-pauakhali,11086,ucdb-name
chn-lianping,11087,ucdb-name
ind-baisi,11088,ucdb-name
chn-jinwan,11089,ucdb-name
ind-chittaranjan,11090,ucdb-name
chn-jincheng_town,11091,ucdb-name
ind-dalkola,11092,ucdb-name
chn-binjiangzhen,11093,ucdb-name
ind-manihari,11094,ucdb-name
chn-jinxi-2,11095,ucdb-name
ind-kishanganj,11096,ucdb-name
chn-longmen-2,11097,ucdb-name
ind-thakurganj,11098,ucdb-name
chn-jaingbian,11099,ucdb-name
ind-ghatsila,11100,ucdb-name
chn-taixing,11101,ucdb-name
ind-khusalpur,11102,ucdb-name
chn-yanwucun,11103,ucdb-name
ind-khordha,11104,ucdb-name
chn-liyang-2,11105,ucdb-name
ind-gangtok,11106,ucdb-name
chn-nancheng,11107,ucdb-name
ind-sahibganj,11108,ucdb-name
chn-dexing,11109,ucdb-name
ind-siliguri,11110,ucdb-name
chn-uc11111,11111,ucdb-id
ind-dumka,11112,ucdb-name
chn-changzhou,11113,ucdb-name
ind-jatani,11114,ucdb-name
chn-taipa,11115,ucdb-name
ind-azamnagar,11116,ucdb-name
chn-wuyuan-2,11117,ucdb-name
ind-cuttack,11118,ucdb-name
chn-huayuan-2,11119,ucdb-name
ind-islampur-3,11120,ucdb-name
chn-uc11121,11121,ucdb-id
ind-bhubaneshwar,11122,ucdb-name
chn-ningdu,11123,ucdb-name
ind-amdabad,11124,ucdb-name
chn-hai_an,11125,ucdb-name
ind-jamuria,11126,ucdb-name
chn-zhongxin,11127,ucdb-name
ind-mejia,11128,ucdb-name
chn-huangqiao,11129,ucdb-name
ind-jagatpur,11130,ucdb-name
chn-nanfeng,11131,ucdb-name
ind-byasanagar,11132,ucdb-name
chn-dingnan,11133,ucdb-name
ind-julabditola,11134,ucdb-name
chn-huangshan,11135,ucdb-name
chn-ningguo,11137,ucdb-name
ind-durlovpur,11138,ucdb-name
chn-guangchang,11139,ucdb-name
ind-bankura,11140,ucdb-name
chn-shexian,11141,ucdb-name
ind-rajmahal,11142,ucdb-name
chn-heping-2,11143,ucdb-name
ind-pandaveswar,11144,ucdb-name
chn-boluo,11145,ucdb-name
ind-hiranpur,11146,ucdb-name
chn-yiyang-2,11147,ucdb-name
ind-puri,11148,ucdb-name
chn-anyuan,11149,ucdb-name
ind-raiganj,11150,ucdb-name
chn-rugao,11151,ucdb-name
ind-chanchal,11152,ucdb-name
chn-jingjiang,11153,ucdb-name
ind-barharwa,11154,ucdb-name
chn-tuen_mun,11155,ucdb-name
ind-bijali,11156,ucdb-name
chn-jiangyin,11157,ucdb-name
ind-manikchak,11158,ucdb-name
chn-heyuan,11159,ucdb-name
ind-naksimal,11160,ucdb-name
chn-puqian,11161,ucdb-name
ind-mal_bazaar,11162,ucdb-name
chn-guangde,11163,ucdb-name
ind-waria,11164,ucdb-name
chn-shenglicun,11165,ucdb-name
ind-salepur,11166,ucdb-name
chn-tung_chung,11167,ucdb-name
ind-kalaspur,11168,ucdb-name
chn-yixing,11169,ucdb-name
ind-barjora,11170,ucdb-name
chn-hengfeng,11171,ucdb-name
ind-jalpaiguri,11172,ucdb-name
chn-huizhou,11173,ucdb-name
ind-uttar_chandipur,11174,ucdb-name
chn-huichang,11175,ucdb-name
ind-durgapur,11176,ucdb-name
chn-shibei,11177,ucdb-name
ind-balachandrapur,11178,ucdb-name
chn-ruijin,11179,ucdb-name
ind-siuri,11180,ucdb-name
chn-fanling,11181,ucdb-name
ind-jajpur,11182,ucdb-name
chn-lichuan-2,11183,ucdb-name
ind-dhulian,11184,ucdb-name
chn-hong_kong,11185,k15-roster
ind-pakaur,11186,ucdb-name
chn-xinxu,11187,ucdb-name
ind-baripada,11188,ucdb-name
chn-dingshu,11189,ucdb-name
ind-jagatsinghpur,11190,ucdb-name
chn-yuqi,11191,ucdb-name
ind-khagmarihatpara,11192,ucdb-name
chn-shicheng,11193,ucdb-name
ind-chamagram,11194,ucdb-name
chn-zhangjiagang,11195,ucdb-name
ind-kaliyaganj,11196,ucdb-name
chn-tai_po,11197,ucdb-name
ind-jhargram,11198,ucdb-name
chn-suzhou-2,11199,ucdb-name
ind-rajgan,11200,ucdb-name
chn-qingyang-2,11201,ucdb-name
ind-bhadrak,11202,ucdb-name
chn-yantian_district,11203,ucdb-name
ind-malda,11204,ucdb-name
chn-hekou,11205,ucdb-name
ind-buhalpur,11206,ucdb-name
chn-huiyang,11207,ucdb-name
ind-gazole,11208,ucdb-name
chn-sha_tin,11209,ucdb-name
ind-maynaguri,11210,ucdb-name
chn-shangrao,11211,ucdb-name
ind-sujapur,11212,ucdb-name
chn-changning-3,11213,ucdb-name
ind-chari_anantapur,11214,ucdb-name
chn-dapeng_new_district,11215,ucdb-name
ind-sainthia,11216,ucdb-name
ind-bishnupur,11218,ucdb-name
chn-guangze,11219,ucdb-name
ind-chauhaddi,11220,ucdb-name
chn-longchuan,11221,ucdb-name
ind-nalhati,11222,ucdb-name
chn-jinfeng,11223,ucdb-name
ind-rampurhat,11224,ucdb-name
chn-nantong,11225,ucdb-name
ind-haldibari,11226,ucdb-name
chn-changxing,11227,ucdb-name
ind-paikar,11228,ucdb-name
chn-huidong,11229,ucdb-name
ind-tirtol,11230,ucdb-name
chn-xibei,11231,ucdb-name
chn-anji,11233,ucdb-name
ind-betnoti,11234,ucdb-name
chn-changting,11235,ucdb-name
ind-soro,11236,ucdb-name
chn-yushan,11237,ucdb-name
ind-maharakul,11238,ucdb-name
chn-ninghua,11239,ucdb-name
ind-kendrapara,11240,ucdb-name
chn-fenghuang,11241,ucdb-name
ind-dhupguri,11242,ucdb-name
chn-zijin,11243,ucdb-name
ind-margram,11244,ucdb-name
chn-yangkou,11245,ucdb-name
ind-bulbulchandi,11246,ucdb-name
chn-rudong,11247,ucdb-name
ind-bolpur,11248,ucdb-name
ind-chandrakona_road,11250,ucdb-name
chn-changshu,11251,ucdb-name
ind-pattamundai,11252,ucdb-name
chn-chun_an_county,11253,ucdb-name
ind-gangarampur,11254,ucdb-name
chn-wuping,11255,ucdb-name
ind-balasore,11256,ucdb-name
chn-guangfu,11257,ucdb-name
ind-panchgram,11258,ucdb-name
chn-huzhou,11259,ucdb-name
ind-bhatapada,11260,ucdb-name
chn-shaowu,11261,ucdb-name
ind-kharagpur-2,11262,ucdb-name
chn-zhangpu,11263,ucdb-name
ind-medinipur,11264,ucdb-name
chn-pingyuan-2,11265,ucdb-name
ind-lalgola,11266,ucdb-name
chn-huacheng,11267,ucdb-name
ind-kandi,11268,ucdb-name
chn-jilong,11269,ucdb-name
ind-chandrakona,11270,ucdb-name
chn-fenshui,11271,ucdb-name
ind-falakata,11272,ucdb-name
chn-xingning,11273,ucdb-name
ind-paradip,11274,ucdb-name
chn-jiangshan,11275,ucdb-name
ind-jaigaon,11276,ucdb-name
chn-meili,11277,ucdb-name
ind-matabhanga,11278,ucdb-name
chn-quzhou-2,11279,ucdb-name
ind-berhampore,11280,ucdb-name
chn-lin_an_district,11281,ucdb-name
ind-jiaganj_azimganj,11282,ucdb-name
chn-huangbu,11283,ucdb-name
ind-bardhaman,11284,ucdb-name
chn-deqing-2,11285,ucdb-name
ind-kalchini,11286,ucdb-name
chn-zhili,11287,ucdb-name
ind-salar,11288,ucdb-name
chn-dongshan,11289,ucdb-name
ind-balurghat,11290,ucdb-name
chn-linhu,11291,ucdb-name
ind-balichak,11292,ucdb-name
chn-wuyishan,11293,ucdb-name
ind-beldanga,11294,ucdb-name
chn-haimen,11295,ucdb-name
ind-arambagh,11296,ucdb-name
chn-jiande,11297,ucdb-name
ind-ghatal,11298,ucdb-name
chn-jiaoling,11299,ucdb-name
ind-saktipur,11300,ucdb-name
chn-shanghang,11301,ucdb-name
ind-tamluk,11302,ucdb-name
chn-wuhua,11303,ucdb-name
ind-katwa,11304,ucdb-name
chn-hengshan-4,11305,ucdb-name
ind-pundibari,11306,ucdb-name
chn-nanxun,11307,ucdb-name
ind-kanchra,11308,ucdb-name
chn-meilong,11309,ucdb-name
ind-cooch_behar,11310,ucdb-name
chn-hangzhou,11311,ucdb-name
ind-khanakul,11312,ucdb-name
chn-anliu,11313,ucdb-name
ind-panskura,11314,ucdb-name
chn-xindeng,11315,ucdb-name
ind-alipurduar,11316,ucdb-name
chn-meizhou,11317,ucdb-name
ind-trimohini,11318,ucdb-name
chn-uc11319,11319,ucdb-id
ind-amarshi,11320,ucdb-name
chn-haifeng,11321,ucdb-name
ind-egra,11322,ucdb-name
chn-tangqi,11323,ucdb-name
ind-panchananpur,11324,ucdb-name
chn-xinshi-2,11325,ucdb-name
ind-parhati,11326,ucdb-name
chn-shaxi,11327,ucdb-name
ind-pagla_chandi,11328,ucdb-name
chn-tonglu_county,11329,ucdb-name
ind-digha,11330,ucdb-name
chn-gongping,11331,ucdb-name
ind-tarkeshwar,11332,ucdb-name
chn-fuyang-2,11333,ucdb-name
ind-udaynarayanpur,11334,ucdb-name
chn-wangjiangjing,11335,ucdb-name
ind-nawada-3,11336,ucdb-name
chn-uc11337,11337,ucdb-id
ind-nutanbilkumari,11338,ucdb-name
chn-zhouquan,11339,ucdb-name
ind-dinhata,11340,ucdb-name
chn-lvsigang,11341,ucdb-name
ind-domkal,11342,ucdb-name
chn-shanwei,11343,ucdb-name
ind-nadanghat,11344,ucdb-name
chn-shanghai,11345,ucdb-name
ind-debandi,11346,ucdb-name
chn-luhe,11347,ucdb-name
ind-bethuadahari,11348,ucdb-name
chn-lili,11349,ucdb-name
ind-muragacha,11350,ucdb-name
chn-jianyang-2,11351,ucdb-name
ind-kolkata,11352,ucdb-name
chn-lanxi-2,11353,ucdb-name
ind-nabadwip,11354,ucdb-name
chn-qiandeng,11355,ucdb-name
ind-tufanganj,11356,ucdb-name
chn-chongfu,11357,ucdb-name
ind-haripal,11358,ucdb-name
chn-pucheng-2,11359,ucdb-name
ind-chandipur,11360,ucdb-name
chn-tongxiang,11361,ucdb-name
ind-kalna,11362,ucdb-name
chn-jiexi,11363,ucdb-name
ind-contai,11364,ucdb-name
chn-jiaxing,11365,ucdb-name
ind-mahishadal,11366,ucdb-name
chn-uc11367,11367,ucdb-id
ind-karimpur,11368,ucdb-name
chn-chongming,11369,ucdb-name
ind-bishnupur-2,11370,ucdb-name
chn-yong_an-2,11371,ucdb-name
ind-pandua,11372,ucdb-name
chn-lufeng-2,11373,ucdb-name
ind-krishnanagar,11374,ucdb-name
chn-zhujiajiao,11375,ucdb-name
ind-kamarda,11376,ucdb-name
chn-qidong-2,11377,ucdb-name
ind-shantipur,11378,ucdb-name
chn-jinhua,11379,ucdb-name
ind-chapra,11380,ucdb-name
chn-sanming,11381,ucdb-name
ind-badkulla,11382,ucdb-name
chn-lingpu,11383,ucdb-name
ind-balagarh,11384,ucdb-name
chn-fengshun,11385,ucdb-name
ind-gossaigaon,11386,ucdb-name
chn-jiashan,11387,ucdb-name
ind-durgachak,11388,ucdb-name
chn-uc11389,11389,ucdb-id
ind-aranghata,11390,ucdb-name
chn-jingxiyuan,11391,ucdb-name
ind-ranaghat,11392,ucdb-name
chn-yongding,11393,ucdb-name
ind-chakdaha,11394,ucdb-name
chn-haining,11395,ucdb-name
ind-diamond_harbour,11396,ucdb-name
chn-longyan,11397,ucdb-name
ind-haringhata,11398,ucdb-name
chn-pujiang-2,11399,ucdb-name
ind-duttapulia,11400,ucdb-name
chn-sha,11401,ucdb-name
ind-dhubri,11402,ucdb-name
chn-jinhe,11403,ucdb-name
ind-kakdwip,11404,ucdb-name
chn-fengjing,11405,ucdb-name
ind-mallikpratap,11406,ucdb-name
chn-shantou,11407,ucdb-name
ind-purba_rameshwarpur,11408,ucdb-name
chn-zhuji,11409,ucdb-name
ind-habra,11410,ucdb-name
chn-diankou,11411,ucdb-name
ind-hatsinigmari,11412,ucdb-name
chn-jieshi-2,11413,ucdb-name
ind-bilasipara,11414,ucdb-name
chn-jian_ou,11415,ucdb-name
ind-bazarati,11416,ucdb-name
chn-pinghu,11417,ucdb-name
ind-mousani,11418,ucdb-name
chn-yinong,11419,ucdb-name
ind-jaynagar_majilpur,11420,ucdb-name
chn-dabu,11421,ucdb-name
ind-sondalia,11422,ucdb-name
chn-kuitan,11423,ucdb-name
ind-rajgara,11424,ucdb-name
chn-xietang,11425,ucdb-name
ind-singrimari,11426,ucdb-name
chn-xindai,11427,ucdb-name
ind-mankachar,11428,ucdb-name
chn-zhujing,11429,ucdb-name
ind-baduria,11430,ucdb-name
chn-uc11431,11431,ucdb-id
ind-chandpara,11432,ucdb-name
chn-dachen_town,11433,ucdb-name
ind-dakshin_gopalnagar,11434,ucdb-name
chn-yanping,11435,ucdb-name
ind-bangaon,11436,ucdb-name
chn-haiyan,11437,ucdb-name
ind-chibinang,11438,ucdb-name
chn-yiwu,11439,ucdb-name
ind-haroa,11440,ucdb-name
chn-longquan,11441,ucdb-name
ind-minakhan,11442,ucdb-name
chn-changxing-2,11443,ucdb-name
ind-canning,11444,ucdb-name
chn-yexie,11445,ucdb-name
ind-swarupnagar,11446,ucdb-name
chn-suxi,11447,ucdb-name
ind-basirhat,11448,ucdb-name
chn-zhapu,11449,ucdb-name
ind-bongaigaon,11450,ucdb-name
chn-fengqiao,11451,ucdb-name
ind-buran_gabarda,11452,ucdb-name
chn-jiadong,11453,ucdb-name
ind-charanikhali,11454,ucdb-name
chn-zhangping,11455,ucdb-name
ind-taki,11456,ucdb-name
chn-fotang,11457,ucdb-name
ind-tura,11458,ucdb-name
chn-songyang_county,11459,ucdb-name
ind-bijni,11460,ucdb-name
chn-wuyi_county,11461,ucdb-name
ind-sonagar,11462,ucdb-name
chn-tinglin,11463,ucdb-name
ind-abhayapuri,11464,ucdb-name
chn-uc11465,11465,ucdb-id
ind-goalpara,11466,ucdb-name
chn-xixi,11467,ucdb-name
ind-parghumti,11468,ucdb-name
chn-dongyang,11469,ucdb-name
ind-kalgachia,11470,ucdb-name
chn-daoxu,11471,ucdb-name
ind-krishnai,11472,ucdb-name
chn-jinshan,11473,ucdb-name
ind-barpeta_road,11474,ucdb-name
chn-xilu,11475,ucdb-name
ind-baniarapara,11476,ucdb-name
chn-uc11477,11477,ucdb-id
ind-barpeta,11478,ucdb-name
chn-raoyang,11479,ucdb-name
ind-nagarbera,11480,ucdb-name
chn-huilai,11481,ucdb-name
ind-bohori,11482,ucdb-name
chn-zhelin,11483,ucdb-name
ind-kharua,11484,ucdb-name
chn-shangyu_district,11485,ucdb-name
ind-goroimari,11486,ucdb-name
chn-yongkang,11487,ucdb-name
ind-nalbari,11488,ucdb-name
chn-cixi,11489,ucdb-name
ind-kamarkuchi,11490,ucdb-name
chn-youxi,11491,ucdb-name
ind-rangia,11492,ucdb-name
ind-azara,11494,ucdb-name
chn-nanma,11495,ucdb-name
ind-baihata,11496,ucdb-name
chn-hexi,11497,ucdb-name
ind-tangla,11498,ucdb-name
chn-hengdian,11499,ucdb-name
ind-guwahati,11500,ucdb-name
chn-zhiying,11501,ucdb-name
ind-udalguri,11502,ucdb-name
chn-yunhe_county,11503,ucdb-name
ind-mangaldoi,11504,ucdb-name
chn-xian_an,11505,ucdb-name
ind-kharupetia,11506,ucdb-name
chn-chenghai,11507,ucdb-name
ind-shillong,11508,ucdb-name
chn-nanjing-2,11509,ucdb-name
ind-nakhola,11510,ucdb-name
chn-lishui-2,11511,ucdb-name
ind-dhekiajuli,11512,ucdb-name
chn-pinghe,11513,ucdb-name
ind-moirabari,11514,ucdb-name
chn-haojiang,11515,ucdb-name
ind-marigaon,11516,ucdb-name
chn-yuyao,11517,ucdb-name
ind-agartala,11518,ucdb-name
chn-raoping,11519,ucdb-name
ind-tezpur,11520,ucdb-name
chn-jinyun_county,11521,ucdb-name
ind-jowai,11522,ucdb-name
chn-uc11523,11523,ucdb-id
ind-nagaon,11524,ucdb-name
chn-wenjiancun,11525,ucdb-name
ind-samaguri,11526,ucdb-name
chn-shengshan,11527,ucdb-name
ind-puranigudam,11528,ucdb-name
chn-huzhen,11529,ucdb-name
ind-udaipur-2,11530,ucdb-name
chn-shengzhou,11531,ucdb-name
ind-kaliabor,11532,ucdb-name
chn-gutian,11533,ucdb-name
ind-bishwanath_charaili,11534,ucdb-name
chn-xinchang,11535,ucdb-name
ind-kailashahar,11536,ucdb-name
chn-zhangzhou,11537,ucdb-name
ind-hojai,11538,ucdb-name
chn-hutou,11539,ucdb-name
ind-zakiganj,11540,ucdb-name
chn-zhao_an,11541,ucdb-name
ind-kumarghat,11542,ucdb-name
chn-yangtian,11543,ucdb-name
ind-dharmanagar,11544,ucdb-name
chn-dehua,11545,ucdb-name
ind-lanka,11546,ucdb-name
chn-yunxiao,11547,ucdb-name
ind-itanagar,11548,ucdb-name
chn-cicheng,11549,ucdb-name
ind-badarpur,11550,ucdb-name
chn-yongchun,11551,ucdb-name
ind-hailakandi,11552,ucdb-name
chn-guanqiao,11553,ucdb-name
ind-bokakhat,11554,ucdb-name
chn-taishun,11555,ucdb-name
ind-silchar,11556,ucdb-name
chn-uc11557,11557,ucdb-id
ind-lumding,11558,ucdb-name
chn-anxi,11559,ucdb-name
ind-lala,11560,ucdb-name
chn-zhangpu-2,11561,ucdb-name
ind-haflong,11562,ucdb-name
chn-ningbo,11563,ucdb-name
ind-udharbond,11564,ucdb-name
chn-xikou,11565,ucdb-name
ind-north_lakhimpur,11566,ucdb-name
chn-xianju_county,11567,ucdb-name
ind-pailapool,11568,ucdb-name
chn-zhenhai_district,11569,ucdb-name
ind-diphu,11570,ucdb-name
chn-guankou,11571,ucdb-name
ind-kolasib,11572,ucdb-name
chn-tiantai_county,11573,ucdb-name
ind-lakhipur,11574,ucdb-name
chn-uc11575,11575,ucdb-id
ind-golaghat,11576,ucdb-name
chn-fenghua_district,11577,ucdb-name
ind-dimapur,11578,ucdb-name
chn-qingtian,11579,ucdb-name
ind-aizawl,11580,ucdb-name
chn-luncang,11581,ucdb-name
ind-jorhat,11582,ucdb-name
chn-jiangshan-2,11583,ucdb-name
ind-dhemaji,11584,ucdb-name
chn-tong_an,11585,ucdb-name
ind-titabor,11586,ucdb-name
chn-wencheng,11587,ucdb-name
ind-silapathar,11588,ucdb-name
chn-fu_an,11589,ucdb-name
ind-sivasagar,11590,ucdb-name
chn-jimei,11591,ucdb-name
ind-dibrugarh,11592,ucdb-name
chn-xiamen_city,11593,ucdb-name
ind-lunglei,11594,ucdb-name
chn-wenxi-2,11595,ucdb-name
ind-wokha,11596,ucdb-name
chn-nan_an-2,11597,ucdb-name
chn-xianyou,11599,ucdb-name
ind-nazira,11600,ucdb-name
chn-meishan-3,11601,ucdb-name
ind-moranhat,11602,ucdb-name
chn-neicuo,11603,ucdb-name
ind-mokokchung,11604,ucdb-name
chn-minhou,11605,ucdb-name
ind-senapati,11606,ucdb-name
chn-yongtai_county,11607,ucdb-name
ind-imphal,11608,ucdb-name
chn-luojiang,11609,ucdb-name
ind-churachandpur,11610,ucdb-name
chn-xidian,11611,ucdb-name
ind-tinsukia,11612,ucdb-name
chn-kangmei,11613,ucdb-name
ind-thoubal,11614,ucdb-name
chn-beilun_district,11615,ucdb-name
ind-duliajan,11616,ucdb-name
chn-ningde,11617,ucdb-name
ind-wangjing,11618,ucdb-name
chn-xiaducun,11619,ucdb-name
ind-kakching,11620,ucdb-name
chn-fuzhou-2,11621,ucdb-name
ind-ukhrul,11622,ucdb-name
chn-quanzhou-2,11623,ucdb-name
ind-digboi,11624,ucdb-name
chn-ninghai_county,11625,ucdb-name
ind-margherita,11626,ucdb-name
chn-daishan_county,11627,ucdb-name
ind-port_blair,11628,ucdb-name
chn-linhai,11629,ucdb-name
chn-wenzhou,11630,ucdb-name
chn-haiyou,11631,ucdb-name
chn-luoyuan,11632,ucdb-name
chn-shuitou,11633,ucdb-name
chn-jiaowei,11634,ucdb-name
chn-dinghai_district,11635,ucdb-name
chn-putian,11636,ucdb-name
chn-jieshan,11637,ucdb-name
chn-fuding,11638,ucdb-name
chn-xianjiang,11639,ucdb-name
chn-mawei,11640,ucdb-name
chn-lianjiang-2,11641,ucdb-name
chn-hui_an,11642,ucdb-name
chn-zhoushan,11643,ucdb-name
chn-cangnan,11644,ucdb-name
chn-qingkou,11645,ucdb-name
chn-quangang,11646,ucdb-name
chn-baiqi,11647,ucdb-name
chn-huangyan_district,11648,ucdb-name
chn-chashan,11649,ucdb-name
chn-xiapu,11650,ucdb-name
chn-longgang-2,11651,ucdb-name
chn-shenhu,11652,ucdb-name
chn-yueqing,11653,ucdb-name
chn-pingyang,11654,ucdb-name
chn-changle-2,11655,ucdb-name
chn-putuo_district,11656,ucdb-name
chn-tingjiang,11657,ucdb-name
chn-yongning-3,11658,ucdb-name
chn-xiangshan_county,11659,ucdb-name
chn-fuqing,11660,ucdb-name
chn-jinshang,11661,ucdb-name
chn-yuanqiao,11662,ucdb-name
chn-dajing,11663,ucdb-name
chn-yishan,11664,ucdb-name
chn-taizhou-2,11665,ucdb-name
chn-chongwu,11666,ucdb-name
chn-hunan,11667,ucdb-name
chn-qianku,11668,ucdb-name
chn-yanpen,11669,ucdb-name
chn-duqiao,11670,ucdb-name
chn-jiangyin-2,11671,ucdb-name
chn-haikou,11672,ucdb-name
chn-shangpan,11673,ucdb-name
chn-jinxiang-2,11674,ucdb-name
chn-jiangjing,11675,ucdb-name
chn-wenling,11676,ucdb-name
chn-shipu,11677,ucdb-name
chn-damaiyu,11678,ucdb-name
chn-gangtou,11679,ucdb-name
chn-chumen,11680,ucdb-name
chn-xinhe,11681,ucdb-name
chn-yuhuan,11682,ucdb-name
chn-dongtou,11683,ucdb-name
chn-songmen,11684,ucdb-name
chn-shitang,11685,ucdb-name
chn-pingtan,11686,ucdb-name
